+ 0000000025eae25e 262144     fef0120b
  0000000000000000 0          fef017fc
+ 0000000025ed419b 262144     fef017fc
+ 0000000025eec24e 262144     fef017fc
  0000000000000000 0          fef0b525
+ 0000000025f52d59 262144     fef0b525
+ 0000000025f69fa4 262144     fef0b525
  0000000000000000 0          fef0120e
+ 0000000025fa9627 120434     fef0120e
  0000000000000000 0          fef03444
+ 0000000025fc6cdd 262144     fef03444
+ 0000000025fde48c 262144     fef03444
  0000000000000000 0          fef03d68
+ 0000000026029153 56982      fef03d68
  0000000000000000 0          fef01b08
+ 0000000026037029 58966      fef01b08
  0000000000000000 0          fef10fa4
+ 00000000260456c3 262144     fef10fa4
+ 00000000260607fd 262144     fef10fa4
  0000000000000000 0          fef032cd
+ 0000000026094291 4326       fef032cd
  0000000000000000 0          fef034dd
+ 00000000260953bf 262144     fef034dd
+ 00000000260ab3c7 262144     fef034dd
+ 00000000260c34ff 262144     fef034dd
  00000000261476bd 28         fdf0319f.bin
  0000000026147761 28         fdf0120b.bin
  0000000026147805 28         fdf017fc.bin
  00000000261478a9 28         fdf0b525.bin
  000000002614794d 28         fdf0120e.bin
  00000000261479f1 28         fdf04996.bin
  0000000026147a95 147568     fdf03444.bin
  000000002616bb45 49208      fdf03d68.bin
  0000000026177bbd 49208      fdf01b08.bin
  0000000026183c35 761664     fdf10fa4.bin
  000000002623dbb5 932028     fdf05082.bin
  00000000263214b1 49208      fdf032cd.bin
  000000002632d529 2793588    fdf034dd.bin
  00000000265d75dd 4          fcf03444.bin
  00000000265d7681 40         fcf03d68.bin
  00000000265d7725 40         fcf01b08.bin
  00000000265d77c9 40         fcf05082.bin
  00000000265d786d 40         fcf032cd.bin
  00000000265d7911 40         fcf034dd.bin
  0000000000000000 0          163c99d.dat
+ 00000000265d79bd 125462     163c99d.dat
  0000000000000000 0          163c99c.dat
+ 00000000265f6413 124086     163c99c.dat
  0000000000000000 0          163c99b.dat
+ 0000000026614909 127986     163c99b.dat
  0000000000000000 0          163c99a.dat
+ 0000000026633d3b 25492      163c99a.dat
  0000000000000000 0          163c999.dat
+ 000000002663a10f 25906      163c999.dat
  0000000000000000 0          163c998.dat
+ 0000000026640681 25614      163c998.dat
  0000000000000000 0          163c997.dat
+ 0000000026646ad3 262144     163c997.dat
+ 000000002667f080 262144     163c997.dat
  0000000000000000 0          163c996.dat
+ 000000002668d53d 262144     163c996.dat
+ 00000000266c874b 262144     163c996.dat
  0000000000000000 0          163c995.dat
+ 00000000266d4691 256324     163c995.dat
  0000000000000000 0          163c994.dat
+ 0000000026713019 262144     163c994.dat
+ 000000002674b649 262144     163c994.dat
  0000000000000000 0          163c993.dat
+ 0000000026759087 262144     163c993.dat
+ 0000000026794318 262144     163c993.dat
  0000000000000000 0          163c992.dat
+ 000000002679f7df 253768     163c992.dat
  0000000000000000 0          163c991.dat
+ 00000000267dd76b 262144     163c991.dat
+ 0000000026815d99 262144     163c991.dat
  0000000000000000 0          163c990.dat
+ 0000000026823881 262144     163c990.dat
+ 000000002685eb0d 262144     163c990.dat
  0000000000000000 0          163c98f.dat
+ 000000002686a081 253936     163c98f.dat
  0000000000000000 0          fff0ef38
+ 00000000268a80bd 262144     fff0ef38
+ 00000000268cbd3c 262144     fff0ef38
+ 00000000268e2d5f 262144     fff0ef38
+ 0000000026903f24 262144     fff0ef38
  0000000000000000 0          fff0557f
+ 000000002696c739 262144     fff0557f
+ 000000002697ee44 262144     fff0557f
+ 000000002699f483 262144     fff0557f
+ 00000000269c3c90 262144     fff0557f
+ 00000000269f4e07 262144     fff0557f
+ 0000000026a20b33 262144     fff0557f
  0000000000000000 0          fff66cbc
+ 0000000026adc36f 2991       fff66cbc
  0000000000000000 0          fff00d55
+ 0000000026adcf6a 262144     fff00d55
+ 0000000026afa138 262144     fff00d55
+ 0000000026b26541 262144     fff00d55
+ 0000000026b57bb2 262144     fff00d55
  0000000000000000 0          fff0484b
+ 0000000026ba433a 17310      fff0484b
  0000000000000000 0          fff010f8
+ 0000000026ba8718 204596     fff010f8
  0000000000000000 0          fff01276
+ 0000000026bda6a4 262144     fff01276
+ 0000000026be767d 262144     fff01276
+ 0000000026c024cc 262144     fff01276
+ 0000000026c1bb4e 262144     fff01276
+ 0000000026c3f843 262144     fff01276
+ 0000000026c6ec83 262144     fff01276
+ 0000000026c982cd 262144     fff01276
  0000000000000000 0          fff02d08
+ 0000000026d7ace5 121818     fff02d08
  0000000000000000 0          fff01151
+ 0000000026d988ff 1240       fff01151
  0000000000000000 0          fff028b5
+ 0000000026d98e17 128763     fff028b5
  0000000000000000 0          fff0ac53
+ 0000000026db85aa 262144     fff0ac53
+ 0000000026dc6ae8 262144     fff0ac53
+ 0000000026de4cc3 262144     fff0ac53
+ 0000000026e05539 262144     fff0ac53
+ 0000000026e29323 262144     fff0ac53
+ 0000000026e4d70f 262144     fff0ac53
+ 0000000026e71732 262144     fff0ac53
+ 0000000026e93ba1 262144     fff0ac53
+ 0000000026eb48e2 262144     fff0ac53
+ 0000000026ed8baf 262144     fff0ac53
+ 0000000026efef2d 262144     fff0ac53
+ 0000000026f23691 262144     fff0ac53
+ 0000000026f49133 262144     fff0ac53
+ 0000000026f70c1b 262144     fff0ac53
+ 0000000026f94c1d 262144     fff0ac53
+ 0000000026fb83e8 262144     fff0ac53
+ 0000000026fdb793 262144     fff0ac53
+ 0000000026ff8a92 262144     fff0ac53
+ 000000002701960f 262144     fff0ac53
+ 000000002703c7b9 262144     fff0ac53
+ 0000000027060568 262144     fff0ac53
+ 0000000027085d2f 262144     fff0ac53
+ 000000002709fe3a 262144     fff0ac53
  0000000000000000 0          fff0ac50
+ 0000000027371a60 262144     fff0ac50
+ 000000002737ccd2 262144     fff0ac50
+ 000000002739bd15 262144     fff0ac50
+ 00000000273b3ba4 262144     fff0ac50
+ 00000000273c27c8 262144     fff0ac50
+ 00000000273cd01c 262144     fff0ac50
+ 00000000273db560 262144     fff0ac50
+ 00000000273e5936 262144     fff0ac50
+ 00000000273f0463 262144     fff0ac50
+ 00000000274057c6 262144     fff0ac50
+ 000000002741952e 262144     fff0ac50
+ 00000000274364dd 262144     fff0ac50
+ 000000002745b20c 262144     fff0ac50
+ 0000000027483167 262144     fff0ac50
+ 00000000274a4e02 262144     fff0ac50
+ 00000000274cc516 262144     fff0ac50
+ 00000000274fd084 262144     fff0ac50
+ 000000002752dcf5 262144     fff0ac50
+ 000000002755ea35 262144     fff0ac50
+ 0000000027585039 262144     fff0ac50
+ 00000000275b5a9f 262144     fff0ac50
  0000000000000000 0          fef0ef38
+ 000000002788218f 262144     fef0ef38
+ 000000002789a5f1 262144     fef0ef38
  0000000000000000 0          fef0557f
+ 00000000278ce5e9 262144     fef0557f
+ 00000000278ed847 262144     fef0557f
  0000000000000000 0          fef00d55
+ 000000002792d9d3 262144     fef00d55
+ 0000000027947d5e 262144     fef00d55
  0000000000000000 0          fef010f8
+ 00000000279a373d 75394      fef010f8
  0000000000000000 0          fef01276
+ 00000000279b5e07 262144     fef01276
+ 00000000279cd89d 262144     fef01276
+ 00000000279efc5b 262144     fef01276
  0000000000000000 0          fef02d08
+ 0000000027a52501 12630      fef02d08
  0000000000000000 0          fef0ac53
+ 0000000027a556a7 262144     fef0ac53
+ 0000000027a68441 262144     fef0ac53
+ 0000000027a801c2 262144     fef0ac53
+ 0000000027a9a75a 262144     fef0ac53
+ 0000000027ab2771 262144     fef0ac53
  0000000000000000 0          fef0ac50
+ 0000000027b955a5 262144     fef0ac50
+ 0000000027bb212c 262144     fef0ac50
+ 0000000027bc9d30 262144     fef0ac50
+ 0000000027bdbd30 262144     fef0ac50
  0000000027c8efab 832124     fdf0ef38.bin
  0000000027d5a267 49220      fdf0557f.bin
  0000000027d662eb 28         fdf66cbc.bin
  0000000027d6638f 49220      fdf00d55.bin
  0000000027d72413 5320       fdf0484b.bin
  0000000027d7391b 350676     fdf010f8.bin
  0000000027dc932f 147568     fdf01276.bin
  0000000027ded3df 49208      fdf02d08.bin
  0000000027df9457 28         fdf01151.bin
  0000000027df94fb 1760332    fdf028b5.bin
  0000000027fa7187 236152     fdf0ac53.bin
  0000000027fe0c3f 2227760    fdf0ac50.bin
  0000000028200aaf 40         fcf0557f.bin
  0000000028200b53 40         fcf00d55.bin
  0000000028200bf7 40         fcf010f8.bin
  0000000028200c9b 4          fcf01276.bin
  0000000028200d3f 40         fcf028b5.bin
  0000000028200de3 40         fcf0ac50.bin
  0000000000000000 0          163c98e.dat
+ 0000000028200e8f 214256     163c98e.dat
  0000000000000000 0          163c98d.dat
+ 00000000282353bf 212044     163c98d.dat
  0000000000000000 0          163c98c.dat
+ 000000002826904b 217850     163c98c.dat
  0000000000000000 0          163c98b.dat
+ 000000002829e385 14944      163c98b.dat
  0000000000000000 0          163c98a.dat
+ 00000000282a1e25 15450      163c98a.dat
  0000000000000000 0          163c989.dat
+ 00000000282a5abf 14952      163c989.dat
  0000000000000000 0          163c988.dat
+ 00000000282a9567 13852      163c988.dat
  0000000000000000 0          163c987.dat
+ 00000000282acbc3 14470      163c987.dat
  0000000000000000 0          163c986.dat
+ 00000000282b0489 13860      163c986.dat
  0000000000000000 0          163c985.dat
+ 00000000282b3aed 22330      163c985.dat
  0000000000000000 0          163c984.dat
+ 00000000282b9267 23192      163c984.dat
  0000000000000000 0          163c983.dat
+ 00000000282bed3f 22450      163c983.dat
  0000000000000000 0          163c982.dat
+ 00000000282c4531 14320      163c982.dat
  0000000000000000 0          163c981.dat
+ 00000000282c7d61 14938      163c981.dat
  0000000000000000 0          163c980.dat
+ 00000000282cb7fb 14328      163c980.dat
  0000000000000000 0          fff0202d
+ 00000000282cf03b 262144     fff0202d
+ 00000000282ebb9d 262144     fff0202d
+ 00000000282feab3 262144     fff0202d
  0000000000000000 0          fff676f1
+ 00000000283839b7 9662       fff676f1
  0000000000000000 0          fff006c8
+ 0000000028385fc1 262144     fff006c8
+ 000000002839c376 262144     fff006c8
+ 00000000283acff8 262144     fff006c8
+ 00000000283ca7e5 262144     fff006c8
  0000000000000000 0          fff02ab1
+ 0000000028474abf 196314     fff02ab1
  0000000000000000 0          fff02722
+ 00000000284a49d9 142687     fff02722
  0000000000000000 0          fff0096a
+ 00000000284c7784 262144     fff0096a
+ 00000000284d9191 262144     fff0096a
+ 000000002850416d 262144     fff0096a
+ 0000000028530c10 262144     fff0096a
  0000000000000000 0          fff086e6
+ 00000000285b0486 262144     fff086e6
+ 00000000285cf9b1 262144     fff086e6
+ 00000000285fc7da 262144     fff086e6
  0000000000000000 0          fff03556
+ 0000000028654274 262144     fff03556
+ 000000002866173d 262144     fff03556
+ 000000002867b24c 262144     fff03556
+ 0000000028697c27 262144     fff03556
+ 00000000286c38f6 262144     fff03556
+ 00000000286f08ff 262144     fff03556
  0000000000000000 0          fff02c55
+ 00000000287abbea 262144     fff02c55
+ 00000000287cf796 262144     fff02c55
  0000000000000000 0          fff02c13
+ 0000000028805aa0 262144     fff02c13
+ 000000002881499e 262144     fff02c13
+ 000000002882b19a 262144     fff02c13
+ 000000002884e5e7 262144     fff02c13
+ 000000002886e76f 262144     fff02c13
+ 0000000028893ac6 262144     fff02c13
+ 00000000288b8629 262144     fff02c13
+ 00000000288dc5d4 262144     fff02c13
+ 0000000028901f54 262144     fff02c13
+ 0000000028929799 262144     fff02c13
+ 000000002894c98d 262144     fff02c13
+ 000000002896f394 262144     fff02c13
+ 0000000028997470 262144     fff02c13
+ 00000000289bb265 262144     fff02c13
+ 00000000289de814 262144     fff02c13
+ 0000000028a01705 262144     fff02c13
+ 0000000028a23275 262144     fff02c13
+ 0000000028a45a2b 262144     fff02c13
+ 0000000028a6cfac 262144     fff02c13
+ 0000000028a8f4bf 262144     fff02c13
+ 0000000028ab3020 262144     fff02c13
+ 0000000028ad6bf2 262144     fff02c13
+ 0000000028afd88a 262144     fff02c13
+ 0000000028b21a7f 262144     fff02c13
+ 0000000028b42129 262144     fff02c13
+ 0000000028b69b1a 262144     fff02c13
+ 0000000028b892ce 262144     fff02c13
+ 0000000028b9082d 262144     fff02c13
  0000000000000000 0          fff02295
+ 0000000028ed9dfe 66995      fff02295
  0000000000000000 0          fff00ec6
+ 0000000028eea449 262144     fff00ec6
+ 0000000028ef7077 262144     fff00ec6
+ 0000000028f0d3dd 262144     fff00ec6
+ 0000000028f2951b 262144     fff00ec6
+ 0000000028f4d7e9 262144     fff00ec6
+ 0000000028f68b92 262144     fff00ec6
+ 0000000028f7b892 262144     fff00ec6
+ 0000000028f893f0 262144     fff00ec6
+ 0000000028f93eb9 262144     fff00ec6
+ 0000000028fa01b7 262144     fff00ec6
+ 0000000028fb0f48 262144     fff00ec6
+ 0000000028fb84c4 262144     fff00ec6
+ 0000000028fd477f 262144     fff00ec6
+ 0000000028ff00e5 262144     fff00ec6
+ 0000000029017ad8 262144     fff00ec6
+ 000000002903d668 262144     fff00ec6
+ 000000002905e624 262144     fff00ec6
+ 000000002908caea 262144     fff00ec6
+ 00000000290b353f 262144     fff00ec6
+ 00000000290e1943 262144     fff00ec6
+ 0000000029110dbc 262144     fff00ec6
+ 0000000029141280 262144     fff00ec6
+ 00000000291703de 262144     fff00ec6
  0000000000000000 0          fef0202d
+ 000000002948455e 262144     fef0202d
+ 000000002949e96c 262144     fef0202d
  0000000000000000 0          fef006c8
+ 00000000294e60e8 117802     fef006c8
  0000000000000000 0          fef02ab1
+ 0000000029502d52 132526     fef02ab1
  0000000000000000 0          fef02722
+ 0000000029523340 74334      fef02722
  0000000000000000 0          fef0096a
+ 00000000295355e2 262144     fef0096a
+ 000000002954f563 262144     fef0096a
  0000000000000000 0          fef086e6
+ 000000002957cf28 261454     fef086e6
  0000000000000000 0          fef03556
+ 00000000295bccba 262144     fef03556
+ 00000000295d4469 262144     fef03556
  0000000000000000 0          fef02c55
+ 000000002961c5d8 89446      fef02c55
  0000000000000000 0          fef02c13
+ 000000002963239a 262144     fef02c13
+ 000000002964ce06 262144     fef02c13
+ 0000000029660e8e 262144     fef02c13
+ 0000000029679d54 262144     fef02c13
+ 00000000296954ab 262144     fef02c13
+ 00000000296b60c1 262144     fef02c13
+ 00000000296d197c 262144     fef02c13
+ 00000000296e7f72 262144     fef02c13
  0000000000000000 0          fef00ec6
+ 000000002981a4d4 262144     fef00ec6
+ 00000000298365ee 262144     fef00ec6
+ 000000002984dc09 262144     fef00ec6
+ 000000002986756d 262144     fef00ec6
+ 000000002988719b 262144     fef00ec6
  0000000029940dba 734620     fdf0202d.bin
  00000000299f4396 28         fdf676f1.bin
  00000000299f443a 73812      fdf006c8.bin
  0000000029a064ce 49208      fdf02ab1.bin
  0000000029a12546 49208      fdf02722.bin
  0000000029a1e5be 49208      fdf0096a.bin
  0000000029a2a636 98388      fdf086e6.bin
  0000000029a426ca 147568     fdf03556.bin
  0000000029a6677a 98388      fdf02c55.bin
  0000000029a7e80e 28         fdf02c13.bin
  0000000029a7e8b2 596828     fdf02295.bin
  0000000029b1044e 3069468    fdf00ec6.bin
  0000000029dfdaaa 40         fcf0202d.bin
  0000000029dfdb4e 40         fcf006c8.bin
  0000000029dfdbf2 40         fcf02ab1.bin
  0000000029dfdc96 4          fcf03556.bin
  0000000029dfdd3a 40         fcf02c55.bin
  0000000029dfddde 40         fcf02295.bin
  0000000029dfde82 40         fcf00ec6.bin
  0000000000000000 0          163c97f.dat
+ 0000000029dfdf2e 215396     163c97f.dat
  0000000000000000 0          163c97e.dat
+ 0000000029e328d2 212578     163c97e.dat
  0000000000000000 0          163c97d.dat
+ 0000000029e66774 218450     163c97d.dat
  0000000000000000 0          163c97c.dat
+ 0000000029e9bd06 25492      163c97c.dat
  0000000000000000 0          163c97b.dat
+ 0000000029ea20da 25906      163c97b.dat
  0000000000000000 0          163c97a.dat
+ 0000000029ea864c 25614      163c97a.dat
  0000000000000000 0          163c979.dat
+ 0000000029eaea9a 25492      163c979.dat
  0000000000000000 0          163c978.dat
+ 0000000029eb4e6e 25906      163c978.dat
  0000000000000000 0          163c977.dat
+ 0000000029ebb3e0 25614      163c977.dat
  0000000000000000 0          163c976.dat
+ 0000000029ec182e 25492      163c976.dat
  0000000000000000 0          163c975.dat
+ 0000000029ec7c02 25906      163c975.dat
  0000000000000000 0          163c974.dat
+ 0000000029ece174 25614      163c974.dat
  0000000000000000 0          163c973.dat
+ 0000000029ed45c2 4986       163c973.dat
  0000000000000000 0          163c972.dat
+ 0000000029ed597c 4988       163c972.dat
  0000000000000000 0          163c971.dat
+ 0000000029ed6d38 5288       163c971.dat
  0000000000000000 0          163c970.dat
+ 0000000029ed8220 3022       163c970.dat
  0000000000000000 0          163c96f.dat
+ 0000000029ed8e2e 3022       163c96f.dat
  0000000000000000 0          163c96e.dat
+ 0000000029ed9a3c 3076       163c96e.dat
  0000000000000000 0          fff10b06
+ 0000000029eda688 262144     fff10b06
+ 0000000029efa68f 262144     fff10b06
+ 0000000029f10bdb 262144     fff10b06
  0000000000000000 0          fff013d6
+ 0000000029f61eec 262144     fff013d6
+ 0000000029f7efae 262144     fff013d6
+ 0000000029fafb7a 262144     fff013d6
+ 0000000029fdca3d 262144     fff013d6
  0000000000000000 0          fff013ea
+ 000000002a04b181 262144     fff013ea
+ 000000002a06a312 262144     fff013ea
+ 000000002a097fda 262144     fff013ea
  0000000000000000 0          fff01ec0
+ 000000002a102a5c 255422     fff01ec0
  0000000000000000 0          fff025ca
+ 000000002a14105a 18002      fff025ca
  0000000000000000 0          fff00507
+ 000000002a1456ec 14710      fff00507
  0000000000000000 0          fff033d3
+ 000000002a1490ba 262144     fff033d3
+ 000000002a1555f9 262144     fff033d3
+ 000000002a17108e 262144     fff033d3
+ 000000002a18c245 262144     fff033d3
+ 000000002a1b321c 262144     fff033d3
+ 000000002a1de775 262144     fff033d3
+ 000000002a20bb8b 262144     fff033d3
  0000000000000000 0          fff024ef
+ 000000002a2dd60b 122457     fff024ef
  0000000000000000 0          fff0a81b
+ 000000002a2fb538 262144     fff0a81b
+ 000000002a30b33b 262144     fff0a81b
+ 000000002a31e781 262144     fff0a81b
+ 000000002a3448d0 262144     fff0a81b
+ 000000002a3692a3 262144     fff0a81b
+ 000000002a38d94e 262144     fff0a81b
+ 000000002a3b3934 262144     fff0a81b
+ 000000002a3d974f 262144     fff0a81b
+ 000000002a3fd8e1 262144     fff0a81b
+ 000000002a4215e4 262144     fff0a81b
+ 000000002a4438e1 262144     fff0a81b
+ 000000002a468f05 262144     fff0a81b
+ 000000002a48a33a 262144     fff0a81b
+ 000000002a4ae049 262144     fff0a81b
+ 000000002a4d0c41 262144     fff0a81b
+ 000000002a4f1d50 262144     fff0a81b
+ 000000002a51417e 262144     fff0a81b
+ 000000002a53577f 262144     fff0a81b
+ 000000002a559489 262144     fff0a81b
+ 000000002a57e0ba 262144     fff0a81b
+ 000000002a5a30bd 262144     fff0a81b
+ 000000002a5c67ad 262144     fff0a81b
+ 000000002a5eb69e 262144     fff0a81b
+ 000000002a60ee20 262144     fff0a81b
+ 000000002a6323d9 262144     fff0a81b
+ 000000002a6566a9 262144     fff0a81b
+ 000000002a67a70a 262144     fff0a81b
+ 000000002a69d4b6 262144     fff0a81b
+ 000000002a6bdfe2 262144     fff0a81b
+ 000000002a6e2692 262144     fff0a81b
+ 000000002a7090ce 262144     fff0a81b
+ 000000002a72cefe 262144     fff0a81b
+ 000000002a750285 262144     fff0a81b
+ 000000002a77511e 262144     fff0a81b
+ 000000002a79a5e1 262144     fff0a81b
+ 000000002a7bf5e6 262144     fff0a81b
+ 000000002a7e3b11 262144     fff0a81b
+ 000000002a7fcc96 262144     fff0a81b
  0000000000000000 0          fff02e9d
+ 000000002ac6f1c1 262144     fff02e9d
+ 000000002ac7c335 262144     fff02e9d
+ 000000002ac94f75 262144     fff02e9d
+ 000000002acb4bf3 262144     fff02e9d
+ 000000002acc7712 262144     fff02e9d
+ 000000002acd9c13 262144     fff02e9d
+ 000000002ace6b73 262144     fff02e9d
+ 000000002acf29e2 262144     fff02e9d
+ 000000002ad05cdb 262144     fff02e9d
+ 000000002ad2193a 262144     fff02e9d
+ 000000002ad48ca6 262144     fff02e9d
+ 000000002ad6a349 262144     fff02e9d
+ 000000002ad94e56 262144     fff02e9d
+ 000000002adc6a2d 262144     fff02e9d
+ 000000002adf5fca 262144     fff02e9d
+ 000000002ae24f40 262144     fff02e9d
  0000000000000000 0          fef10b06
+ 000000002b06cc9f 247698     fef10b06
  0000000000000000 0          fef013d6
+ 000000002b0a9475 262144     fef013d6
+ 000000002b0d23f1 262144     fef013d6
  0000000000000000 0          fef013ea
+ 000000002b11c1ab 262144     fef013ea
+ 000000002b136dab 262144     fef013ea
  0000000000000000 0          fef01ec0
+ 000000002b15f4fd 40030      fef01ec0
  0000000000000000 0          fef033d3
+ 000000002b1691a3 262144     fef033d3
+ 000000002b180c7e 262144     fef033d3
+ 000000002b1a5a24 262144     fef033d3
  0000000000000000 0          fef0a81b
+ 000000002b1fabf9 262144     fef0a81b
+ 000000002b214dd5 262144     fef0a81b
+ 000000002b2387d5 262144     fef0a81b
+ 000000002b24f479 262144     fef0a81b
+ 000000002b26a5ff 262144     fef0a81b
  0000000000000000 0          fef02e9d
+ 000000002b2fd093 262144     fef02e9d
+ 000000002b31360b 262144     fef02e9d
+ 000000002b32c24e 262144     fef02e9d
+ 000000002b341fd2 262144     fef02e9d
+ 000000002b35cd30 262144     fef02e9d
+ 000000002b38bec9 262144     fef02e9d
  000000002b43e8d9 744288     fdf10b06.bin
  000000002b4f4479 49208      fdf013d6.bin
  000000002b5004f1 49208      fdf013ea.bin
  000000002b50c569 49208      fdf01ec0.bin
  000000002b5185e1 28         fdf025ca.bin
  000000002b518685 28         fdf00507.bin
  000000002b518729 172172     fdf033d3.bin
  000000002b5427f5 990192     fdf024ef.bin
  000000002b634425 28         fdf0a81b.bin
  000000002b6344c9 2733968    fdf02e9d.bin
  000000002b8cfc99 40         fcf013d6.bin
  000000002b8cfd3d 40         fcf013ea.bin
  000000002b8cfde1 40         fcf033d3.bin
  000000002b8cfe85 40         fcf024ef.bin
  000000002b8cff29 40         fcf02e9d.bin
  0000000000000000 0          163c96d.dat
+ 000000002b8cffd5 78884      163c96d.dat
  0000000000000000 0          163c96c.dat
+ 000000002b8e3439 79048      163c96c.dat
  0000000000000000 0          163c96b.dat
+ 000000002b8f6941 81166      163c96b.dat
  0000000000000000 0          163c96a.dat
+ 000000002b90a68f 32248      163c96a.dat
  0000000000000000 0          163c969.dat
+ 000000002b9124c7 32386      163c969.dat
  0000000000000000 0          163c968.dat
+ 000000002b91a389 32028      163c968.dat
  0000000000000000 0          163c967.dat
+ 000000002b9220e5 2394       163c967.dat
  0000000000000000 0          163c966.dat
+ 000000002b922a7f 2356       163c966.dat
  0000000000000000 0          163c965.dat
+ 000000002b9233f3 2444       163c965.dat
  0000000000000000 0          163c964.dat
+ 000000002b923dbf 9148       163c964.dat
  0000000000000000 0          163c963.dat
+ 000000002b9261bb 9392       163c963.dat
  0000000000000000 0          163c962.dat
+ 000000002b9286ab 9260       163c962.dat
  0000000000000000 0          163c961.dat
+ 000000002b92ab17 13852      163c961.dat
  0000000000000000 0          163c960.dat
+ 000000002b92e173 14470      163c960.dat
  0000000000000000 0          163c95f.dat
+ 000000002b931a39 13860      163c95f.dat
  0000000000000000 0          fff02028
+ 000000002b93509d 233576     fff02028
  0000000000000000 0          fff03385
+ 000000002b96e15d 262144     fff03385
+ 000000002b97ad6e 262144     fff03385
+ 000000002b994bb8 262144     fff03385
+ 000000002b9b1554 262144     fff03385
+ 000000002b9da43f 262144     fff03385
+ 000000002ba0438a 262144     fff03385
+ 000000002ba34ecc 262144     fff03385
  0000000000000000 0          fff01e94
+ 000000002baf86ba 27840      fff01e94
  0000000000000000 0          fff0175a
+ 000000002baff3ba 13131      fff0175a
  0000000000000000 0          fff015d7
+ 000000002bb02749 262144     fff015d7
+ 000000002bb296e5 262144     fff015d7
  0000000000000000 0          fff0360f
+ 000000002bb5529e 209093     fff0360f
  0000000000000000 0          fff02781
+ 000000002bb883a3 164637     fff02781
  0000000000000000 0          fff02911
+ 000000002bbb0700 260000     fff02911
  0000000000000000 0          fff01252
+ 000000002bbefee0 129114     fff01252
  0000000000000000 0          fff0078e
+ 000000002bc0f796 262144     fff0078e
+ 000000002bc1d79e 262144     fff0078e
+ 000000002bc3a4a5 262144     fff0078e
+ 000000002bc5d48a 262144     fff0078e
+ 000000002bc7edf5 262144     fff0078e
+ 000000002bca2ffd 262144     fff0078e
+ 000000002bcbacef 262144     fff0078e
+ 000000002bcdcb1a 262144     fff0078e
  0000000000000000 0          fff00789
+ 000000002bdf603a 262144     fff00789
+ 000000002be05c87 262144     fff00789
+ 000000002be2568e 262144     fff00789
+ 000000002be494c8 262144     fff00789
+ 000000002be6b856 262144     fff00789
+ 000000002be8fded 262144     fff00789
+ 000000002beb2c25 262144     fff00789
+ 000000002bed76c9 262144     fff00789
+ 000000002bef97a7 262144     fff00789
  0000000000000000 0          fff0ade4
+ 000000002c026387 262144     fff0ade4
+ 000000002c034c0f 262144     fff0ade4
+ 000000002c058f71 262144     fff0ade4
+ 000000002c0786c8 262144     fff0ade4
+ 000000002c09dc07 262144     fff0ade4
+ 000000002c0c0d66 262144     fff0ade4
+ 000000002c0e14a7 262144     fff0ade4
+ 000000002c102fd8 262144     fff0ade4
+ 000000002c12a6ed 262144     fff0ade4
+ 000000002c14ee75 262144     fff0ade4
+ 000000002c175a3c 262144     fff0ade4
+ 000000002c19f746 262144     fff0ade4
+ 000000002c1ba659 262144     fff0ade4
+ 000000002c1c245b 262144     fff0ade4
  0000000000000000 0          fff026ad
+ 000000002c3682cb 262144     fff026ad
+ 000000002c3749da 262144     fff026ad
+ 000000002c384e32 262144     fff026ad
+ 000000002c3a37ea 262144     fff026ad
+ 000000002c3bdcaa 262144     fff026ad
+ 000000002c3cf488 262144     fff026ad
+ 000000002c3e6e12 262144     fff026ad
+ 000000002c3f3ca3 262144     fff026ad
+ 000000002c404268 262144     fff026ad
+ 000000002c40b3b2 262144     fff026ad
+ 000000002c422828 262144     fff026ad
+ 000000002c43aa95 262144     fff026ad
+ 000000002c448dc6 262144     fff026ad
+ 000000002c46f18d 262144     fff026ad
+ 000000002c48fb2f 262144     fff026ad
+ 000000002c4b13fc 262144     fff026ad
+ 000000002c4d82a9 262144     fff026ad
+ 000000002c506056 262144     fff026ad
+ 000000002c5367e3 262144     fff026ad
+ 000000002c55c3c4 262144     fff026ad
+ 000000002c589642 262144     fff026ad
  0000000000000000 0          fef02028
+ 000000002c86aad8 229998     fef02028
  0000000000000000 0          fef03385
+ 000000002c8a2d8a 262144     fef03385
+ 000000002c8ba804 262144     fef03385
  0000000000000000 0          fef015d7
+ 000000002c90dafc 66450      fef015d7
  0000000000000000 0          fef0360f
+ 000000002c91dece 56982      fef0360f
  0000000000000000 0          fef02781
+ 000000002c92bda4 4326       fef02781
  0000000000000000 0          fef02911
+ 000000002c92ceca 49530      fef02911
  0000000000000000 0          fef0078e
+ 000000002c939088 262144     fef0078e
+ 000000002c952da9 262144     fef0078e
  0000000000000000 0          fef00789
+ 000000002c99126e 262144     fef00789
+ 000000002c9a9a4f 262144     fef00789
+ 000000002c9bf565 262144     fef00789
  0000000000000000 0          fef0ade4
+ 000000002ca16f18 262144     fef0ade4
+ 000000002ca2c8d4 262144     fef0ade4
+ 000000002ca47f6c 262144     fef0ade4
+ 000000002ca635d8 262144     fef0ade4
+ 000000002ca8026a 262144     fef0ade4
  0000000000000000 0          fef026ad
+ 000000002cb2ace6 262144     fef026ad
+ 000000002cb46f04 262144     fef026ad
+ 000000002cb5fe82 262144     fef026ad
+ 000000002cb746ca 262144     fef026ad
  000000002cbfafdc 202344     fdf02028.bin
  000000002cc2c684 147568     fdf03385.bin
  000000002cc50734 49208      fdf01e94.bin
  000000002cc5c7ac 28         fdf0175a.bin
  000000002cc5c850 49208      fdf015d7.bin
  000000002cc688c8 28         fdf0360f.bin
  000000002cc6896c 49208      fdf02781.bin
  000000002cc749e4 56         fdf02911.bin
  000000002cc74a88 971932     fdf01252.bin
  000000002cd61f64 28         fdf0078e.bin
  000000002cd62008 28         fdf00789.bin
  000000002cd620ac 28         fdf0ade4.bin
  000000002cd62150 2656700    fdf026ad.bin
  000000002cfeab4c 4          fcf03385.bin
  000000002cfeabf0 40         fcf01e94.bin
  000000002cfeac94 40         fcf015d7.bin
  000000002cfead38 40         fcf0360f.bin
  000000002cfeaddc 40         fcf02781.bin
  000000002cfeae80 40         fcf01252.bin
  000000002cfeaf24 40         fcf026ad.bin
  0000000000000000 0          163c95e.dat
+ 000000002cfeafd0 214964     163c95e.dat
  0000000000000000 0          163c95d.dat
+ 000000002d01f7c4 213006     163c95d.dat
  0000000000000000 0          163c95c.dat
+ 000000002d053812 218266     163c95c.dat
  0000000000000000 0          163c95b.dat
+ 000000002d088cf0 262144     163c95b.dat
+ 000000002d0c062c 262144     163c95b.dat
  0000000000000000 0          163c95a.dat
+ 000000002d0d0b10 262144     163c95a.dat
+ 000000002d10b0ec 262144     163c95a.dat
  0000000000000000 0          163c959.dat
+ 000000002d118ffc 261402     163c959.dat
  0000000000000000 0          163c958.dat
+ 000000002d158d56 25492      163c958.dat
  0000000000000000 0          163c957.dat
+ 000000002d15f12a 25906      163c957.dat
  0000000000000000 0          163c956.dat
+ 000000002d16569c 25614      163c956.dat
  0000000000000000 0          163c955.dat
+ 000000002d16baee 262144     163c955.dat
+ 000000002d1a411c 262144     163c955.dat
  0000000000000000 0          163c954.dat
+ 000000002d1b1c04 262144     163c954.dat
+ 000000002d1ece90 262144     163c954.dat
  0000000000000000 0          163c953.dat
+ 000000002d1f8404 253936     163c953.dat
  0000000000000000 0          163c952.dat
+ 000000002d236438 262144     163c952.dat
+ 000000002d26ea68 262144     163c952.dat
  0000000000000000 0          163c951.dat
+ 000000002d27c4a6 262144     163c951.dat
+ 000000002d2b7737 262144     163c951.dat
  0000000000000000 0          163c950.dat
+ 000000002d2c2bfe 253768     163c950.dat
  0000000000000000 0          163c94f.dat
+ 000000002d300b8a 262144     163c94f.dat
+ 000000002d3391ba 262144     163c94f.dat
  0000000000000000 0          163c94e.dat
+ 000000002d346bf8 262144     163c94e.dat
+ 000000002d381e89 262144     163c94e.dat
  0000000000000000 0          163c94d.dat
+ 000000002d38d350 253768     163c94d.dat
  0000000000000000 0          fff02023
+ 000000002d3cb2dc 262144     fff02023
+ 000000002d3e1c89 262144     fff02023
  0000000000000000 0          fff02a5e
+ 000000002d41cdf4 186475     fff02a5e
  0000000000000000 0          fff01e5d
+ 000000002d44a69f 154723     fff01e5d
  0000000000000000 0          fff03339
+ 000000002d47035a 262144     fff03339
+ 000000002d47d303 262144     fff03339
+ 000000002d496f34 262144     fff03339
+ 000000002d4b3b4f 262144     fff03339
+ 000000002d4dd4f2 262144     fff03339
+ 000000002d5077f6 262144     fff03339
+ 000000002d537209 262144     fff03339
  0000000000000000 0          fff01880
+ 000000002d5f2df5 262144     fff01880
+ 000000002d61006b 262144     fff01880
+ 000000002d63e8de 262144     fff01880
+ 000000002d66d2b4 262144     fff01880
  0000000000000000 0          fff01a9e
+ 000000002d6c4d26 262144     fff01a9e
+ 000000002d6e985f 262144     fff01a9e
+ 000000002d716062 262144     fff01a9e
  0000000000000000 0          fff06058
+ 000000002d762572 262144     fff06058
+ 000000002d76ee8a 262144     fff06058
+ 000000002d795584 262144     fff06058
+ 000000002d7bad3d 262144     fff06058
+ 000000002d7e0e18 262144     fff06058
+ 000000002d805fb8 262144     fff06058
+ 000000002d82bb6b 262144     fff06058
+ 000000002d8520fa 262144     fff06058
+ 000000002d87ca5a 262144     fff06058
+ 000000002d8a7923 262144     fff06058
+ 000000002d8cd28e 262144     fff06058
+ 000000002d8f31ba 262144     fff06058
+ 000000002d919398 262144     fff06058
+ 000000002d941fc7 262144     fff06058
+ 000000002d9694fb 262144     fff06058
+ 000000002d98f5c3 262144     fff06058
+ 000000002d9b1cd4 262144     fff06058
+ 000000002d9cc226 262144     fff06058
  0000000000000000 0          fff01394
+ 000000002dba7a3d 138266     fff01394
  0000000000000000 0          fff015c3
+ 000000002dbc96df 262144     fff015c3
+ 000000002dbd70f3 262144     fff015c3
+ 000000002dbea4d8 262144     fff015c3
+ 000000002dc07e8d 262144     fff015c3
+ 000000002dc16c6b 262144     fff015c3
+ 000000002dc24a27 262144     fff015c3
+ 000000002dc36bb3 262144     fff015c3
+ 000000002dc3dcad 262144     fff015c3
+ 000000002dc4b740 262144     fff015c3
+ 000000002dc629cc 262144     fff015c3
+ 000000002dc8ed2d 262144     fff015c3
+ 000000002dcb3ec0 262144     fff015c3
+ 000000002dcdb427 262144     fff015c3
+ 000000002dcf9a88 262144     fff015c3
+ 000000002dd17012 262144     fff015c3
+ 000000002dd46d30 262144     fff015c3
+ 000000002dd7179f 262144     fff015c3
+ 000000002dda1e09 262144     fff015c3
+ 000000002ddc53e6 262144     fff015c3
  0000000000000000 0          fef02023
+ 000000002e050b82 231898     fef02023
  0000000000000000 0          fef02a5e
+ 000000002e08959c 28902      fef02a5e
  0000000000000000 0          fef01e5d
+ 000000002e0906c2 38622      fef01e5d
  0000000000000000 0          fef03339
+ 000000002e099de4 262144     fef03339
+ 000000002e0b29b5 262144     fef03339
  0000000000000000 0          fef01880
+ 000000002e10481e 262144     fef01880
+ 000000002e11f811 262144     fef01880
  0000000000000000 0          fef01a9e
+ 000000002e14d69c 261454     fef01a9e
  0000000000000000 0          fef06058
+ 000000002e18d436 262144     fef06058
+ 000000002e1a2d03 262144     fef06058
+ 000000002e1c458d 262144     fef06058
+ 000000002e1da028 262144     fef06058
  0000000000000000 0          fef015c3
+ 000000002e268e34 262144     fef015c3
+ 000000002e27d894 262144     fef015c3
+ 000000002e29eacc 262144     fef015c3
+ 000000002e2b4d99 262144     fef015c3
  000000002e32d2ca 253112     fdf02023.bin
  000000002e36afc2 49208      fdf02a5e.bin
  000000002e37703a 56         fdf01e5d.bin
  000000002e3770de 196748     fdf03339.bin
  000000002e3a71aa 49208      fdf01880.bin
  000000002e3b3222 28         fdf01a9e.bin
  000000002e3b32c6 29712      fdf06058.bin
  000000002e3ba716 1901172    fdf01394.bin
  000000002e58a9ca 2143048    fdf015c3.bin
  000000002e795d52 40         fcf02023.bin
  000000002e795df6 40         fcf02a5e.bin
  000000002e795e9a 40         fcf01e5d.bin
  000000002e795f3e 40         fcf03339.bin
  000000002e795fe2 40         fcf01880.bin
  000000002e796086 40         fcf01394.bin
  000000002e79612a 40         fcf015c3.bin
  0000000000000000 0          163c94c.dat
+ 000000002e7961d6 186668     163c94c.dat
  0000000000000000 0          163c94b.dat
+ 000000002e7c3b42 183810     163c94b.dat
  0000000000000000 0          163c94a.dat
+ 000000002e7f0984 189510     163c94a.dat
  0000000000000000 0          163c949.dat
+ 000000002e81ee0a 26404      163c949.dat
  0000000000000000 0          163c948.dat
+ 000000002e82556e 26706      163c948.dat
  0000000000000000 0          163c947.dat
+ 000000002e82be00 26526      163c947.dat
  0000000000000000 0          163c946.dat
+ 000000002e8325de 2950       163c946.dat
  0000000000000000 0          163c945.dat
+ 000000002e8331a4 3010       163c945.dat
  0000000000000000 0          163c944.dat
+ 000000002e833da6 3046       163c944.dat
  0000000000000000 0          163c943.dat
+ 000000002e8349cc 1560       163c943.dat
  0000000000000000 0          163c942.dat
+ 000000002e835024 1538       163c942.dat
  0000000000000000 0          163c941.dat
+ 000000002e835666 1538       163c941.dat
  0000000000000000 0          163c940.dat
+ 000000002e835ca8 1672       163c940.dat
  0000000000000000 0          163c93f.dat
+ 000000002e836370 1680       163c93f.dat
  0000000000000000 0          163c93e.dat
+ 000000002e836a40 1684       163c93e.dat
  0000000000000000 0          163c93d.dat
+ 000000002e837114 2020       163c93d.dat
  0000000000000000 0          163c93c.dat
+ 000000002e837938 2012       163c93c.dat
  0000000000000000 0          163c93b.dat
+ 000000002e838154 2062       163c93b.dat
  0000000000000000 0          163c93a.dat
+ 000000002e8389a2 3022       163c93a.dat
  0000000000000000 0          163c939.dat
+ 000000002e8395b0 3022       163c939.dat
  0000000000000000 0          163c938.dat
+ 000000002e83a1be 3076       163c938.dat
  0000000000000000 0          fff02111
+ 000000002e83ae12 262144     fff02111
+ 000000002e85ee5c 262144     fff02111
+ 000000002e86e81e 262144     fff02111
+ 000000002e88c9fd 262144     fff02111
+ 000000002e8b1a3a 262144     fff02111
  0000000000000000 0          fff66f56
+ 000000002e960971 262144     fff66f56
+ 000000002e97c03c 262144     fff66f56
+ 000000002e9a8330 262144     fff66f56
+ 000000002e9d985f 262144     fff66f56
  0000000000000000 0          fff66f59
+ 000000002ea284e9 16713      fff66f59
  0000000000000000 0          fff060c5
+ 000000002ea2c6be 262144     fff060c5
+ 000000002ea45bf1 262144     fff060c5
+ 000000002ea6f047 262144     fff060c5
+ 000000002ea99583 262144     fff060c5
+ 000000002eac564e 262144     fff060c5
+ 000000002eaf0ed2 262144     fff060c5
+ 000000002eb1da9e 262144     fff060c5
+ 000000002eb47f12 262144     fff060c5
+ 000000002eb6fe6d 262144     fff060c5
+ 000000002eb98389 262144     fff060c5
+ 000000002ebc3573 262144     fff060c5
+ 000000002ebec46b 262144     fff060c5
+ 000000002ec17afa 262144     fff060c5
+ 000000002ec432e3 262144     fff060c5
+ 000000002ec6e4a0 262144     fff060c5
+ 000000002ec9c182 262144     fff060c5
+ 000000002ecc4250 262144     fff060c5
+ 000000002ecef51b 262144     fff060c5
+ 000000002ed1af73 262144     fff060c5
+ 000000002ed43ad7 262144     fff060c5
  0000000000000000 0          fff05462
+ 000000002ef2418f 16902      fff05462
  0000000000000000 0          fff03b38
+ 000000002ef28429 262144     fff03b38
+ 000000002ef33da6 262144     fff03b38
+ 000000002ef5becd 262144     fff03b38
+ 000000002ef81204 262144     fff03b38
+ 000000002efa5cd5 262144     fff03b38
+ 000000002efd23cd 262144     fff03b38
+ 000000002efff512 262144     fff03b38
+ 000000002f02ab29 262144     fff03b38
+ 000000002f040158 262144     fff03b38
+ 000000002f04e9ca 262144     fff03b38
+ 000000002f055b89 262144     fff03b38
+ 000000002f05d277 262144     fff03b38
+ 000000002f07011d 262144     fff03b38
+ 000000002f088a1b 262144     fff03b38
+ 000000002f0a76dc 262144     fff03b38
+ 000000002f0cf1c8 262144     fff03b38
+ 000000002f0f5062 262144     fff03b38
+ 000000002f116e09 262144     fff03b38
+ 000000002f1486cd 262144     fff03b38
+ 000000002f179dc0 262144     fff03b38
+ 000000002f1a51cb 262144     fff03b38
+ 000000002f1cc340 262144     fff03b38
  0000000000000000 0          fef02111
+ 000000002f48ec61 262144     fef02111
+ 000000002f4a5c92 262144     fef02111
  0000000000000000 0          fef66f56
+ 000000002f4dd397 262144     fef66f56
+ 000000002f4f1bcc 262144     fef66f56
  0000000000000000 0          fef060c5
+ 000000002f557f5d 262144     fef060c5
+ 000000002f57397d 262144     fef060c5
+ 000000002f58d3d9 262144     fef060c5
+ 000000002f5a6578 262144     fef060c5
+ 000000002f5c030a 262144     fef060c5
+ 000000002f5ddf90 262144     fef060c5
+ 000000002f5ea6a7 262144     fef060c5
+ 000000002f60374b 262144     fef060c5
  0000000000000000 0          fef03b38
+ 000000002f7423a3 262144     fef03b38
+ 000000002f763484 262144     fef03b38
+ 000000002f7820f7 262144     fef03b38
+ 000000002f797848 262144     fef03b38
+ 000000002f7acd3c 262144     fef03b38
+ 000000002f7c7ca4 262144     fef03b38
+ 000000002f7f5434 262144     fef03b38
+ 000000002f8138ee 262144     fef03b38
  000000002f906b41 984900     fdf02111.bin
  000000002f9f72c5 49208      fdf66f56.bin
  000000002fa0333d 49208      fdf66f59.bin
  000000002fa0f3b5 28         fdf060c5.bin
  000000002fa0f459 43584      fdf05462.bin
  000000002fa19ed9 2855476    fdf03b38.bin
  000000002fcd314d 40         fcf02111.bin
  000000002fcd31f1 40         fcf03b38.bin
  0000000000000000 0          163c937.dat
+ 000000002fcd329d 180130     163c937.dat
  0000000000000000 0          163c936.dat
+ 000000002fcff27f 178372     163c936.dat
  0000000000000000 0          163c935.dat
+ 000000002fd2ab83 182568     163c935.dat
  0000000000000000 0          163c934.dat
+ 000000002fd574eb 2020       163c934.dat
  0000000000000000 0          163c933.dat
+ 000000002fd57d0f 2012       163c933.dat
  0000000000000000 0          163c932.dat
+ 000000002fd5852b 2062       163c932.dat
  0000000000000000 0          fff10f9b
+ 000000002fd58d7d 262144     fff10f9b
+ 000000002fd728cc 262144     fff10f9b
  0000000000000000 0          fff030c1
+ 000000002fdbe4c0 262144     fff030c1
+ 000000002fdcbd7e 262144     fff030c1
+ 000000002fde787b 262144     fff030c1
+ 000000002fe14958 262144     fff030c1
+ 000000002fe3e778 262144     fff030c1
  0000000000000000 0          fff08bcd
+ 000000002fefbfe5 262144     fff08bcd
+ 000000002ff0e99c 262144     fff08bcd
+ 000000002ff3527a 262144     fff08bcd
+ 000000002ff62c7c 262144     fff08bcd
+ 000000002ff91c5d 262144     fff08bcd
+ 000000002ffb9632 262144     fff08bcd
+ 000000002ffe4347 262144     fff08bcd
+ 000000003000e37f 262144     fff08bcd
+ 0000000030039b7b 262144     fff08bcd
+ 000000003006307b 262144     fff08bcd
+ 000000003008fed7 262144     fff08bcd
+ 00000000300b88fd 262144     fff08bcd
+ 00000000300e4ddb 262144     fff08bcd
+ 000000003010e9fc 262144     fff08bcd
+ 00000000301359bb 262144     fff08bcd
+ 0000000030160888 262144     fff08bcd
+ 000000003018ad85 262144     fff08bcd
+ 00000000301b676a 262144     fff08bcd
+ 00000000301df996 262144     fff08bcd
+ 000000003020b390 262144     fff08bcd
+ 0000000030239c7b 262144     fff08bcd
+ 0000000030264c5d 262144     fff08bcd
+ 000000003029199b 262144     fff08bcd
+ 00000000302bce5f 262144     fff08bcd
+ 00000000302e5599 262144     fff08bcd
+ 000000003030b429 262144     fff08bcd
+ 0000000030332f09 262144     fff08bcd
+ 000000003035e38c 262144     fff08bcd
+ 000000003038d903 262144     fff08bcd
+ 00000000303b5350 262144     fff08bcd
  0000000000000000 0          fff053a7
+ 00000000306694b1 61470      fff053a7
  0000000000000000 0          fff054d2
+ 000000003067852b 262144     fff054d2
+ 000000003069316c 262144     fff054d2
+ 00000000306b8894 262144     fff054d2
+ 00000000306d435c 262144     fff054d2
+ 00000000306f1ccb 262144     fff054d2
+ 000000003070f4be 262144     fff054d2
+ 000000003073d4e9 262144     fff054d2
+ 000000003076bfc5 262144     fff054d2
  0000000000000000 0          fef10f9b
+ 000000003083c807 215658     fef10f9b
  0000000000000000 0          fef030c1
+ 00000000308712b9 262144     fef030c1
+ 0000000030894763 262144     fef030c1
+ 00000000308b21b4 262144     fef030c1
  0000000000000000 0          fef08bcd
+ 00000000308fddcb 262144     fef08bcd
+ 000000003090bf21 262144     fef08bcd
+ 000000003093107f 262144     fef08bcd
+ 0000000030946f47 262144     fef08bcd
+ 0000000030954397 262144     fef08bcd
+ 000000003097112c 262144     fef08bcd
+ 0000000030990ca1 262144     fef08bcd
+ 00000000309a9490 262144     fef08bcd
+ 00000000309c20a2 262144     fef08bcd
+ 00000000309dc57e 262144     fef08bcd
+ 00000000309f8d6f 262144     fef08bcd
+ 0000000030a15f34 262144     fef08bcd
  0000000000000000 0          fef054d2
+ 0000000030bcad89 262144     fef054d2
+ 0000000030be2989 262144     fef054d2
+ 0000000030bff40c 262144     fef054d2
+ 0000000030c1c17e 262144     fef054d2
+ 0000000030c38176 262144     fef054d2
+ 0000000030c48f8f 262144     fef054d2
+ 0000000030c562a6 262144     fef054d2
  0000000030d7e1db 340832     fdf10f9b.bin
  0000000030dd157b 49208      fdf030c1.bin
  0000000030ddd5f3 20788      fdf08bcd.bin
  0000000030de2767 1120560    fdf053a7.bin
  0000000030ef40d7 1126072    fdf054d2.bin
  0000000000000000 0          fff02031
+ 0000000031006fdf 262144     fff02031
+ 0000000031025e59 262144     fff02031
+ 000000003103c4d8 262144     fff02031
  0000000000000000 0          fff06b24
+ 0000000031093b70 262144     fff06b24
+ 00000000310a80a7 262144     fff06b24
+ 00000000310d54da 262144     fff06b24
+ 00000000310ff749 262144     fff06b24
+ 000000003112a206 262144     fff06b24
+ 0000000031152fea 262144     fff06b24
+ 000000003117d61a 262144     fff06b24
+ 00000000311a8cd8 262144     fff06b24
+ 00000000311da797 262144     fff06b24
+ 0000000031205c27 262144     fff06b24
+ 000000003122e518 262144     fff06b24
+ 000000003125af9f 262144     fff06b24
+ 0000000031281a62 262144     fff06b24
+ 00000000312adb91 262144     fff06b24
+ 00000000312d92de 262144     fff06b24
+ 00000000313013cc 262144     fff06b24
+ 0000000031328dbb 262144     fff06b24
+ 00000000313526ae 262144     fff06b24
+ 000000003137de87 262144     fff06b24
+ 00000000313ab128 262144     fff06b24
+ 00000000313d580f 262144     fff06b24
+ 0000000031400ec7 262144     fff06b24
+ 000000003142e7ee 262144     fff06b24
+ 000000003145b0cf 262144     fff06b24
+ 0000000031486b35 262144     fff06b24
+ 00000000314b0d45 262144     fff06b24
+ 00000000314dc320 262144     fff06b24
+ 0000000031508bca 262144     fff06b24
+ 0000000031535815 262144     fff06b24
+ 0000000031560cde 262144     fff06b24
  0000000000000000 0          fff0302d
+ 000000003180e6d1 95135      fff0302d
  0000000000000000 0          fff02f83
+ 0000000031825ab8 262144     fff02f83
+ 0000000031841a91 262144     fff02f83
+ 0000000031872bcc 262144     fff02f83
  0000000000000000 0          fff02d25
+ 00000000318bcdd2 262144     fff02d25
+ 00000000318ccdb7 262144     fff02d25
+ 00000000318f2a4b 262144     fff02d25
+ 000000003191a6cc 262144     fff02d25
+ 00000000319437c2 262144     fff02d25
+ 0000000031974d2e 262144     fff02d25
  0000000000000000 0          fff01e2b
+ 0000000031a068e1 180363     fff01e2b
  0000000000000000 0          fff04f29
+ 0000000031a329c4 262144     fff04f29
+ 0000000031a4d969 262144     fff04f29
+ 0000000031a72aa8 262144     fff04f29
+ 0000000031a876ec 262144     fff04f29
+ 0000000031aa4fe0 262144     fff04f29
+ 0000000031ac3706 262144     fff04f29
+ 0000000031af2d8c 262144     fff04f29
  0000000000000000 0          fef02031
+ 0000000031bee2ad 262144     fef02031
+ 0000000031c05633 262144     fef02031
  0000000000000000 0          fef06b24
+ 0000000031c31f0f 262144     fef06b24
+ 0000000031c4c409 262144     fef06b24
+ 0000000031c6d494 262144     fef06b24
+ 0000000031c77c33 262144     fef06b24
+ 0000000031c93003 262144     fef06b24
+ 0000000031caed4a 262144     fef06b24
+ 0000000031cc911f 262144     fef06b24
+ 0000000031ce3ed1 262144     fef06b24
+ 0000000031cfc1f2 262144     fef06b24
  0000000000000000 0          fef02f83
+ 0000000031e69ba5 261058     fef02f83
  0000000000000000 0          fef02d25
+ 0000000031ea97b3 262144     fef02d25
+ 0000000031eb5f36 262144     fef02d25
+ 0000000031edbf14 262144     fef02d25
+ 0000000031f00a13 262144     fef02d25
  0000000000000000 0          fef01e2b
+ 0000000031f9f13d 6182       fef01e2b
  0000000000000000 0          fef04f29
+ 0000000031fa09ab 262144     fef04f29
+ 0000000031fbe0d5 262144     fef04f29
+ 0000000031fd7719 262144     fef04f29
  0000000032042cb5 445712     fdf02031.bin
  00000000320afa05 20788      fdf06b24.bin
  00000000320b4b79 1780408    fdf0302d.bin
  0000000032267671 98388      fdf02f83.bin
  000000003227f705 49208      fdf02d25.bin
  000000003228b77d 49208      fdf01e2b.bin
  00000000322977f5 558020     fdf04f29.bin
  000000003231fbf9 40         fcf02031.bin
  0000000000000000 0          163c931.dat
+ 000000003231fca5 2020       163c931.dat
  0000000000000000 0          163c930.dat
+ 00000000323204c9 2012       163c930.dat
  0000000000000000 0          163c92f.dat
+ 0000000032320ce5 2062       163c92f.dat
  0000000000000000 0          fff10b51
+ 0000000032321537 262144     fff10b51
+ 0000000032334979 262144     fff10b51
  0000000000000000 0          fff0352b
+ 0000000032391a36 181284     fff0352b
  0000000000000000 0          fff007b6
+ 00000000323bdeae 262144     fff007b6
+ 00000000323cca0f 262144     fff007b6
+ 00000000323e626e 262144     fff007b6
+ 000000003240671e 262144     fff007b6
+ 0000000032432e5d 262144     fff007b6
+ 0000000032462a00 262144     fff007b6
  0000000000000000 0          fff05582
+ 000000003250e954 262144     fff05582
+ 0000000032522569 262144     fff05582
+ 000000003253f331 262144     fff05582
+ 00000000325636b8 262144     fff05582
+ 0000000032592bf7 262144     fff05582
  0000000000000000 0          fff01194
+ 00000000326353e2 234986     fff01194
  0000000000000000 0          fff01ab0
+ 000000003266ea0c 12914      fff01ab0
  0000000000000000 0          fff0053e
+ 0000000032671cbe 140382     fff0053e
  0000000000000000 0          fff04e64
+ 00000000326941b0 262144     fff04e64
+ 00000000326a2c51 262144     fff04e64
+ 00000000326ce28f 262144     fff04e64
+ 00000000326fae6e 262144     fff04e64
+ 0000000032726b43 262144     fff04e64
+ 000000003275308a 262144     fff04e64
+ 000000003277e09a 262144     fff04e64
+ 00000000327a7db3 262144     fff04e64
+ 00000000327d424c 262144     fff04e64
+ 00000000327ff427 262144     fff04e64
+ 000000003282c786 262144     fff04e64
+ 00000000328574db 262144     fff04e64
+ 0000000032883d73 262144     fff04e64
+ 00000000328ae9a4 262144     fff04e64
+ 00000000328d9c11 262144     fff04e64
+ 0000000032900ff2 262144     fff04e64
+ 000000003292ab13 262144     fff04e64
+ 00000000329564e7 262144     fff04e64
+ 0000000032981dba 262144     fff04e64
+ 00000000329abcc5 262144     fff04e64
+ 00000000329d674d 262144     fff04e64
+ 00000000329ff670 262144     fff04e64
  0000000000000000 0          fff06dbb
+ 0000000032bfd577 262144     fff06dbb
+ 0000000032c13834 262144     fff06dbb
+ 0000000032c3b44a 262144     fff06dbb
+ 0000000032c6182f 262144     fff06dbb
+ 0000000032c75a3a 262144     fff06dbb
+ 0000000032c8fb4c 262144     fff06dbb
+ 0000000032cbaef9 262144     fff06dbb
+ 0000000032ce9950 262144     fff06dbb
  0000000000000000 0          fef10b51
+ 0000000032dd0551 204142     fef10b51
  0000000000000000 0          fef0352b
+ 0000000032e022ff 26830      fef0352b
  0000000000000000 0          fef007b6
+ 0000000032e08c11 262144     fef007b6
+ 0000000032e2cae2 262144     fef007b6
  0000000000000000 0          fef05582
+ 0000000032e65c3f 262144     fef05582
+ 0000000032e85d01 262144     fef05582
  0000000000000000 0          fef01194
+ 0000000032ec31a1 33226      fef01194
  0000000000000000 0          fef04e64
+ 0000000032ecb3c7 262144     fef04e64
+ 0000000032ee4e7a 262144     fef04e64
+ 0000000032eff9fc 262144     fef04e64
+ 0000000032f13a1a 262144     fef04e64
+ 0000000032f2fe7e 262144     fef04e64
+ 0000000032f506a9 262144     fef04e64
+ 0000000032f69eac 262144     fef04e64
+ 0000000032f86a42 262144     fef04e64
  0000000000000000 0          fef06dbb
+ 00000000330c3c0d 262144     fef06dbb
+ 00000000330df781 262144     fef06dbb
+ 00000000330f8e39 262144     fef06dbb
+ 000000003311788b 262144     fef06dbb
  00000000331a9867 440576     fdf10b51.bin
  00000000332151a7 56         fdf0352b.bin
  000000003321524b 73812      fdf007b6.bin
  00000000332272df 49236      fdf05582.bin
  0000000033233373 49208      fdf01194.bin
  000000003323f3eb 28         fdf01ab0.bin
  000000003323f48f 1989108    fdf0053e.bin
  0000000033424ec3 28         fdf04e64.bin
  0000000033424f67 487896     fdf06dbb.bin
  000000003349c17f 40         fcf10b51.bin
  0000000000000000 0          163c92e.dat
+ 000000003349c22b 3022       163c92e.dat
  0000000000000000 0          163c92d.dat
+ 000000003349ce39 3022       163c92d.dat
  0000000000000000 0          163c92c.dat
+ 000000003349da47 3076       163c92c.dat
  0000000000000000 0          fff08720
+ 000000003349e693 262144     fff08720
+ 00000000334c46ff 262144     fff08720
+ 00000000334f2b23 262144     fff08720
  0000000000000000 0          fef08720
+ 000000003352ef5d 262144     fef08720
+ 0000000033549cb3 262144     fef08720
  00000000335742b7 28         fdf08720.bin
  000000003357435b 4          _basic_global.wol
  00000000335744bf 4          _basic_bunnies&camera.wol
Empty file, skipping: Basic_Menu&Photo.wol
Empty file, skipping: _basic_AsyncLoading.wog
Empty file, skipping: CoiffureBanks.wol
  0000000000000000 0          fbf00284
+ 0000000033574a8f 227242     fbf00284
  0000000000000000 0          fbf07bbe
+ 00000000335ac279 224750     fbf07bbe
  0000000000000000 0          fbf00248
+ 00000000335e30a7 226956     fbf00248
  0000000000000000 0          fff0d632
+ 000000003361a773 137981     fff0d632
  0000000000000000 0          fef0d632
+ 000000003363c2d0 262144     fef0d632
+ 0000000033646f7c 262144     fef0d632
+ 000000003364ddcd 262144     fef0d632
+ 0000000033655ece 262144     fef0d632
+ 0000000033667fe7 262144     fef0d632
+ 00000000336744d3 262144     fef0d632
+ 000000003367f1b1 262144     fef0d632
+ 0000000033690b37 262144     fef0d632
+ 000000003369d359 262144     fef0d632
  0000000033874f8a 28356      fdf0d632.bin
  0000000000000000 0          fff05e80
+ 000000003387be96 46701      fff05e80
  0000000000000000 0          fff064a7
+ 0000000033887543 26639      fff064a7
  0000000000000000 0          fff00de6
+ 000000003388dd92 93259      fff00de6
  0000000000000000 0          fff00a7b
+ 00000000338a4a1d 45485      fff00a7b
  0000000000000000 0          fff05d4e
+ 00000000338afc0a 44491      fff05d4e
  0000000000000000 0          fff0ad22
+ 00000000338baa31 262144     fff0ad22
+ 00000000338c8b4b 262144     fff0ad22
+ 00000000338ee4d5 262144     fff0ad22
+ 00000000339039dc 262144     fff0ad22
+ 000000003391a2e3 262144     fff0ad22
+ 0000000033935ea1 262144     fff0ad22
+ 000000003396325c 262144     fff0ad22
+ 000000003398ba10 262144     fff0ad22
  0000000000000000 0          fff0ad25
+ 0000000033a9ef65 262144     fff0ad25
+ 0000000033ab82ce 262144     fff0ad25
+ 0000000033ae2853 262144     fff0ad25
+ 0000000033b0be23 262144     fff0ad25
+ 0000000033b34a49 262144     fff0ad25
+ 0000000033b5a846 262144     fff0ad25
+ 0000000033b84cd0 262144     fff0ad25
+ 0000000033bad877 262144     fff0ad25
+ 0000000033bd60b1 262144     fff0ad25
+ 0000000033bfe3d0 262144     fff0ad25
+ 0000000033c28880 262144     fff0ad25
+ 0000000033c4e884 262144     fff0ad25
+ 0000000033c7661a 262144     fff0ad25
+ 0000000033c9ca10 262144     fff0ad25
+ 0000000033cc1f6d 262144     fff0ad25
+ 0000000033ced1c1 262144     fff0ad25
+ 0000000033d0bd18 262144     fff0ad25
  0000000000000000 0          fff003fb
+ 0000000033ecfaeb 46809      fff003fb
  0000000000000000 0          fff1f774
+ 0000000033edb228 262144     fff1f774
+ 0000000033ee736b 262144     fff1f774
+ 0000000033eec300 262144     fff1f774
+ 0000000033efb47d 262144     fff1f774
+ 0000000033f17ca1 262144     fff1f774
+ 0000000033f419d7 262144     fff1f774
+ 0000000033f6f026 262144     fff1f774
+ 0000000033fa3915 262144     fff1f774
+ 0000000033fd50c3 262144     fff1f774
+ 0000000033ff883a 262144     fff1f774
  0000000000000000 0          fff1f777
+ 0000000034152d35 262144     fff1f777
+ 000000003415d727 262144     fff1f777
+ 0000000034166e43 262144     fff1f777
+ 0000000034170ff1 262144     fff1f777
+ 000000003417710c 262144     fff1f777
+ 000000003417b35a 262144     fff1f777
+ 00000000341865d7 262144     fff1f777
+ 0000000034197527 262144     fff1f777
+ 00000000341b7f45 262144     fff1f777
+ 00000000341df75c 262144     fff1f777
+ 0000000034208a13 262144     fff1f777
+ 0000000034230ab3 262144     fff1f777
+ 00000000342609df 262144     fff1f777
+ 00000000342952f0 262144     fff1f777
+ 00000000342c808f 262144     fff1f777
+ 00000000342fa6fa 262144     fff1f777
+ 000000003431ec85 262144     fff1f777
+ 000000003434e71f 262144     fff1f777
  0000000000000000 0          fff1f77a
+ 00000000345a3055 262144     fff1f77a
+ 00000000345af273 262144     fff1f77a
+ 00000000345ba14e 262144     fff1f77a
+ 00000000345bdb00 262144     fff1f77a
+ 00000000345c4dcd 262144     fff1f77a
+ 00000000345d6cca 262144     fff1f77a
+ 00000000345f281f 262144     fff1f77a
+ 000000003461b42e 262144     fff1f77a
+ 0000000034641fb2 262144     fff1f77a
+ 00000000346697f1 262144     fff1f77a
+ 000000003469ae2d 262144     fff1f77a
+ 00000000346cf044 262144     fff1f77a
+ 00000000346f9f60 262144     fff1f77a
  0000000000000000 0          fff043ed
+ 00000000348ccab8 60766      fff043ed
  0000000000000000 0          fff043f2
+ 00000000348db856 76264      fff043f2
  0000000000000000 0          fff043f3
+ 00000000348ee27e 72372      fff043f3
  0000000000000000 0          fff01e24
+ 00000000348ffd86 262144     fff01e24
+ 00000000349244d6 262144     fff01e24
+ 0000000034933c91 262144     fff01e24
+ 000000003494ba54 262144     fff01e24
+ 000000003496f3b3 262144     fff01e24
+ 0000000034998f64 262144     fff01e24
  0000000000000000 0          fff09e3e
+ 0000000034a55a11 193850     fff09e3e
  0000000000000000 0          fff005d0
+ 0000000034a84fab 262144     fff005d0
+ 0000000034aa0a28 262144     fff005d0
+ 0000000034ac3f67 262144     fff005d0
+ 0000000034aee87a 262144     fff005d0
+ 0000000034b1981e 262144     fff005d0
+ 0000000034b4281f 262144     fff005d0
+ 0000000034b5a964 262144     fff005d0
+ 0000000034b63ca1 262144     fff005d0
+ 0000000034b9216f 262144     fff005d0
  0000000000000000 0          fff04ca2
+ 0000000034c9d69d 262144     fff04ca2
+ 0000000034cc03c5 262144     fff04ca2
  0000000000000000 0          fff00b36
+ 0000000034d18d14 262144     fff00b36
+ 0000000034d306c8 262144     fff00b36
+ 0000000034d5f5b5 262144     fff00b36
+ 0000000034d6d937 262144     fff00b36
+ 0000000034d7c4ba 262144     fff00b36
+ 0000000034d8d27a 262144     fff00b36
+ 0000000034d9ec74 262144     fff00b36
+ 0000000034dbbac0 262144     fff00b36
+ 0000000034de1ec4 262144     fff00b36
+ 0000000034e0b270 262144     fff00b36
+ 0000000034e35043 262144     fff00b36
+ 0000000034e61bd9 262144     fff00b36
+ 0000000034e708a5 262144     fff00b36
+ 0000000034e807a5 262144     fff00b36
+ 0000000034eaa3b5 262144     fff00b36
+ 0000000034ed3e03 262144     fff00b36
  0000000000000000 0          fff00b6b
+ 0000000035106d20 262144     fff00b6b
+ 000000003511f32e 262144     fff00b6b
+ 000000003513b67a 262144     fff00b6b
+ 0000000035157330 262144     fff00b6b
  0000000000000000 0          fff00bda
+ 00000000351dc34f 262144     fff00bda
+ 00000000351f2280 262144     fff00bda
  0000000000000000 0          fff00dab
+ 000000003524190d 262144     fff00dab
+ 0000000035258d00 262144     fff00dab
  0000000000000000 0          fff00db0
+ 00000000352b1f65 262144     fff00db0
+ 00000000352cbcab 262144     fff00db0
+ 00000000352e6ced 262144     fff00db0
+ 000000003530614e 262144     fff00db0
  0000000000000000 0          fff01390
+ 0000000035379b18 262144     fff01390
+ 000000003539d6c6 262144     fff01390
+ 00000000353bd9c0 262144     fff01390
+ 00000000353dc082 262144     fff01390
  0000000000000000 0          fff013a1
+ 000000003543de3e 262144     fff013a1
+ 000000003545c862 262144     fff013a1
+ 000000003547a37c 262144     fff013a1
+ 0000000035496908 262144     fff013a1
  0000000000000000 0          fff013ac
+ 000000003552a2f5 262144     fff013ac
+ 00000000355482a3 262144     fff013ac
+ 0000000035566f65 262144     fff013ac
+ 00000000355821d6 262144     fff013ac
  0000000000000000 0          fff00855
+ 0000000035605651 109052     fff00855
  0000000000000000 0          fef064a7
+ 0000000035620099 262144     fef064a7
+ 000000003562f87a 262144     fef064a7
+ 000000003563859b 262144     fef064a7
+ 000000003563efca 262144     fef064a7
  0000000000000000 0          fef00de6
+ 00000000356eec97 262144     fef00de6
+ 00000000356f719d 262144     fef00de6
+ 0000000035709564 262144     fef00de6
  0000000000000000 0          fef00a7b
+ 000000003578477d 262144     fef00a7b
+ 0000000035793f5e 262144     fef00a7b
+ 000000003579cc7f 262144     fef00a7b
  0000000000000000 0          fef05d4e
+ 000000003581730f 262144     fef05d4e
+ 0000000035826af0 262144     fef05d4e
+ 000000003582f811 262144     fef05d4e
  0000000000000000 0          fef0ad22
+ 00000000358afed9 262144     fef0ad22
+ 00000000358d9d26 262144     fef0ad22
+ 00000000358fc746 262144     fef0ad22
  0000000000000000 0          fef0ad25
+ 000000003596d24f 262144     fef0ad25
+ 0000000035986b38 262144     fef0ad25
+ 00000000359a1b06 262144     fef0ad25
+ 00000000359b998b 262144     fef0ad25
+ 00000000359d1c9a 262144     fef0ad25
+ 00000000359e5cb5 262144     fef0ad25
+ 0000000035a000df 262144     fef0ad25
+ 0000000035a17876 262144     fef0ad25
+ 0000000035a29a3e 262144     fef0ad25
  0000000000000000 0          fef1f774
+ 0000000035baa215 262144     fef1f774
+ 0000000035bc61d8 262144     fef1f774
+ 0000000035bdc936 262144     fef1f774
  0000000000000000 0          fef1f777
+ 0000000035c3c53f 262144     fef1f777
+ 0000000035c57687 262144     fef1f777
+ 0000000035c70141 262144     fef1f777
+ 0000000035c85bb7 262144     fef1f777
  0000000000000000 0          fef1f77a
+ 0000000035d112fd 262144     fef1f77a
+ 0000000035d2aa81 262144     fef1f77a
+ 0000000035d44aca 262144     fef1f77a
  0000000000000000 0          fef01e24
+ 0000000035da3ec3 262144     fef01e24
+ 0000000035dbad2f 262144     fef01e24
  0000000000000000 0          fef09e3e
+ 0000000035e0e741 262144     fef09e3e
+ 0000000035e29ad3 262144     fef09e3e
  0000000000000000 0          fef005d0
+ 0000000035e80363 262144     fef005d0
+ 0000000035e8bfca 262144     fef005d0
+ 0000000035e8ca44 262144     fef005d0
+ 0000000035e98373 262144     fef005d0
+ 0000000035ea4ee1 262144     fef005d0
+ 0000000035eb1b45 262144     fef005d0
  0000000000000000 0          fef04ca2
+ 0000000035fefe15 262144     fef04ca2
+ 0000000036007061 262144     fef04ca2
  0000000000000000 0          fef00b36
+ 0000000036063fcf 262144     fef00b36
+ 0000000036077166 262144     fef00b36
+ 000000003607b087 262144     fef00b36
+ 00000000360827bd 262144     fef00b36
+ 000000003608f36b 262144     fef00b36
+ 000000003609a340 262144     fef00b36
+ 00000000360a5005 262144     fef00b36
+ 00000000360b4294 262144     fef00b36
+ 00000000360c6460 262144     fef00b36
+ 00000000360dbc8b 262144     fef00b36
+ 00000000360eb34b 262144     fef00b36
+ 00000000360f80ec 262144     fef00b36
+ 00000000360fe38b 262144     fef00b36
+ 0000000036106dc8 262144     fef00b36
+ 0000000036112ee6 262144     fef00b36
+ 000000003611d7a8 262144     fef00b36
+ 000000003612651d 262144     fef00b36
+ 000000003612b06b 262144     fef00b36
+ 0000000036132919 262144     fef00b36
+ 000000003613dcca 262144     fef00b36
+ 000000003614532d 262144     fef00b36
+ 000000003614e3b8 262144     fef00b36
+ 000000003615f3a0 262144     fef00b36
+ 0000000036178ff7 262144     fef00b36
+ 000000003618af8a 262144     fef00b36
+ 0000000036195b68 262144     fef00b36
+ 000000003619c382 262144     fef00b36
+ 00000000361b0d4f 262144     fef00b36
  0000000000000000 0          fef00855
+ 000000003674dcc1 262144     fef00855
+ 000000003675d4a2 262144     fef00855
+ 00000000367661c3 262144     fef00855
+ 000000003676ee88 262144     fef00855
+ 000000003677c8a3 262144     fef00855
+ 0000000036786286 262144     fef00855
+ 000000003678f2f2 262144     fef00855
+ 0000000036791f85 262144     fef00855
+ 0000000036796c90 262144     fef00855
+ 000000003679dce8 262144     fef00855
+ 00000000367ac62b 262144     fef00855
+ 00000000367c41c0 262144     fef00855
+ 00000000367c7a1c 262144     fef00855
+ 00000000367c8cf8 262144     fef00855
  0000000036aba0df 28         fdf05e80.bin
  0000000036aba183 28         fdf064a7.bin
  0000000036aba227 217520     fdf00de6.bin
  0000000036aef417 217472     fdf00a7b.bin
  0000000036b245d7 28         fdf05d4e.bin
  0000000036b2467b 1293480    fdf0ad22.bin
  0000000036c60363 28         fdf0ad25.bin
  0000000036c60407 432908     fdf003fb.bin
  0000000036cc9f53 909932     fdf1f774.bin
  0000000036da81ff 1641612    fdf1f777.bin
  0000000036f38ecb 1814708    fdf1f77a.bin
  00000000370f3fbf 478312     fdf043ed.bin
  0000000037168c67 545228     fdf043f2.bin
  00000000371ede73 455792     fdf043f3.bin
  000000003725d323 1386128    fdf01e24.bin
  00000000373af9f3 28         fdf09e3e.bin
  00000000373afa97 789984     fdf005d0.bin
  00000000374708b7 1835176    fdf04ca2.bin
  000000003763099f 7650544    fdf00b36.bin
  0000000037d7c6cf 28         fdf00b6b.bin
  0000000037d7c773 28         fdf00bda.bin
  0000000037d7c817 28         fdf00dab.bin
  0000000037d7c8bb 28         fdf00db0.bin
  0000000037d7c95f 28         fdf01390.bin
  0000000037d7ca03 28         fdf013a1.bin
  0000000037d7caa7 28         fdf013ac.bin
  0000000037d7cb4b 373144     fdf00855.bin
  0000000037dd7d23 40         fcf064a7.bin
  0000000037dd7dc7 40         fcf00de6.bin
  0000000037dd7e6b 40         fcf05d4e.bin
  0000000037dd7f0f 40         fcf003fb.bin
  0000000037dd7fb3 40         fcf1f774.bin
  0000000037dd8057 40         fcf1f777.bin
  0000000037dd80fb 40         fcf1f77a.bin
  0000000037dd819f 40         fcf043ed.bin
  0000000037dd8243 40         fcf043f2.bin
  0000000037dd82e7 40         fcf043f3.bin
  0000000037dd838b 40         fcf01e24.bin
  0000000037dd842f 40         fcf00855.bin
  0000000000000000 0          fbf01faa
+ 0000000037dd84db 20449      fbf01faa
  0000000000000000 0          fbf01c9e
+ 0000000037ddd4fc 20447      fbf01c9e
  0000000000000000 0          fbf01c9d
+ 0000000037de251b 20457      fbf01c9d
  0000000000000000 0          fbf01f3a
+ 0000000037de7548 262144     fbf01f3a
+ 0000000037df6798 262144     fbf01f3a
  0000000000000000 0          fbf00723
+ 0000000037e5f8f1 262144     fbf00723
+ 0000000037e6eb40 262144     fbf00723
  0000000000000000 0          fbf00722
+ 0000000037ed7c26 262144     fbf00722
+ 0000000037ee6e78 262144     fbf00722
  0000000000000000 0          fbf01f9c
+ 0000000037f5000d 10933      fbf01f9c
  0000000000000000 0          fbf01c19
+ 0000000037f52b02 10931      fbf01c19
  0000000000000000 0          fbf01c18
+ 0000000037f555f5 10941      fbf01c18
  0000000000000000 0          163c92b.dat
+ 0000000037f580f2 1672       163c92b.dat
  0000000000000000 0          163c92a.dat
+ 0000000037f587ba 1680       163c92a.dat
  0000000000000000 0          163c929.dat
+ 0000000037f58e8a 1684       163c929.dat
  0000000000000000 0          163c928.dat
+ 0000000037f5955e 13284      163c928.dat
  0000000000000000 0          163c927.dat
+ 0000000037f5c982 13662      163c927.dat
  0000000000000000 0          163c926.dat
+ 0000000037f5ff20 12986      163c926.dat
  0000000000000000 0          163c925.dat
+ 0000000037f6321a 13284      163c925.dat
  0000000000000000 0          163c924.dat
+ 0000000037f6663e 13662      163c924.dat
  0000000000000000 0          163c923.dat
+ 0000000037f69bdc 12986      163c923.dat
  0000000000000000 0          163c922.dat
+ 0000000037f6ced6 13284      163c922.dat
  0000000000000000 0          163c921.dat
+ 0000000037f702fa 13662      163c921.dat
  0000000000000000 0          163c920.dat
+ 0000000037f73898 12986      163c920.dat
  0000000000000000 0          163c91f.dat
+ 0000000037f76b92 221316     163c91f.dat
  0000000000000000 0          163c91e.dat
+ 0000000037facc56 219630     163c91e.dat
  0000000000000000 0          163c91d.dat
+ 0000000037fe2684 225116     163c91d.dat
  0000000000000000 0          163c91c.dat
+ 0000000038019624 262144     163c91c.dat
+ 00000000380293b0 262144     163c91c.dat
  0000000000000000 0          163c91b.dat
+ 0000000038066e64 262144     163c91b.dat
+ 0000000038076ca6 262144     163c91b.dat
  0000000000000000 0          163c91a.dat
+ 00000000380b3bbe 262144     163c91a.dat
+ 00000000380c3f6b 262144     163c91a.dat
  0000000000000000 0          163c919.dat
+ 00000000381025e8 168000     163c919.dat
  0000000000000000 0          163c918.dat
+ 000000003812b668 166420     163c918.dat
  0000000000000000 0          163c917.dat
+ 00000000381540bc 170216     163c917.dat
  0000000000000000 0          163c916.dat
+ 000000003817d9e4 13588      163c916.dat
  0000000000000000 0          163c915.dat
+ 0000000038180f38 13966      163c915.dat
  0000000000000000 0          163c914.dat
+ 0000000038184606 13290      163c914.dat
  0000000000000000 0          fbf01f8e
+ 0000000038187a30 10791      fbf01f8e
  0000000000000000 0          fbf0100c
+ 000000003818a497 10789      fbf0100c
  0000000000000000 0          fbf0100b
+ 000000003818cefc 10799      fbf0100b
  0000000000000000 0          163c913.dat
+ 000000003818f96b 17522      163c913.dat
  0000000000000000 0          163c912.dat
+ 0000000038193e1d 15928      163c912.dat
  0000000000000000 0          163c911.dat
+ 0000000038197c95 16832      163c911.dat
  0000000000000000 0          fbf01f10
+ 000000003819be95 22243      fbf01f10
  0000000000000000 0          fbf078a0
+ 00000000381a15b8 22241      fbf078a0
  0000000000000000 0          fbf0789f
+ 00000000381a6cd9 22243      fbf0789f
  0000000000000000 0          163c910.dat
+ 00000000381ac3fc 17522      163c910.dat
  0000000000000000 0          163c90f.dat
+ 00000000381b08ae 15928      163c90f.dat
  0000000000000000 0          163c90e.dat
+ 00000000381b4726 16832      163c90e.dat
  0000000000000000 0          fbf0149d
+ 00000000381b8926 11563      fbf0149d
  0000000000000000 0          fff0148c
+ 00000000381bb691 46402      fff0148c
  0000000000000000 0          fef0148c
+ 00000000381c6c27 262144     fef0148c
+ 00000000381d6408 262144     fef0148c
+ 00000000381df129 262144     fef0148c
+ 00000000381e6d12 262144     fef0148c
+ 00000000381edc45 262144     fef0148c
+ 000000003820327b 262144     fef0148c
  000000003830f8b5 217484     fdf0148c.bin
  0000000000000000 0          fbf01f1e
+ 0000000038344a89 191996     fbf01f1e
  0000000000000000 0          fbf00809
+ 00000000383738c5 191830     fbf00809
  0000000000000000 0          fbf00808
+ 00000000383a265b 191930     fbf00808
  0000000000000000 0          163c90d.dat
+ 00000000383d1455 17634      163c90d.dat
  0000000000000000 0          163c90c.dat
+ 00000000383d5977 16032      163c90c.dat
  0000000000000000 0          163c90b.dat
+ 00000000383d9857 16948      163c90b.dat
  0000000000000000 0          fff05712
+ 00000000383ddacb 172333     fff05712
  0000000000000000 0          fef05712
+ 0000000038407c38 72182      fef05712
  0000000038419666 28         fdf05712.bin
  0000000000000000 0          fbf015c1
+ 0000000038419712 27633      fbf015c1
  0000000000000000 0          fbf015bc
+ 0000000038420343 27627      fbf015bc
  0000000000000000 0          fbf015bb
+ 0000000038426f6e 27637      fbf015bb
  0000000000000000 0          fbf01f64
+ 000000003842dba3 32474      fbf01f64
  0000000000000000 0          fbf00553
+ 0000000038435abd 32462      fbf00553
  0000000000000000 0          fbf00552
+ 000000003843d9cb 32486      fbf00552
  0000000000000000 0          fff00405
+ 00000000384458f1 58888      fff00405
  0000000000000000 0          fef00405
+ 0000000038453f45 262144     fef00405
+ 0000000038463c4f 262144     fef00405
+ 000000003846df34 262144     fef00405
+ 0000000038474d56 262144     fef00405
  0000000038520673 80188      fdf00405.bin
  0000000038533fef 40         fcf00405.bin
  0000000000000000 0          163c90a.dat
+ 000000003853409b 960        163c90a.dat
  0000000000000000 0          163c909.dat
+ 000000003853449b 942        163c909.dat
  0000000000000000 0          163c908.dat
+ 0000000038534889 1022       163c908.dat
  0000000000000000 0          fbf01f2c
+ 0000000038534cc7 16843      fbf01f2c
  0000000000000000 0          fbf00a67
+ 0000000038538ed2 16835      fbf00a67
  0000000000000000 0          fbf00a66
+ 000000003853d0d5 16857      fbf00a66
  0000000000000000 0          fff0cb0b
+ 00000000385412ee 14694      fff0cb0b
  0000000000000000 0          fff0cb01
+ 0000000038544c94 23921      fff0cb01
  0000000000000000 0          fff0cafa
+ 000000003854aa45 20509      fff0cafa
  0000000000000000 0          fff0cc1e
+ 000000003854faa2 15444      fff0cc1e
  0000000000000000 0          fff0cc29
+ 0000000038553736 16264      fff0cc29
  0000000000000000 0          fff0cbe1
+ 00000000385576fe 13011      fff0cbe1
  0000000000000000 0          fff0cb26
+ 000000003855aa11 10051      fff0cb26
  0000000000000000 0          fff0cc39
+ 000000003855d194 33793      fff0cc39
  0000000000000000 0          fff0cc5b
+ 00000000385655d5 23303      fff0cc5b
  0000000000000000 0          fff0cbc4
+ 000000003856b11c 9719       fff0cbc4
  0000000000000000 0          fff0cc0d
+ 000000003856d753 10860      fff0cc0d
  0000000000000000 0          fff0cc02
+ 00000000385701ff 9273       fff0cc02
  0000000000000000 0          fff0cb13
+ 0000000038572678 14211      fff0cb13
  0000000000000000 0          fff0cb31
+ 0000000038575e3b 12371      fff0cb31
  0000000000000000 0          fff0cbd5
+ 0000000038578ece 7994       fff0cbd5
  0000000000000000 0          fff0cbee
+ 000000003857ae48 10660      fff0cbee
  0000000000000000 0          fff0d19f
+ 000000003857d82c 22143      fff0d19f
  0000000000000000 0          fff0d212
+ 0000000038582eeb 5860       fff0d212
  0000000000000000 0          fff0d527
+ 000000003858460f 14437      fff0d527
  0000000000000000 0          fff0d4f5
+ 0000000038587eb4 16003      fff0d4f5
  0000000000000000 0          fff0d53b
+ 000000003858bd77 27552      fff0d53b
  0000000000000000 0          fff0d548
+ 0000000038592957 43728      fff0d548
  0000000000000000 0          fef0cb0b
+ 000000003859d467 2894       fef0cb0b
  0000000000000000 0          fef0cb01
+ 000000003859dff5 11178      fef0cb01
  0000000000000000 0          fef0cafa
+ 00000000385a0bdf 6830       fef0cafa
  0000000000000000 0          fef0cc1e
+ 00000000385a26cd 4934       fef0cc1e
  0000000000000000 0          fef0cc29
+ 00000000385a3a53 4934       fef0cc29
  0000000000000000 0          fef0cbe1
+ 00000000385a4dd9 13422      fef0cbe1
  0000000000000000 0          fef0cb26
+ 00000000385a8287 3946       fef0cb26
  0000000000000000 0          fef0cc39
+ 00000000385a9231 5434       fef0cc39
  0000000000000000 0          fef0cc5b
+ 00000000385aa7ab 34686      fef0cc5b
  0000000000000000 0          fef0cbc4
+ 00000000385b2f69 522        fef0cbc4
  0000000000000000 0          fef0cc0d
+ 00000000385b31b3 7666       fef0cc0d
  0000000000000000 0          fef0cc02
+ 00000000385b4fe5 8718       fef0cc02
  0000000000000000 0          fef0cb13
+ 00000000385b7233 12358      fef0cb13
  0000000000000000 0          fef0cb31
+ 00000000385ba2b9 2078       fef0cb31
  0000000000000000 0          fef0cbd5
+ 00000000385bab17 6830       fef0cbd5
  0000000000000000 0          fef0cbee
+ 00000000385bc605 14046      fef0cbee
  0000000000000000 0          fef0d19f
+ 00000000385bfd23 22986      fef0d19f
  0000000000000000 0          fef0d212
+ 00000000385c572d 6090       fef0d212
  0000000000000000 0          fef0d527
+ 00000000385c6f37 14846      fef0d527
  0000000000000000 0          fef0d4f5
+ 00000000385ca975 7966       fef0d4f5
  0000000000000000 0          fef0d53b
+ 00000000385cc8d3 16850      fef0d53b
  0000000000000000 0          fef0d548
+ 00000000385d0ae5 83398      fef0d548
  00000000385e50e3 28         fdf0cb0b.bin
  00000000385e5187 28         fdf0cb01.bin
  00000000385e522b 28         fdf0cafa.bin
  00000000385e52cf 28         fdf0cc1e.bin
  00000000385e5373 28         fdf0cc29.bin
  00000000385e5417 28         fdf0cbe1.bin
  00000000385e54bb 28         fdf0cb26.bin
  00000000385e555f 28         fdf0cc39.bin
  00000000385e5603 28         fdf0cc5b.bin
  00000000385e56a7 28         fdf0cbc4.bin
  00000000385e574b 28         fdf0cc0d.bin
  00000000385e57ef 28         fdf0cc02.bin
  00000000385e5893 28         fdf0cb13.bin
  00000000385e5937 28         fdf0cb31.bin
  00000000385e59db 28         fdf0cbd5.bin
  00000000385e5a7f 28         fdf0cbee.bin
  00000000385e5b23 28         fdf0d19f.bin
  00000000385e5bc7 28         fdf0d212.bin
  00000000385e5c6b 28         fdf0d527.bin
  00000000385e5d0f 28         fdf0d4f5.bin
  00000000385e5db3 28         fdf0d53b.bin
  00000000385e5e57 28         fdf0d548.bin
  0000000000000000 0          fff005ae
+ 00000000385e5f2b 262144     fff005ae
+ 00000000385f7793 262144     fff005ae
+ 000000003860bbb2 262144     fff005ae
+ 0000000038624e1e 262144     fff005ae
+ 0000000038644332 262144     fff005ae
+ 00000000386645ba 262144     fff005ae
+ 0000000038684acc 262144     fff005ae
+ 00000000386a426f 262144     fff005ae
+ 00000000386c7d70 262144     fff005ae
+ 00000000386f2e90 262144     fff005ae
+ 000000003871921f 262144     fff005ae
  0000000000000000 0          fef005ae
+ 000000003887a095 262144     fef005ae
+ 000000003889a2ee 262144     fef005ae
+ 00000000388bde1e 262144     fef005ae
+ 00000000388d613b 262144     fef005ae
+ 00000000388e53f4 262144     fef005ae
+ 0000000038900f68 262144     fef005ae
  00000000389dfde3 2395936    fdf005ae.bin
  0000000000000000 0          163c907.dat
+ 0000000038c28d4b 3128       163c907.dat
  0000000000000000 0          163c906.dat
+ 0000000038c299c3 2694       163c906.dat
  0000000000000000 0          163c905.dat
+ 0000000038c2a489 3296       163c905.dat
  0000000000000000 0          fbf01f56
+ 0000000038c2b1a9 126968     fbf01f56
  0000000000000000 0          fbf00a2e
+ 0000000038c4a1e1 126830     fbf00a2e
  0000000000000000 0          fbf00a2d
+ 0000000038c6918f 126932     fbf00a2d
  0000000000000000 0          fff003c8
+ 0000000038c881b3 262144     fff003c8
+ 0000000038cae9ad 262144     fff003c8
+ 0000000038cde7c9 262144     fff003c8
+ 0000000038d154f8 262144     fff003c8
+ 0000000038d3f159 262144     fff003c8
  0000000000000000 0          fef003c8
+ 0000000038d8ee87 262144     fef003c8
+ 0000000038d9f91b 262144     fef003c8
+ 0000000038db036f 262144     fef003c8
+ 0000000038dba896 262144     fef003c8
+ 0000000038dc88f5 262144     fef003c8
+ 0000000038dd02b7 262144     fef003c8
+ 0000000038dd9327 262144     fef003c8
+ 0000000038ddcad6 262144     fef003c8
+ 0000000038de4227 262144     fef003c8
+ 0000000038deaf22 262144     fef003c8
+ 0000000038df76a0 262144     fef003c8
+ 0000000038dff68e 262144     fef003c8
+ 0000000038e095b4 262144     fef003c8
+ 0000000038e16e99 262144     fef003c8
+ 0000000038e223e7 262144     fef003c8
  000000003912b825 217592     fdf003c8.bin
  0000000039160a5d 40         fcf003c8.bin
  0000000000000000 0          163c904.dat
+ 0000000039160b09 3240       163c904.dat
  0000000000000000 0          163c903.dat
+ 00000000391617f1 2798       163c903.dat
  0000000000000000 0          163c902.dat
+ 000000003916231f 3412       163c902.dat
  0000000000000000 0          fbf07beb
+ 00000000391630b3 5568       fbf07beb
  0000000000000000 0          fbf01f02
+ 00000000391646b3 8177       fbf01f02
  0000000000000000 0          fbf006fc
+ 00000000391666e4 8173       fbf006fc
  0000000000000000 0          fbf006fb
+ 0000000039168711 8179       fbf006fb
  0000000000000000 0          fff00de1
+ 000000003916a748 262144     fff00de1
+ 0000000039177f25 262144     fff00de1
  0000000000000000 0          fef00de1
+ 00000000391cf1b7 262144     fef00de1
+ 00000000391dfc4b 262144     fef00de1
+ 00000000391f4792 262144     fef00de1
+ 0000000039200ab9 262144     fef00de1
  00000000392c65d1 1749184    fdf00de1.bin
  0000000000000000 0          fff00dc7
+ 00000000394716d9 17471      fff00dc7
  0000000039475b50 28         fdf00dc7.bin
  0000000039475bf4 40         fcf00dc7.bin
  0000000000000000 0          163c901.dat
+ 0000000039475ca0 18330      163c901.dat
  0000000000000000 0          163c900.dat
+ 000000003947a47a 16220      163c900.dat
  0000000000000000 0          163c8ff.dat
+ 000000003947e416 17746      163c8ff.dat
  00000000394829a0 272        LoadMaskDB.cfg
  0000000039482b39 4064       default.cfg
  00000000394834f5 1024       loading_bink3s.bik
  0000000039483995 1024       egouts3s.bik
  0000000039483e35 1024       outro_RGH.bik
  00000000394842d5 1024       PAL_UbiLogo.bik
  0000000039484775 1024       CineGAG_Caprisun01_US.bik
  0000000039484c15 1024       CineGAG_Caprisun01.bik
  00000000394850b5 1024       intro_RGH.bik
  0000000039485555 1024       wii_vert_shake_unique.bik
  0000000039485a75 1024       wii_vert_shake_repeat.bik
  0000000039485f95 1024       wii_shake_horiz_unique.bik
  00000000394864b5 1024       wii_shake_horiz_repea.bik
  00000000394869d5 1024       wii_rot_gche.bik
  0000000039486ef5 1024       wii_rot_dte.bik
  0000000039487415 1024       wii_pench_gche.bik
  0000000039487935 1024       wii_pench_dte.bik
  0000000039487e55 1024       wii_pench_dte-gche.bik
  0000000039488375 1024       wii_branlette.bik
  0000000039488895 1024       nun_vert_shake_unique.bik
  0000000039488db5 1024       nun_vert_shake_repeat.bik
  00000000394892d5 1024       nun_haut_bas.bik
  00000000394897f5 1024       nun_haut.bik
  0000000039489d15 1024       nun_gche.bik
  000000003948a235 1024       nun_dte_gche.bik
  000000003948a755 1024       nun_dte.bik
  000000003948ac75 1024       nun_bas.bik
  000000003948b195 1024       bink_in_progress.bik
  000000003948b6b5 1024       vermis.bik
  000000003948bb55 1024       humains.bik
  000000003948bff5 1024       rabbids.bik
  000000003948c495 1024       Cine_COM_caddie.bik
  000000003948c935 1024       Bink_Mission_B5.bik
  000000003948ce55 1024       Bink_Mission_E4.bik
  000000003948d2f5 1024       Bink_Mission_D4.bik
  000000003948d795 1024       Bink_Mission_C12.bik
  000000003948dc35 1024       Bink_Mission_C11.bik
  000000003948e0d5 1024       Bink_Mission_C9.bik
  000000003948e595 1024       Bink_Mission_E6.bik
  000000003948ea35 1024       Bink_Mission_B10.bik
  000000003948ef55 1024       Bink_Mission_C3.bik
  000000003948f415 1024       Bink_Mission_E3.bik
  000000003948f8b5 1024       Bink_Mission_E2.bik
  000000003948fd55 1024       Bink_Mission_C4.bik
  0000000039490215 1024       Bink_Mission_B8.bik
  00000000394906d5 1024       Bink_Mission_B11.bik
  0000000039490b75 1024       Bink_Mission_B9.bik
  0000000039491095 1024       Bink_Mission_D5.bik
  0000000039491535 1024       Bink_Mission_D1.bik
  00000000394919d5 1024       Bink_Mission_C10.bik
  0000000039491ef5 1024       Bink_Mission_C6.bik
  00000000394923b5 1024       Bink_Mission_B6.bik
  00000000394928d5 1024       Bink_Mission_D6.bik
  0000000039492d75 1024       Bink_Mission_C1.bik
  0000000039493295 1024       Bink_Mission_B4.bik
  00000000394937b5 1024       Bink_Mission_B3.bik
  0000000039493cd5 1024       Bink_Mission_B2.bik
  00000000394941f5 1024       Bink_Mission_B1.bik
  0000000039494715 1024       Bink_Mission_C2.bik
  0000000039494c35 1024       Bink_Mission_B7.bik
  0000000039495155 1024       Bink_Mission_C5.bik
  0000000039495675 1024       Bink_Mission_C7.bik
  0000000039495b95 1024       Bink_PJ_Only.bik
  00000000394960b5 1024       Bink_XL_avion.bik
  00000000394965b5 1024       Bink_XL_piano.bik
  0000000039496ab5 1024       Bink_XL_cuve.bik
  0000000039496fb5 1024       Bink_XL_pneu.bik
  0000000039497455 1024       Bink_XL_bureau.bik
  0000000039497955 1024       Bink_XL_radar.bik
  0000000039497e75 1024       Bink_XL_kiosque_vigie.bik
  0000000039498315 1024       Bink_XL_vase.bik
  0000000039498835 1024       Bink_XL_train_atterrissage.bik
  0000000039498d55 1024       Bink_XL_horloge_vigie.bik
  00000000394991f5 1024       Bink_XL_coffre.bik
  0000000039499715 1024       Bink_XL_citerne.bik
  0000000039499c35 1024       Bink_XL_4x4.bik
  000000003949a155 1024       Bink_XL_vache.bik
  000000003949a675 1024       Bink_XL_statue.bik
  000000003949ab95 1024       Bink_XL_Sapin.bik
  000000003949b0b5 1024       Bink_XL_reacteur.bik
  000000003949b5d5 1024       Bink_XL_plongeoir.bik
  000000003949baf5 1024       Bink_XL_pile.bik
  000000003949c015 1024       Bink_XL_lustre.bik
  000000003949c535 1024       Bink_XL_lit.bik
  000000003949ca55 1024       Bink_XL_kiosque.bik
Empty file, skipping: FR_tourist2_Runaway04.sns
  000000003949d515 1024       FR_tourist2_Runaway03.sns
  000000003949da35 1024       FR_tourist2_Runaway02.sns
  000000003949df55 1024       FR_tourist2_Runaway01.sns
  000000003949e475 1024       FR_tourist2_NakRun04.sns
  000000003949e995 1024       FR_tourist2_NakRun03.sns
  000000003949eeb5 1024       FR_tourist2_NakRun02.sns
  000000003949f3d5 1024       FR_tourist2_NakHide02.sns
  000000003949f8f5 1024       FR_tourist2_NakHide01.sns
  000000003949fe15 1024       FR_tourist2_Baahed02.sns
  00000000394a0335 1024       FR_tourist2_Baahed01.sns
  00000000394a0855 1024       FR_tourist2_Suspicious02.sns
  00000000394a0d75 1024       FR_tourist2_Suspicious01.sns
  00000000394a1295 1024       FR_Tina_A_Vscript02.sns
  00000000394a17b5 1024       FR_Tina_A_Vscript01.sns
  00000000394a1cd5 1024       FR_Tina_A_Vrunaway04.sns
  00000000394a21f5 1024       FR_Tina_A_Vrunaway03.sns
  00000000394a2715 1024       FR_Tina_A_Vrunaway02.sns
  00000000394a2c35 1024       FR_Tina_A_Vrunaway01.sns
  00000000394a3155 1024       FR_Tina_A_Vrun04.sns
  00000000394a3675 1024       FR_Tina_A_Vrun03.sns
  00000000394a3b95 1024       FR_Tina_A_Vrun02.sns
  00000000394a40b5 1024       FR_Tina_A_Vrun01.sns
  00000000394a45d5 1024       FR_Tina_A_Vreactor03.sns
  00000000394a4af5 1024       FR_Tina_A_Vreactor02.sns
  00000000394a5015 1024       FR_Tina_A_Vreactor01.sns
  00000000394a5535 1024       FR_Tina_A_Vjump02.sns
  00000000394a5a55 1024       FR_Tina_A_Vjump01.sns
  00000000394a5f75 1024       FR_Tina_A_Vhit02.sns
  00000000394a6495 1024       FR_Tina_A_Vhit01.sns
  00000000394a69b5 1024       FR_Tina_A_Vexplode02.sns
  00000000394a6ed5 1024       FR_Tina_A_Vexplode01.sns
  00000000394a73f5 1024       FR_Tina_A_Suspicious02.sns
  00000000394a7915 1024       FR_Tina_A_Suspicious01.sns
  00000000394a7e35 1024       FR_Tina_A_Runaway04.sns
  00000000394a8355 1024       FR_Tina_A_Runaway03.sns
  00000000394a8875 1024       FR_Tina_A_Runaway02.sns
  00000000394a8d95 1024       FR_Tina_A_Runaway01.sns
  00000000394a92b5 1024       FR_Tina_A_reactor03.sns
  00000000394a97d5 1024       FR_Tina_A_reactor02.sns
  00000000394a9cf5 1024       FR_Tina_A_reactor01.sns
  00000000394aa215 1024       FR_Tina_A_NakRun04.sns
  00000000394aa735 1024       FR_Tina_A_NakRun03.sns
  00000000394aac55 1024       FR_Tina_A_NakRun02.sns
  00000000394ab175 1024       FR_Tina_A_NakRun01.sns
  00000000394ab695 1024       FR_Tina_A_NakHide02.sns
  00000000394abbb5 1024       FR_Tina_A_NakHide01.sns
  00000000394ac0d5 1024       FR_Tina_A_Baahed02.sns
  00000000394ac5f5 1024       FR_Tina_A_Baahed01.sns
  00000000394acb15 1024       FR_Tidy_Robot02.sns
  00000000394ad035 1024       FR_Tidy_Robot01.sns
  00000000394ad555 1024       FR_Tidy_Robot00.sns
  00000000394ada75 1024       FR_Supermarket-customer_suspicious02.sns
  00000000394adf95 1024       FR_Supermarket-customer_suspicious01.sns
  00000000394ae4b5 1024       FR_Supermarket-customer_runaway04.sns
  00000000394ae9d5 1024       FR_Supermarket-customer_runaway03.sns
  00000000394aeef5 1024       FR_Supermarket-customer_runaway02.sns
  00000000394af415 1024       FR_Supermarket-customer_runaway01.sns
  00000000394af935 1024       FR_Supermarket-customer_nakrun04.sns
  00000000394afe55 1024       FR_Supermarket-customer_nakrun03.sns
  00000000394b0375 1024       FR_Supermarket-customer_nakrun02.sns
  00000000394b0895 1024       FR_Supermarket-customer_nakrun01.sns
  00000000394b0db5 1024       FR_Supermarket-customer_nakhide02.sns
  00000000394b12d5 1024       FR_Supermarket-customer_nakhide01.sns
  00000000394b17f5 1024       FR_Supermarket-customer_baahed02.sns
  00000000394b1d15 1024       FR_Supermarket-customer_baahed01.sns
  00000000394b2235 1024       FR_steward_Suspicious02.sns
  00000000394b2755 1024       FR_steward_Suspicious01.sns
  00000000394b2c75 1024       FR_steward_Runaway04.sns
  00000000394b3195 1024       FR_steward_Runaway03.sns
  00000000394b36b5 1024       FR_steward_Runaway02.sns
  00000000394b3bd5 1024       FR_steward_Runaway01.sns
  00000000394b40f5 1024       FR_steward_NakRun04.sns
  00000000394b4615 1024       FR_steward_NakRun03.sns
  00000000394b4b35 1024       FR_steward_NakRun02.sns
  00000000394b5055 1024       FR_steward_NakRun01.sns
  00000000394b5575 1024       FR_steward_NakHide02.sns
  00000000394b5a95 1024       FR_steward_NakHide01.sns
  00000000394b5fb5 1024       FR_steward_Baahed02.sns
  00000000394b64d5 1024       FR_steward_Baahed01.sns
  00000000394b69f5 1024       FR_Servant_Suspicious02.sns
  00000000394b6f15 1024       FR_Servant_Suspicious01.sns
  00000000394b7435 1024       FR_Servant_Runaway04.sns
  00000000394b7955 1024       FR_Servant_Runaway03.sns
  00000000394b7e75 1024       FR_Servant_Runaway02.sns
  00000000394b8395 1024       FR_Servant_Runaway01.sns
  00000000394b88b5 1024       FR_Servant_Nakrun04.sns
  00000000394b8dd5 1024       FR_Servant_Nakrun03.sns
  00000000394b92f5 1024       FR_Servant_Nakrun02.sns
  00000000394b9815 1024       FR_Servant_Nakrun01.sns
  00000000394b9d35 1024       FR_Servant_Nakhide02.sns
  00000000394ba255 1024       FR_Servant_Nakhide01.sns
  00000000394ba775 1024       FR_Servant_Baahed02.sns
  00000000394bac95 1024       FR_Servant_Baahed01.sns
  00000000394bb1b5 1024       FR_Segolene_V_VScript02.sns
  00000000394bb6d5 1024       FR_Segolene_V_VScript01.sns
  00000000394bbbf5 1024       FR_Segolene_V_VRunaway04.sns
  00000000394bc115 1024       FR_Segolene_V_VRunaway03.sns
  00000000394bc635 1024       FR_Segolene_V_VRunaway02.sns
  00000000394bcb55 1024       FR_Segolene_V_VRunaway01.sns
  00000000394bd075 1024       FR_Segolene_V_VRun04.sns
  00000000394bd595 1024       FR_Segolene_V_VRun03.sns
  00000000394bdab5 1024       FR_Segolene_V_VRun02.sns
  00000000394bdfd5 1024       FR_Segolene_V_VRun01.sns
  00000000394be4f5 1024       FR_Segolene_V_VJump02.sns
  00000000394bea15 1024       FR_Segolene_V_VJump01.sns
  00000000394bef35 1024       FR_Segolene_V_VHit02.sns
  00000000394bf455 1024       FR_Segolene_V_VHit01.sns
  00000000394bf975 1024       FR_Segolene_V_VExplode02.sns
  00000000394bfe95 1024       FR_Segolene_V_VExplode01.sns
  00000000394c03b5 1024       FR_Segolene_V_Suspicious02.sns
  00000000394c08d5 1024       FR_Segolene_V_Suspicious01.sns
  00000000394c0df5 1024       FR_Segolene_V_Runaway04.sns
  00000000394c1315 1024       FR_Segolene_V_Runaway03.sns
  00000000394c1835 1024       FR_Segolene_V_Runaway02.sns
  00000000394c1d55 1024       FR_Segolene_V_Runaway01.sns
  00000000394c2275 1024       FR_Segolene_V_Nakrun04.sns
  00000000394c2795 1024       FR_Segolene_V_Nakrun03.sns
  00000000394c2cb5 1024       FR_Segolene_V_Nakrun02.sns
  00000000394c31d5 1024       FR_Segolene_V_Nakrun01.sns
  00000000394c36f5 1024       FR_Segolene_V_Nakhide01.sns
  00000000394c3c15 1024       FR_Segolene_V_Baahed02.sns
  00000000394c4135 1024       FR_Segolene_V_Baahed01.sns
  00000000394c4655 1024       FR_Segolene_J_VScript02.sns
  00000000394c4b75 1024       FR_Segolene_J_VScript01.sns
  00000000394c5095 1024       FR_Segolene_J_VRunaway04.sns
  00000000394c55b5 1024       FR_Segolene_J_VRunaway03.sns
  00000000394c5ad5 1024       FR_Segolene_J_VRunaway02.sns
  00000000394c5ff5 1024       FR_Segolene_J_VRunaway01.sns
  00000000394c6515 1024       FR_Segolene_J_VRun04.sns
  00000000394c6a35 1024       FR_Segolene_J_VRun03.sns
  00000000394c6f55 1024       FR_Segolene_J_VRun02.sns
  00000000394c7475 1024       FR_Segolene_J_VRun01.sns
  00000000394c7995 1024       FR_Segolene_J_VJump02.sns
  00000000394c7eb5 1024       FR_Segolene_J_VJump01.sns
  00000000394c83d5 1024       FR_Segolene_J_VHit02.sns
  00000000394c88f5 1024       FR_Segolene_J_VHit01.sns
  00000000394c8e15 1024       FR_Segolene_J_VExplode02.sns
  00000000394c9335 1024       FR_Segolene_J_VExplode01.sns
  00000000394c9855 1024       FR_Segolene_J_Suspicious02.sns
  00000000394c9d75 1024       FR_Segolene_J_Suspicious01.sns
  00000000394ca295 1024       FR_Segolene_J_Runaway04.sns
  00000000394ca7b5 1024       FR_Segolene_J_Runaway03.sns
  00000000394cacd5 1024       FR_Segolene_J_Runaway02.sns
  00000000394cb1f5 1024       FR_Segolene_J_Runaway01.sns
  00000000394cb715 1024       FR_Segolene_J_Nakrun04.sns
  00000000394cbc35 1024       FR_Segolene_J_Nakrun03.sns
  00000000394cc155 1024       FR_Segolene_J_Nakrun02.sns
  00000000394cc675 1024       FR_Segolene_J_Nakrun01.sns
  00000000394ccb95 1024       FR_Segolene_J_Nakhide02.sns
  00000000394cd0b5 1024       FR_Segolene_J_Nakhide01.sns
  00000000394cd5d5 1024       FR_Segolene_J_Baahed02.sns
  00000000394cdaf5 1024       FR_Segolene_J_Baahed01.sns
  00000000394ce015 1024       FR_Segolene_A_Vscript02.sns
  00000000394ce535 1024       FR_Segolene_A_Vscript01.sns
  00000000394cea55 1024       FR_Segolene_A_Vrunaway04.sns
  00000000394cef75 1024       FR_Segolene_A_Vrunaway03.sns
  00000000394cf495 1024       FR_Segolene_A_Vrunaway02.sns
  00000000394cf9b5 1024       FR_Segolene_A_Vrunaway01.sns
  00000000394cfed5 1024       FR_Segolene_A_Vrun04.sns
  00000000394d03f5 1024       FR_Segolene_A_Vrun03.sns
  00000000394d0915 1024       FR_Segolene_A_Vrun02.sns
  00000000394d0e35 1024       FR_Segolene_A_Vrun01.sns
  00000000394d1355 1024       FR_Segolene_A_Vjump02.sns
  00000000394d1875 1024       FR_Segolene_A_Vjump01.sns
  00000000394d1d95 1024       FR_Segolene_A_Vhit02.sns
  00000000394d22b5 1024       FR_Segolene_A_Vhit01.sns
  00000000394d27d5 1024       FR_Segolene_A_Vexplode02.sns
  00000000394d2cf5 1024       FR_Segolene_A_Vexplode01.sns
  00000000394d3215 1024       FR_Segolene_A_Suspicious03.sns
  00000000394d3735 1024       FR_Segolene_A_Suspicious01.sns
  00000000394d3c55 1024       FR_Segolene_A_Runaway04.sns
  00000000394d4175 1024       FR_Segolene_A_Runaway03.sns
  00000000394d4695 1024       FR_Segolene_A_Runaway02.sns
  00000000394d4bb5 1024       FR_Segolene_A_Runaway01.sns
  00000000394d50d5 1024       FR_Segolene_A_NakRun04.sns
  00000000394d55f5 1024       FR_Segolene_A_NakRun03.sns
  00000000394d5b15 1024       FR_Segolene_A_NakRun02.sns
  00000000394d6035 1024       FR_Segolene_A_NakRun01.sns
  00000000394d6555 1024       FR_Segolene_A_NakHide02.sns
  00000000394d6a75 1024       FR_Segolene_A_NakHide01.sns
  00000000394d6f95 1024       FR_Segolene_A_Baahed02.sns
  00000000394d74b5 1024       FR_Segolene_A_Baahed01.sns
  00000000394d79d5 1024       FR_ScoutGirl_Suspicious02.sns
  00000000394d7ef5 1024       FR_ScoutGirl_Suspicious01.sns
  00000000394d8415 1024       FR_ScoutGirl_Runaway04.sns
  00000000394d8935 1024       FR_ScoutGirl_Runaway03.sns
  00000000394d8e55 1024       FR_ScoutGirl_Runaway02.sns
  00000000394d9375 1024       FR_ScoutGirl_Runaway01.sns
  00000000394d9895 1024       FR_ScoutGirl_Nakrun04.sns
  00000000394d9db5 1024       FR_ScoutGirl_Nakrun03.sns
  00000000394da2d5 1024       FR_ScoutGirl_Nakrun02.sns
  00000000394da7f5 1024       FR_ScoutGirl_Nakrun01.sns
  00000000394dad15 1024       FR_ScoutGirl_Nakhide02.sns
  00000000394db235 1024       FR_ScoutGirl_Nakhide01.sns
  00000000394db755 1024       FR_ScoutGirl_Baahed02.sns
  00000000394dbc75 1024       FR_ScoutGirl_Baahed01.sns
  00000000394dc195 1024       FR_ScoutBoy_Suspicious02.sns
  00000000394dc6b5 1024       FR_ScoutBoy_Suspicious01.sns
  00000000394dcbd5 1024       FR_ScoutBoy_Runaway04.sns
  00000000394dd0f5 1024       FR_ScoutBoy_Runaway03.sns
  00000000394dd615 1024       FR_ScoutBoy_Runaway02.sns
  00000000394ddb35 1024       FR_ScoutBoy_Runaway01.sns
  00000000394de055 1024       FR_ScoutBoy_Nakrun04.sns
  00000000394de575 1024       FR_ScoutBoy_Nakrun03.sns
  00000000394dea95 1024       FR_ScoutBoy_Nakrun02.sns
  00000000394defb5 1024       FR_ScoutBoy_Nakrun01.sns
  00000000394df4d5 1024       FR_ScoutBoy_Nakhide02.sns
  00000000394df9f5 1024       FR_ScoutBoy_Nakhide01.sns
  00000000394dff15 1024       FR_ScoutBoy_Baahed02.sns
  00000000394e0435 1024       FR_ScoutBoy_Baahed01.sns
  00000000394e0955 1024       FR_SantaClaus_Suspicious02.sns
  00000000394e0e75 1024       FR_SantaClaus_Suspicious01.sns
  00000000394e1395 1024       FR_SantaClaus_Runaway04.sns
  00000000394e18b5 1024       FR_SantaClaus_Runaway03.sns
  00000000394e1dd5 1024       FR_SantaClaus_Runaway02.sns
  00000000394e22f5 1024       FR_SantaClaus_Runaway01.sns
  00000000394e2815 1024       FR_SantaClaus_NakRun04.sns
  00000000394e2d35 1024       FR_SantaClaus_NakRun03.sns
  00000000394e3255 1024       FR_SantaClaus_NakRun02.sns
  00000000394e3775 1024       FR_SantaClaus_NakRun01.sns
  00000000394e3c95 1024       FR_SantaClaus_NakHide02.sns
  00000000394e41b5 1024       FR_SantaClaus_NakHide01.sns
  00000000394e46d5 1024       FR_SantaClaus_Baahed02.sns
  00000000394e4bf5 1024       FR_SantaClaus_Baahed01.sns
  00000000394e5115 1024       FR_Sanibot_finish.sns
  00000000394e5635 1024       FR_Sanibot_door.sns
  00000000394e5b55 1024       FR_Sanibot_detect.sns
  00000000394e6075 1024       FR_Sanibot_clean.sns
  00000000394e6595 1024       FR_Sanibot_catch.sns
  00000000394e6ab5 1024       FR_Sanibot_baahed.sns
  00000000394e6fd5 1024       FR_Robert_V_VScript02.sns
  00000000394e74f5 1024       FR_Robert_V_VScript01.sns
  00000000394e7a15 1024       FR_Robert_V_VRunaway04.sns
  00000000394e7f35 1024       FR_Robert_V_VRunaway03.sns
  00000000394e8455 1024       FR_Robert_V_VRunaway02.sns
  00000000394e8975 1024       FR_Robert_V_VRunaway01.sns
  00000000394e8e95 1024       FR_Robert_V_VRun04.sns
  00000000394e93b5 1024       FR_Robert_V_VRun03.sns
  00000000394e98d5 1024       FR_Robert_V_VRun02.sns
  00000000394e9df5 1024       FR_Robert_V_VRun01.sns
  00000000394ea315 1024       FR_Robert_V_VJump02.sns
  00000000394ea835 1024       FR_Robert_V_VJump01.sns
  00000000394ead55 1024       FR_Robert_V_VHit02.sns
  00000000394eb275 1024       FR_Robert_V_VHit01.sns
  00000000394eb795 1024       FR_Robert_V_VExplode02.sns
  00000000394ebcb5 1024       FR_Robert_V_VExplode01.sns
  00000000394ec1d5 1024       FR_Robert_V_Suspicious02.sns
  00000000394ec6f5 1024       FR_Robert_V_Suspicious01.sns
  00000000394ecc15 1024       FR_Robert_V_Runaway04.sns
  00000000394ed135 1024       FR_Robert_V_Runaway03.sns
  00000000394ed655 1024       FR_Robert_V_Runaway02.sns
  00000000394edb75 1024       FR_Robert_V_Runaway01.sns
  00000000394ee095 1024       FR_Robert_V_Nakrun04.sns
  00000000394ee5b5 1024       FR_Robert_V_Nakrun03.sns
  00000000394eead5 1024       FR_Robert_V_Nakrun02.sns
  00000000394eeff5 1024       FR_Robert_V_Nakrun01.sns
  00000000394ef515 1024       FR_Robert_V_Nakhide02.sns
  00000000394efa35 1024       FR_Robert_V_Nakhide01.sns
  00000000394eff55 1024       FR_Robert_V_Baahed02.sns
  00000000394f0475 1024       FR_Robert_V_Baahed01.sns
  00000000394f0995 1024       FR_Robert_J_Vscript02.sns
  00000000394f0eb5 1024       FR_Robert_J_Vscript01.sns
  00000000394f13d5 1024       FR_Robert_J_Vrunaway04.sns
  00000000394f18f5 1024       FR_Robert_J_Vrunaway03.sns
  00000000394f1e15 1024       FR_Robert_J_Vrunaway02.sns
  00000000394f2335 1024       FR_Robert_J_Vrunaway01.sns
  00000000394f2855 1024       FR_Robert_J_Vrun04.sns
  00000000394f2d75 1024       FR_Robert_J_Vrun03.sns
  00000000394f3295 1024       FR_Robert_J_Vrun02.sns
  00000000394f37b5 1024       FR_Robert_J_Vrun01.sns
  00000000394f3cd5 1024       FR_Robert_J_Vreactor03.sns
  00000000394f41f5 1024       FR_Robert_J_Vreactor02.sns
  00000000394f4715 1024       FR_Robert_J_Vreactor01.sns
  00000000394f4c35 1024       FR_Robert_J_Vjump02.sns
  00000000394f5155 1024       FR_Robert_J_Vjump01.sns
  00000000394f5675 1024       FR_Robert_J_Vhit02.sns
  00000000394f5b95 1024       FR_Robert_J_Vhit01.sns
  00000000394f60b5 1024       FR_Robert_J_Vexplode02.sns
  00000000394f65d5 1024       FR_Robert_J_Vexplode01.sns
  00000000394f6af5 1024       FR_Robert_J_Suspicious02.sns
  00000000394f7015 1024       FR_Robert_J_Suspicious01.sns
  00000000394f7535 1024       FR_Robert_J_Runaway04.sns
  00000000394f7a55 1024       FR_Robert_J_Runaway03.sns
  00000000394f7f75 1024       FR_Robert_J_Runaway02.sns
  00000000394f8495 1024       FR_Robert_J_Runaway01.sns
  00000000394f89b5 1024       FR_Robert_J_reactor03.sns
  00000000394f8ed5 1024       FR_Robert_J_reactor02.sns
  00000000394f93f5 1024       FR_Robert_J_reactor01.sns
  00000000394f9915 1024       FR_Robert_J_NakRun04.sns
  00000000394f9e35 1024       FR_Robert_J_NakRun03.sns
  00000000394fa355 1024       FR_Robert_J_NakRun02.sns
  00000000394fa875 1024       FR_Robert_J_NakRun01.sns
  00000000394fad95 1024       FR_Robert_J_NakHide02.sns
  00000000394fb2b5 1024       FR_Robert_J_NakHide01.sns
  00000000394fb7d5 1024       FR_Robert_J_Baahed02.sns
  00000000394fbcf5 1024       FR_Robert_J_Baahed01.sns
  00000000394fc215 1024       FR_Robert_A_VScript02.sns
  00000000394fc735 1024       FR_Robert_A_VScript01.sns
  00000000394fcc55 1024       FR_Robert_A_VRunaway04.sns
  00000000394fd175 1024       FR_Robert_A_VRunaway03.sns
  00000000394fd695 1024       FR_Robert_A_VRunaway02.sns
  00000000394fdbb5 1024       FR_Robert_A_VRunaway01.sns
  00000000394fe0d5 1024       FR_Robert_A_VRun04.sns
  00000000394fe5f5 1024       FR_Robert_A_VRun03.sns
  00000000394feb15 1024       FR_Robert_A_VRun02.sns
  00000000394ff035 1024       FR_Robert_A_VRun01.sns
  00000000394ff555 1024       FR_Robert_A_VJump02.sns
  00000000394ffa75 1024       FR_Robert_A_VJump01.sns
  00000000394fff95 1024       FR_Robert_A_VHit02.sns
  00000000395004b5 1024       FR_Robert_A_VHit01.sns
  00000000395009d5 1024       FR_Robert_A_VExplode02.sns
  0000000039500ef5 1024       FR_Robert_A_VExplode01.sns
  0000000039501415 1024       FR_Robert_A_Suspicious02.sns
  0000000039501935 1024       FR_Robert_A_Suspicious01.sns
  0000000039501e55 1024       FR_Robert_A_Runaway04.sns
  0000000039502375 1024       FR_Robert_A_Runaway03.sns
  0000000039502895 1024       FR_Robert_A_Runaway02.sns
  0000000039502db5 1024       FR_Robert_A_Runaway01.sns
  00000000395032d5 1024       FR_Robert_A_Nakrun04.sns
  00000000395037f5 1024       FR_Robert_A_Nakrun03.sns
  0000000039503d15 1024       FR_Robert_A_Nakrun02.sns
  0000000039504235 1024       FR_Robert_A_Nakrun01.sns
  0000000039504755 1024       FR_Robert_A_Nakhide02.sns
  0000000039504c75 1024       FR_Robert_A_Nakhide01.sns
  0000000039505195 1024       FR_Robert_A_Baahed02.sns
  00000000395056b5 1024       FR_Robert_A_Baahed01.sns
  0000000039505bd5 1024       FR_Raymonde_V_Vscript02.sns
  00000000395060f5 1024       FR_Raymonde_V_Vscript01.sns
  0000000039506615 1024       FR_Raymonde_V_Vrunaway04.sns
  0000000039506b35 1024       FR_Raymonde_V_Vrunaway03.sns
  0000000039507055 1024       FR_Raymonde_V_Vrunaway02.sns
  0000000039507575 1024       FR_Raymonde_V_Vrunaway01.sns
  0000000039507a95 1024       FR_Raymonde_V_Vrun04.sns
  0000000039507fb5 1024       FR_Raymonde_V_Vrun03.sns
  00000000395084d5 1024       FR_Raymonde_V_Vrun02.sns
  00000000395089f5 1024       FR_Raymonde_V_Vrun01.sns
  0000000039508f15 1024       FR_Raymonde_V_Vjump02.sns
  0000000039509435 1024       FR_Raymonde_V_Vjump01.sns
  0000000039509955 1024       FR_Raymonde_V_Vhit02.sns
  0000000039509e75 1024       FR_Raymonde_V_Vhit01.sns
  000000003950a395 1024       FR_Raymonde_V_Vexplode02.sns
  000000003950a8b5 1024       FR_Raymonde_V_Vexplode01.sns
  000000003950add5 1024       FR_Raymonde_V_Suspicious02.sns
  000000003950b2f5 1024       FR_Raymonde_V_Suspicious01.sns
  000000003950b815 1024       FR_Raymonde_V_Runaway04.sns
  000000003950bd35 1024       FR_Raymonde_V_Runaway03.sns
  000000003950c255 1024       FR_Raymonde_V_Runaway02.sns
  000000003950c775 1024       FR_Raymonde_V_Runaway01.sns
  000000003950cc95 1024       FR_Raymonde_V_NakRun04.sns
  000000003950d1b5 1024       FR_Raymonde_V_NakRun03.sns
  000000003950d6d5 1024       FR_Raymonde_V_NakRun02.sns
  000000003950dbf5 1024       FR_Raymonde_V_NakRun01.sns
  000000003950e115 1024       FR_Raymonde_V_NakHide02.sns
  000000003950e635 1024       FR_Raymonde_V_NakHide01.sns
  000000003950eb55 1024       FR_Raymonde_V_Baahed02.sns
  000000003950f075 1024       FR_Raymonde_V_Baahed01.sns
  000000003950f595 1024       FR_Raymonde_J_VScript02.sns
  000000003950fab5 1024       FR_Raymonde_J_VScript01.sns
  000000003950ffd5 1024       FR_Raymonde_J_VRunaway04.sns
  00000000395104f5 1024       FR_Raymonde_J_VRunaway03.sns
  0000000039510a15 1024       FR_Raymonde_J_VRunaway02.sns
  0000000039510f35 1024       FR_Raymonde_J_VRunaway01.sns
  0000000039511455 1024       FR_Raymonde_J_VRun04.sns
  0000000039511975 1024       FR_Raymonde_J_VRun03.sns
  0000000039511e95 1024       FR_Raymonde_J_VRun02.sns
  00000000395123b5 1024       FR_Raymonde_J_VRun01.sns
  00000000395128d5 1024       FR_Raymonde_J_VJump02.sns
  0000000039512df5 1024       FR_Raymonde_J_VJump01.sns
  0000000039513315 1024       FR_Raymonde_J_VHit02.sns
  0000000039513835 1024       FR_Raymonde_J_VHit01.sns
  0000000039513d55 1024       FR_Raymonde_J_VExplode02.sns
  0000000039514275 1024       FR_Raymonde_J_VExplode01.sns
  0000000039514795 1024       FR_Raymonde_J_Suspicious02.sns
  0000000039514cb5 1024       FR_Raymonde_J_Suspicious01.sns
  00000000395151d5 1024       FR_Raymonde_J_Runaway04.sns
  00000000395156f5 1024       FR_Raymonde_J_Runaway03.sns
  0000000039515c15 1024       FR_Raymonde_J_Runaway02.sns
  0000000039516135 1024       FR_Raymonde_J_Runaway01.sns
  0000000039516655 1024       FR_Raymonde_J_Nakrun04.sns
  0000000039516b75 1024       FR_Raymonde_J_Nakrun03.sns
  0000000039517095 1024       FR_Raymonde_J_Nakrun02.sns
  00000000395175b5 1024       FR_Raymonde_J_Nakrun01.sns
  0000000039517ad5 1024       FR_Raymonde_J_Nakhide02.sns
  0000000039517ff5 1024       FR_Raymonde_J_Nakhide01.sns
  0000000039518515 1024       FR_Raymonde_J_Baahed02.sns
  0000000039518a35 1024       FR_Raymonde_J_Baahed01.sns
  0000000039518f55 1024       FR_Raymonde_A_Vscript02.sns
  0000000039519475 1024       FR_Raymonde_A_Vscript01.sns
  0000000039519995 1024       FR_Raymonde_A_Vrunaway04.sns
  0000000039519eb5 1024       FR_Raymonde_A_Vrunaway03.sns
  000000003951a3d5 1024       FR_Raymonde_A_Vrunaway02.sns
  000000003951a8f5 1024       FR_Raymonde_A_Vrunaway01.sns
  000000003951ae15 1024       FR_Raymonde_A_Vrun04.sns
  000000003951b335 1024       FR_Raymonde_A_Vrun03.sns
  000000003951b855 1024       FR_Raymonde_A_Vrun02.sns
  000000003951bd75 1024       FR_Raymonde_A_Vrun01.sns
  000000003951c295 1024       FR_Raymonde_A_Vreactor03.sns
  000000003951c7b5 1024       FR_Raymonde_A_Vreactor02.sns
  000000003951ccd5 1024       FR_Raymonde_A_Vreactor01.sns
  000000003951d1f5 1024       FR_Raymonde_A_Vjump02.sns
  000000003951d715 1024       FR_Raymonde_A_Vjump01.sns
  000000003951dc35 1024       FR_Raymonde_A_Vhit02.sns
  000000003951e155 1024       FR_Raymonde_A_Vhit01.sns
  000000003951e675 1024       FR_Raymonde_A_Vexplode02.sns
  000000003951eb95 1024       FR_Raymonde_A_Vexplode01.sns
  000000003951f0b5 1024       FR_Raymonde_A_Suspicious02.sns
  000000003951f5d5 1024       FR_Raymonde_A_Suspicious01.sns
  000000003951faf5 1024       FR_Raymonde_A_Runaway04.sns
  0000000039520015 1024       FR_Raymonde_A_Runaway03.sns
  0000000039520535 1024       FR_Raymonde_A_Runaway02.sns
  0000000039520a55 1024       FR_Raymonde_A_Runaway01.sns
  0000000039520f75 1024       FR_Raymonde_A_reactor03.sns
  0000000039521495 1024       FR_Raymonde_A_reactor02.sns
  00000000395219b5 1024       FR_Raymonde_A_reactor01.sns
  0000000039521ed5 1024       FR_Raymonde_A_NakRun04.sns
  00000000395223f5 1024       FR_Raymonde_A_NakRun03.sns
  0000000039522915 1024       FR_Raymonde_A_NakRun02.sns
  0000000039522e35 1024       FR_Raymonde_A_NakRun01.sns
  0000000039523355 1024       FR_Raymonde_A_NakHide02.sns
  0000000039523875 1024       FR_Raymonde_A_NakHide01.sns
  0000000039523d95 1024       FR_Raymonde_A_Baahed02.sns
  00000000395242b5 1024       FR_Raymonde_A_Baahed01.sns
  00000000395247d5 1024       FR_Puppet_male_03.sns
  0000000039524cf5 1024       FR_Puppet_male_02.sns
  0000000039525215 1024       FR_Puppet_male_01.sns
  0000000039525735 1024       FR_Puppet_female_04.sns
  0000000039525c55 1024       FR_Puppet_female_03.sns
  0000000039526175 1024       FR_Puppet_female_02.sns
  0000000039526695 1024       FR_Puppet_female_01.sns
  0000000039526bb5 1024       FR_Panicman_Suspicious02.sns
  00000000395270d5 1024       FR_Panicman_Suspicious01.sns
  00000000395275f5 1024       FR_Panicman_Runaway04.sns
  0000000039527b15 1024       FR_Panicman_Runaway03.sns
  0000000039528035 1024       FR_Panicman_Runaway02.sns
  0000000039528555 1024       FR_Panicman_Runaway01.sns
  0000000039528a75 1024       FR_Panicman_NakRun04.sns
  0000000039528f95 1024       FR_Panicman_NakRun03.sns
  00000000395294b5 1024       FR_Panicman_NakRun02.sns
  00000000395299d5 1024       FR_Panicman_NakRun01.sns
  0000000039529ef5 1024       FR_Panicman_NakHide02.sns
  000000003952a415 1024       FR_Panicman_NakHide01.sns
  000000003952a935 1024       FR_Panicman_Baahed02.sns
  000000003952ae55 1024       FR_Panicman_Baahed01.sns
  000000003952b375 1024       FR_Owner_Villa2_Suspicious02.sns
  000000003952b895 1024       FR_Owner_Villa2_Suspicious01.sns
  000000003952bdb5 1024       FR_Owner_Villa2_Runaway04.sns
  000000003952c2d5 1024       FR_Owner_Villa2_Runaway03.sns
  000000003952c7f5 1024       FR_Owner_Villa2_Runaway02.sns
  000000003952cd15 1024       FR_Owner_Villa2_Runaway01.sns
  000000003952d235 1024       FR_Owner_Villa2_Nakrun04.sns
  000000003952d755 1024       FR_Owner_Villa2_Nakrun03.sns
  000000003952dc75 1024       FR_Owner_Villa2_Nakrun02.sns
  000000003952e195 1024       FR_Owner_Villa2_Nakrun01.sns
  000000003952e6b5 1024       FR_Owner_Villa2_Nakhide02.sns
  000000003952ebd5 1024       FR_Owner_Villa2_Nakhide01.sns
  000000003952f0f5 1024       FR_Owner_Villa2_Baahed02.sns
  000000003952f615 1024       FR_Owner_Villa2_Baahed01.sns
  000000003952fb35 1024       FR_Owner_Villa1_Vscript02.sns
  0000000039530055 1024       FR_Owner_Villa1_Vscript01.sns
  0000000039530575 1024       FR_Owner_Villa1_Vrunaway04.sns
  0000000039530a95 1024       FR_Owner_Villa1_Vrunaway03.sns
  0000000039530fb5 1024       FR_Owner_Villa1_Vrunaway02.sns
  00000000395314d5 1024       FR_Owner_Villa1_Vrunaway01.sns
  00000000395319f5 1024       FR_Owner_Villa1_Vrun04.sns
  0000000039531f15 1024       FR_Owner_Villa1_Vrun03.sns
  0000000039532435 1024       FR_Owner_Villa1_Vrun02.sns
  0000000039532955 1024       FR_Owner_Villa1_Vrun01.sns
  0000000039532e75 1024       FR_Owner_Villa1_Vjump02.sns
  0000000039533395 1024       FR_Owner_Villa1_Vjump01.sns
  00000000395338b5 1024       FR_Owner_Villa1_Vhit02.sns
  0000000039533dd5 1024       FR_Owner_Villa1_Vhit01.sns
  00000000395342f5 1024       FR_Owner_Villa1_Vexplode02.sns
  0000000039534815 1024       FR_Owner_Villa1_Vexplode01.sns
  0000000039534d35 1024       FR_Owner_Villa1_Suspicious02.sns
  0000000039535255 1024       FR_Owner_Villa1_Suspicious01.sns
  0000000039535775 1024       FR_Owner_Villa1_Runaway04.sns
  0000000039535c95 1024       FR_Owner_Villa1_Runaway03.sns
  00000000395361b5 1024       FR_Owner_Villa1_Runaway02.sns
  00000000395366d5 1024       FR_Owner_Villa1_Runaway01.sns
  0000000039536bf5 1024       FR_Owner_Villa1_Nakrun04.sns
  0000000039537115 1024       FR_Owner_Villa1_Nakrun03.sns
  0000000039537635 1024       FR_Owner_Villa1_Nakrun02.sns
  0000000039537b55 1024       FR_Owner_Villa1_Nakrun01.sns
  0000000039538075 1024       FR_Owner_Villa1_Nakhide02.sns
  0000000039538595 1024       FR_Owner_Villa1_Nakhide01.sns
  0000000039538ab5 1024       FR_Owner_Villa1_Baahed02.sns
  0000000039538fd5 1024       FR_Owner_Villa1_Baahed01.sns
  00000000395394f5 1024       FR_Office_worker4_turn02.sns
  0000000039539a15 1024       FR_Office_worker4_turn01.sns
  0000000039539f35 1024       FR_Office_worker4_backbusy04.sns
  000000003953a455 1024       FR_Office_worker4_backbusy03.sns
  000000003953a975 1024       FR_Office_worker4_backbusy02.sns
  000000003953ae95 1024       FR_Office_worker4_backbusy01.sns
  000000003953b3b5 1024       FR_Office_worker3_turn02.sns
  000000003953b8d5 1024       FR_Office_worker3_turn01.sns
  000000003953bdf5 1024       FR_Office_worker3_backbusy03.sns
  000000003953c315 1024       FR_Office_worker3_backbusy02.sns
  000000003953c835 1024       FR_Office_worker3_backbusy01.sns
  000000003953cd55 1024       FR_Office_worker2_turn02.sns
  000000003953d275 1024       FR_Office_worker2_backbusy04.sns
  000000003953d795 1024       FR_Office_worker2_backbusy03.sns
  000000003953dcb5 1024       FR_Office_worker2_backbusy02.sns
  000000003953e1d5 1024       FR_Office_worker2_backbusy01.sns
  000000003953e6f5 1024       FR_Office_worker1_turn02.sns
  000000003953ec15 1024       FR_Office_worker1_backbusy04.sns
  000000003953f135 1024       FR_Office_worker1_backbusy03.sns
  000000003953f655 1024       FR_Office_worker1_backbusy02.sns
  000000003953fb75 1024       FR_Office_worker1_backbusy01.sns
  0000000039540095 1024       FR_Nurse_Suspicious02.sns
  00000000395405b5 1024       FR_Nurse_Suspicious01.sns
  0000000039540ad5 1024       FR_Nurse_Runaway04.sns
  0000000039540ff5 1024       FR_Nurse_Runaway03.sns
  0000000039541515 1024       FR_Nurse_Runaway02.sns
  0000000039541a35 1024       FR_Nurse_Runaway01.sns
  0000000039541f55 1024       FR_Nurse_NakRun04.sns
  0000000039542475 1024       FR_Nurse_NakRun03.sns
  0000000039542995 1024       FR_Nurse_NakRun02.sns
  0000000039542eb5 1024       FR_Nurse_NakRun01.sns
  00000000395433d5 1024       FR_Nurse_NakHide03.sns
  00000000395438f5 1024       FR_Nurse_NakHide01.sns
  0000000039543e15 1024       FR_Nurse_Baahed02.sns
  0000000039544335 1024       FR_Nurse_Baahed01.sns
  0000000039544855 1024       FR_Naomi_V_VScript02.sns
  0000000039544d75 1024       FR_Naomi_V_VScript01.sns
  0000000039545295 1024       FR_Naomi_V_VRunaway04.sns
  00000000395457b5 1024       FR_Naomi_V_VRunaway03.sns
  0000000039545cd5 1024       FR_Naomi_V_VRunaway02.sns
  00000000395461f5 1024       FR_Naomi_V_VRunaway01.sns
  0000000039546715 1024       FR_Naomi_V_VRun04.sns
  0000000039546c35 1024       FR_Naomi_V_VRun03.sns
  0000000039547155 1024       FR_Naomi_V_VRun02.sns
  0000000039547675 1024       FR_Naomi_V_VRun01.sns
  0000000039547b95 1024       FR_Naomi_V_VJump02.sns
  00000000395480b5 1024       FR_Naomi_V_VJump01.sns
  00000000395485d5 1024       FR_Naomi_V_VHit02.sns
  0000000039548af5 1024       FR_Naomi_V_VHit01.sns
  0000000039549015 1024       FR_Naomi_V_VExplode02.sns
  0000000039549535 1024       FR_Naomi_V_VExplode01.sns
  0000000039549a55 1024       FR_Naomi_V_Suspicious02.sns
  0000000039549f75 1024       FR_Naomi_V_Suspicious01.sns
  000000003954a495 1024       FR_Naomi_V_Runaway04.sns
  000000003954a9b5 1024       FR_Naomi_V_Runaway03.sns
  000000003954aed5 1024       FR_Naomi_V_Runaway02.sns
  000000003954b3f5 1024       FR_Naomi_V_Runaway01.sns
  000000003954b915 1024       FR_Naomi_V_Nakrun04.sns
  000000003954be35 1024       FR_Naomi_V_Nakrun03.sns
  000000003954c355 1024       FR_Naomi_V_Nakrun02.sns
  000000003954c875 1024       FR_Naomi_V_Nakrun01.sns
  000000003954cd95 1024       FR_Naomi_V_Nakhide02.sns
  000000003954d2b5 1024       FR_Naomi_V_Nakhide01.sns
  000000003954d7d5 1024       FR_Naomi_V_Baahed02.sns
  000000003954dcf5 1024       FR_Naomi_V_Baahed01.sns
  000000003954e215 1024       FR_Naomi_J_Vscript02.sns
  000000003954e735 1024       FR_Naomi_J_Vscript01.sns
  000000003954ec55 1024       FR_Naomi_J_Vrunaway04.sns
  000000003954f175 1024       FR_Naomi_J_Vrunaway03.sns
  000000003954f695 1024       FR_Naomi_J_Vrunaway02.sns
  000000003954fbb5 1024       FR_Naomi_J_Vrunaway01.sns
  00000000395500d5 1024       FR_Naomi_J_Vrun04.sns
  00000000395505f5 1024       FR_Naomi_J_Vrun03.sns
  0000000039550b15 1024       FR_Naomi_J_Vrun02.sns
  0000000039551035 1024       FR_Naomi_J_Vrun01.sns
  0000000039551555 1024       FR_Naomi_J_Vjump02.sns
  0000000039551a75 1024       FR_Naomi_J_Vjump01.sns
  0000000039551f95 1024       FR_Naomi_J_Vhit02.sns
  00000000395524b5 1024       FR_Naomi_J_Vhit01.sns
  00000000395529d5 1024       FR_Naomi_J_Vexplode02.sns
  0000000039552ef5 1024       FR_Naomi_J_Vexplode01.sns
  0000000039553415 1024       FR_Naomi_J_Suspicious02.sns
  0000000039553935 1024       FR_Naomi_J_Suspicious01.sns
  0000000039553e55 1024       FR_Naomi_J_Runaway04.sns
  0000000039554375 1024       FR_Naomi_J_Runaway03.sns
  0000000039554895 1024       FR_Naomi_J_Runaway02.sns
  0000000039554db5 1024       FR_Naomi_J_Runaway01.sns
  00000000395552d5 1024       FR_Naomi_J_Nakrun04.sns
  00000000395557f5 1024       FR_Naomi_J_Nakrun03.sns
  0000000039555d15 1024       FR_Naomi_J_Nakrun02.sns
  0000000039556235 1024       FR_Naomi_J_Nakrun01.sns
  0000000039556755 1024       FR_Naomi_J_Nakhide02.sns
  0000000039556c75 1024       FR_Naomi_J_Nakhide01.sns
  0000000039557195 1024       FR_Naomi_J_Baahed02.sns
  00000000395576b5 1024       FR_Naomi_J_Baahed01.sns
  0000000039557bd5 1024       FR_Naomi_A_VRunaway04.sns
  00000000395580f5 1024       FR_Naomi_A_VRunaway03.sns
  0000000039558615 1024       FR_Naomi_A_VRunaway02.sns
  0000000039558b35 1024       FR_Naomi_A_VRunaway01.sns
  0000000039559055 1024       FR_Naomi_A_VRun04.sns
  0000000039559575 1024       FR_Naomi_A_VRun03.sns
  0000000039559a95 1024       FR_Naomi_A_VRun02.sns
  0000000039559fb5 1024       FR_Naomi_A_VRun01.sns
  000000003955a4d5 1024       FR_Naomi_A_VJump02.sns
  000000003955a9f5 1024       FR_Naomi_A_VJump01.sns
  000000003955af15 1024       FR_Naomi_A_VHit02.sns
  000000003955b435 1024       FR_Naomi_A_VHit01.sns
  000000003955b955 1024       FR_Naomi_A_VExplode02.sns
  000000003955be75 1024       FR_Naomi_A_VExplode01.sns
  000000003955c395 1024       FR_Naomi_A_Suspicious02.sns
  000000003955c8b5 1024       FR_Naomi_A_Suspicious01.sns
  000000003955cdd5 1024       FR_Naomi_A_Runaway04.sns
  000000003955d2f5 1024       FR_Naomi_A_Runaway03.sns
  000000003955d815 1024       FR_Naomi_A_Runaway02.sns
  000000003955dd35 1024       FR_Naomi_A_Runaway01.sns
  000000003955e255 1024       FR_Naomi_A_Nakrun04.sns
  000000003955e775 1024       FR_Naomi_A_Nakrun03.sns
  000000003955ec95 1024       FR_Naomi_A_Nakrun02.sns
  000000003955f1b5 1024       FR_Naomi_A_Nakhide02.sns
  000000003955f6d5 1024       FR_Naomi_A_Nakhide01.sns
  000000003955fbf5 1024       FR_Naomi_A_Baahed02.sns
  0000000039560115 1024       FR_Naomi_A_Baahed01.sns
  0000000039560635 1024       FR_Nadia_J_VScript02.sns
  0000000039560b55 1024       FR_Nadia_J_VScript01.sns
  0000000039561075 1024       FR_Nadia_J_VRunaway04.sns
  0000000039561595 1024       FR_Nadia_J_VRunaway03.sns
  0000000039561ab5 1024       FR_Nadia_J_VRunaway02.sns
  0000000039561fd5 1024       FR_Nadia_J_VRunaway01.sns
  00000000395624f5 1024       FR_Nadia_J_VRun04.sns
  0000000039562a15 1024       FR_Nadia_J_VRun03.sns
  0000000039562f35 1024       FR_Nadia_J_VRun02.sns
  0000000039563455 1024       FR_Nadia_J_VRun01.sns
  0000000039563975 1024       FR_Nadia_J_VJump02.sns
  0000000039563e95 1024       FR_Nadia_J_VJump01.sns
  00000000395643b5 1024       FR_Nadia_J_VHit02.sns
  00000000395648d5 1024       FR_Nadia_J_VHit01.sns
  0000000039564df5 1024       FR_Nadia_J_VExplode02.sns
  0000000039565315 1024       FR_Nadia_J_VExplode01.sns
  0000000039565835 1024       FR_Nadia_J_Suspicious02.sns
  0000000039565d55 1024       FR_Nadia_J_Suspicious01.sns
  0000000039566275 1024       FR_Nadia_J_Runaway04.sns
  0000000039566795 1024       FR_Nadia_J_Runaway03.sns
  0000000039566cb5 1024       FR_Nadia_J_Runaway02.sns
  00000000395671d5 1024       FR_Nadia_J_Runaway01.sns
  00000000395676f5 1024       FR_Nadia_J_Nakrun04.sns
  0000000039567c15 1024       FR_Nadia_J_Nakrun03.sns
  0000000039568135 1024       FR_Nadia_J_Nakrun02.sns
  0000000039568655 1024       FR_Nadia_J_Nakrun01.sns
  0000000039568b75 1024       FR_Nadia_J_Nakhide02.sns
  0000000039569095 1024       FR_Nadia_J_Nakhide01.sns
  00000000395695b5 1024       FR_Nadia_J_Baahed02.sns
  0000000039569ad5 1024       FR_Nadia_J_Baahed01.sns
  0000000039569ff5 1024       FR_Nadia_A_VScript02.sns
  000000003956a515 1024       FR_Nadia_A_VScript01.sns
  000000003956aa35 1024       FR_Nadia_A_VRunaway04.sns
  000000003956af55 1024       FR_Nadia_A_VRunaway03.sns
  000000003956b475 1024       FR_Nadia_A_VRunaway02.sns
  000000003956b995 1024       FR_Nadia_A_VRunaway01.sns
  000000003956beb5 1024       FR_Nadia_A_VRun04.sns
  000000003956c3d5 1024       FR_Nadia_A_VRun03.sns
  000000003956c8f5 1024       FR_Nadia_A_VRun02.sns
  000000003956ce15 1024       FR_Nadia_A_VRun01.sns
  000000003956d335 1024       FR_Nadia_A_VJump02.sns
  000000003956d855 1024       FR_Nadia_A_VJump01.sns
  000000003956dd75 1024       FR_Nadia_A_VHit02.sns
  000000003956e295 1024       FR_Nadia_A_VHit01.sns
  000000003956e7b5 1024       FR_Nadia_A_VExplode02.sns
  000000003956ecd5 1024       FR_Nadia_A_VExplode01.sns
  000000003956f1f5 1024       FR_Nadia_A_Suspicious02.sns
  000000003956f715 1024       FR_Nadia_A_Suspicious01.sns
  000000003956fc35 1024       FR_Nadia_A_Runaway04.sns
  0000000039570155 1024       FR_Nadia_A_Runaway03.sns
  0000000039570675 1024       FR_Nadia_A_Runaway02.sns
  0000000039570b95 1024       FR_Nadia_A_Runaway01.sns
  00000000395710b5 1024       FR_Nadia_A_Nakrun04.sns
  00000000395715d5 1024       FR_Nadia_A_Nakrun03.sns
  0000000039571af5 1024       FR_Nadia_A_Nakrun02.sns
  0000000039572015 1024       FR_Nadia_A_Nakrun01.sns
  0000000039572535 1024       FR_Nadia_A_Nakhide02.sns
  0000000039572a55 1024       FR_Nadia_A_Nakhide01.sns
  0000000039572f75 1024       FR_Nadia_A_Baahed02.sns
  0000000039573495 1024       FR_Nadia_A_Baahed01.sns
  00000000395739b5 1024       FR_Man_infectious_WALK07.sns
  0000000039573ed5 1024       FR_Man_infectious_WALK06.sns
  00000000395743f5 1024       FR_Man_infectious_WALK05.sns
  0000000039574915 1024       FR_Man_infectious_WALK04.sns
  0000000039574e35 1024       FR_Man_infectious_WALK03.sns
  0000000039575355 1024       FR_Man_infectious_WALK02.sns
  0000000039575875 1024       FR_Man_infectious_WALK01.sns
  0000000039575d95 1024       FR_Man_infectious_QUIET02.sns
  00000000395762b5 1024       FR_Man_infectious_QUIET01.sns
  00000000395767d5 1024       FR_Man_infectious_FLY15.sns
  0000000039576cf5 1024       FR_Man_infectious_FLY13.sns
  0000000039577215 1024       FR_Man_infectious_FLY12.sns
  0000000039577735 1024       FR_Man_infectious_FLY11.sns
  0000000039577c55 1024       FR_Man_infectious_FLY10.sns
  0000000039578175 1024       FR_Man_infectious_FLY07.sns
  0000000039578695 1024       FR_Man_infectious_FLY06.sns
  0000000039578bb5 1024       FR_Man_infectious_FLY05.sns
  00000000395790d5 1024       FR_Man_infectious_FLY04.sns
  00000000395795f5 1024       FR_Man_infectious_FLY03.sns
  0000000039579b15 1024       FR_Man_infectious_FLY02.sns
  000000003957a035 1024       FR_Man_infectious_FLY01.sns
  000000003957a555 1024       FR_Man_infectious_cough08.sns
  000000003957aa75 1024       FR_Man_infectious_cough07.sns
  000000003957af95 1024       FR_Man_infectious_cough06.sns
  000000003957b4b5 1024       FR_Man_infectious_cough05.sns
  000000003957b9d5 1024       FR_Man_infectious_cough04.sns
  000000003957bef5 1024       FR_Man_infectious_cough03.sns
  000000003957c415 1024       FR_man_infectious_cough02.sns
  000000003957c935 1024       FR_man_infectious_cough01.sns
  000000003957ce55 1024       FR_Kioskwoman_quiet05.sns
  000000003957d375 1024       FR_Kioskwoman_quiet04.sns
  000000003957d895 1024       FR_Kioskwoman_quiet03.sns
  000000003957ddb5 1024       FR_Kioskwoman_quiet02.sns
  000000003957e2d5 1024       FR_Kioskwoman_quiet01.sns
  000000003957e7f5 1024       FR_Kioskwoman_baahed02.sns
  000000003957ed15 1024       FR_Kioskwoman_baahed01.sns
  000000003957f235 1024       FR_Jewish_Suspicious02.sns
  000000003957f755 1024       FR_Jewish_Suspicious01.sns
  000000003957fc75 1024       FR_Jewish_Runaway02.sns
  0000000039580195 1024       FR_Jewish_Runaway01.sns
  00000000395806b5 1024       FR_Jewish_NakRun03.sns
  0000000039580bd5 1024       FR_Jewish_NakRun02.sns
  00000000395810f5 1024       FR_Jewish_Baahed02.sns
  0000000039581615 1024       FR_Jewish_Baahed01.sns
  0000000039581b35 1024       FR_Jamel_J_Vscript02.sns
  0000000039582055 1024       FR_Jamel_J_Vrunaway03.sns
  0000000039582575 1024       FR_Jamel_J_Vrunaway02.sns
  0000000039582a95 1024       FR_Jamel_J_Vrunaway01.sns
  0000000039582fb5 1024       FR_Jamel_J_Vrun04.sns
  00000000395834d5 1024       FR_Jamel_J_Vreactor03.sns
  00000000395839f5 1024       FR_Jamel_J_Vreactor02.sns
  0000000039583f15 1024       FR_Jamel_J_Vreactor01.sns
  0000000039584435 1024       FR_Jamel_J_Vjump02.sns
  0000000039584955 1024       FR_Jamel_J_Vhit02.sns
  0000000039584e75 1024       FR_Jamel_J_Vhit01.sns
  0000000039585395 1024       FR_Jamel_J_Vexplode02.sns
  00000000395858b5 1024       FR_Jamel_J_Vexplode01.sns
  0000000039585dd5 1024       FR_Jamel_J_Suspicious02.sns
  00000000395862f5 1024       FR_Jamel_J_Suspicious01.sns
  0000000039586815 1024       FR_Jamel_J_Runaway04.sns
  0000000039586d35 1024       FR_Jamel_J_Runaway03.sns
  0000000039587255 1024       FR_Jamel_J_Runaway02.sns
  0000000039587775 1024       FR_Jamel_J_Runaway01.sns
  0000000039587c95 1024       FR_Jamel_J_reactor03.sns
  00000000395881b5 1024       FR_Jamel_J_reactor02.sns
  00000000395886d5 1024       FR_Jamel_J_reactor01.sns
  0000000039588bf5 1024       FR_Jamel_J_Nakrun04.sns
  0000000039589115 1024       FR_Jamel_J_Nakrun03.sns
  0000000039589635 1024       FR_Jamel_J_Nakrun02.sns
  0000000039589b55 1024       FR_Jamel_J_Nakhide02.sns
  000000003958a075 1024       FR_Jamel_J_Nakhide01.sns
  000000003958a595 1024       FR_Jamel_J_Baahed02.sns
  000000003958aab5 1024       FR_Jamel_J_Baahed01.sns
  000000003958afd5 1024       FR_Jamel_A_VScript02.sns
  000000003958b4f5 1024       FR_Jamel_A_VScript01.sns
  000000003958ba15 1024       FR_Jamel_A_VRunaway04.sns
  000000003958bf35 1024       FR_Jamel_A_VRunaway03.sns
  000000003958c455 1024       FR_Jamel_A_VRunaway02.sns
  000000003958c975 1024       FR_Jamel_A_VRunaway01.sns
  000000003958ce95 1024       FR_Jamel_A_VRun04.sns
  000000003958d3b5 1024       FR_Jamel_A_VRun03.sns
  000000003958d8d5 1024       FR_Jamel_A_VRun02.sns
  000000003958ddf5 1024       FR_Jamel_A_VRun01.sns
  000000003958e315 1024       FR_Jamel_A_VJump02.sns
  000000003958e835 1024       FR_Jamel_A_VJump01.sns
  000000003958ed55 1024       FR_Jamel_A_VHit02.sns
  000000003958f275 1024       FR_Jamel_A_VHit01.sns
  000000003958f795 1024       FR_Jamel_A_VExplode02.sns
  000000003958fcb5 1024       FR_Jamel_A_VExplode01.sns
  00000000395901d5 1024       FR_Jamel_A_Suspicious02.sns
  00000000395906f5 1024       FR_Jamel_A_Suspicious01.sns
  0000000039590c15 1024       FR_Jamel_A_Runaway04.sns
  0000000039591135 1024       FR_Jamel_A_Runaway03.sns
  0000000039591655 1024       FR_Jamel_A_Runaway02.sns
  0000000039591b75 1024       FR_Jamel_A_Runaway01.sns
  0000000039592095 1024       FR_Jamel_A_Nakrun04.sns
  00000000395925b5 1024       FR_Jamel_A_Nakrun03.sns
  0000000039592ad5 1024       FR_Jamel_A_Nakrun02.sns
  0000000039592ff5 1024       FR_Jamel_A_Nakrun01.sns
  0000000039593515 1024       FR_Jamel_A_Nakhide02.sns
  0000000039593a35 1024       FR_Jamel_A_Nakhide01.sns
  0000000039593f55 1024       FR_Jamel_A_Baahed02.sns
  0000000039594475 1024       FR_Jamel_A_Baahed01.sns
  0000000039594995 1024       FR_Steward_C8_plane05.sns
  0000000039594e75 1024       FR_Steward_C8_plane04.sns
  0000000039595355 1024       FR_Steward_C8_plane03.sns
  0000000039595835 1024       FR_Steward_C8_plane02.sns
  0000000039595d15 1024       FR_Steward_C8_plane01.sns
  00000000395961f5 1024       FR_Betty_D5_CI01_01.sns
  0000000039596715 1024       FR_Betty_call03.sns
  0000000039596c35 1024       FR_Betty_call02.sns
  0000000039597155 1024       FR_Betty_call01.sns
  0000000039597675 1024       FR_Betty_B3_CI02_06.sns
  0000000039597b95 1024       FR_Betty_B3_CI02_04.sns
  00000000395980b5 1024       FR_Betty_B3_CI02_02.sns
  00000000395985d5 1024       FR_Betty_B3_CI01_01.sns
  0000000039598af5 1024       FR_BeneHlp02.sns
  0000000039599015 1024       FR_BeneHlp01.sns
  0000000039599535 1024       FR_BenedicteHlp_Answer07.sns
  0000000039599a55 1024       FR_BenedicteHlp_Answer06.sns
  0000000039599f75 1024       FR_BenedicteHlp_Answer05.sns
  000000003959a495 1024       FR_BenedicteHlp_Answer04.sns
  000000003959a9b5 1024       FR_BenedicteHlp_Answer03.sns
  000000003959aed5 1024       FR_BenedicteHlp_Answer02.sns
  000000003959b3f5 1024       FR_BenedicteHlp_Answer01.sns
  000000003959b915 1024       FR_Barak_A_plane_C5_CI01.sns
  000000003959be35 1024       FR_Barak_A_B5_CI01_06.sns
  000000003959c355 1024       FR_Barak_A_B5_CI01_04.sns
  000000003959c875 1024       FR_Barak_A_B5_CI01_02.sns
  000000003959cd95 1024       FR_Wedding_CI04.sns
  000000003959d2b5 1024       FR_Wedding_CI03.sns
  000000003959d7d5 1024       FR_Wedding_CI02.sns
  000000003959dcf5 1024       FR_Vermi_Attack_CI_11.sns
  000000003959e215 1024       FR_Vermi_Attack_CI_10.sns
  000000003959e735 1024       FR_Vermi_Attack_CI_09.sns
  000000003959ec55 1024       FR_Vermi_Attack_CI_07.sns
  000000003959f175 1024       FR_Vermi_Attack_CI_06.sns
  000000003959f695 1024       FR_Vermi_Attack_CI_05.sns
  000000003959fbb5 1024       FR_Vermi_Attack_CI_04.sns
  00000000395a00d5 1024       FR_Vermi_Attack_CI_03.sns
  00000000395a05f5 1024       FR_Vermi_Attack_CI_02.sns
  00000000395a0b15 1024       FR_Vermi_Attack_CI_01.sns
  00000000395a1035 1024       FR_Vermi_Attack_CI_00.sns
  00000000395a1555 1024       FR_SpeakerControlTower04.sns
  00000000395a1a75 1024       FR_SpeakerControlTower03.sns
  00000000395a1f95 1024       FR_SpeakerControlTower02.sns
  00000000395a24b5 1024       FR_SpeakerControlTower01.sns
  00000000395a29d5 1024       FR_Speaker_Pilote_C8_plane06.sns
  00000000395a2ef5 1024       FR_Speaker_Pilote_C8_plane05.sns
  00000000395a3415 1024       FR_Speaker_Pilote_C8_plane04.sns
  00000000395a3935 1024       FR_Speaker_Pilote_C8_plane03.sns
  00000000395a3e55 1024       FR_Speaker_Pilote_C5_plane02.sns
  00000000395a4375 1024       FR_Speaker_Pilote_C5_plane01.sns
  00000000395a4895 1024       FR_Segolene_J_C3_CI02_04.sns
  00000000395a4db5 1024       FR_Segolene_J_C3_CI02_02.sns
  00000000395a52d5 1024       FR_Segolene_J_C3_CI01_06.sns
  00000000395a57f5 1024       FR_Segolene_J_C3_CI01_01.sns
  00000000395a5d15 1024       FR_Raymonde_J_B4_CI6.sns
  00000000395a6235 1024       FR_Peignoirman_introB7_CI2_03.sns
  00000000395a6755 1024       FR_Peignoirman_introB7_CI2_02.sns
  00000000395a6c75 1024       FR_Peignoirman_introB7_CI1_06.sns
  00000000395a7195 1024       FR_Peignoirman_introB7_CI1_01.sns
  00000000395a76b5 1024       FR_Kioskwoman_Supermarket_B1_CI04.sns
  00000000395a7bd5 1024       FR_Kioskwoman_Supermarket_B1_CI03.sns
  00000000395a80f5 1024       FR_Kioskwoman_Supermarket_B1_CI02.sns
  00000000395a8615 1024       FR_Kioskwoman_Supermarket_B1_CI01.sns
  00000000395a8b35 1024       FR_Dogwoman_introB7_CI2_04.sns
  00000000395a9055 1024       FR_Dogwoman_introB7_CI1_11.sns
  00000000395a9575 1024       FR_Dogwoman_introB7_CI1_10.sns
  00000000395a9a95 1024       FR_Dogwoman_introB7_CI1_07.sns
  00000000395a9fb5 1024       FR_Dogwoman_introB7_CI1_05.sns
  00000000395aa4d5 1024       FR_Dogwoman_introB7_CI1_04.sns
  00000000395aa9f5 1024       FR_Dogwoman_introB7_CI1_02.sns
  00000000395aaf15 1024       FR_DoctorHlp_Hospital_B8.sns
  00000000395ab435 1024       FR_Diver_introB7_CI1_03.sns
  00000000395ab955 1024       FR_CookerHlp_Hospital_B8_02.sns
  00000000395abe75 1024       FR_CookerHlp_Hospital_B8_01.sns
  00000000395ac395 1024       FR_Chuck_J_C3_CI02_03.sns
  00000000395ac8b5 1024       FR_Chuck_J_C3_CI02_01.sns
  00000000395acdd5 1024       FR_Chuck_J_C3_CI01_09.sns
  00000000395ad2f5 1024       FR_Chuck_J_C3_CI01_07.sns
  00000000395ad815 1024       FR_Chuck_J_C3_CI01_03.sns
  00000000395add35 1024       FR_Chuck_J_Airport_CI_04.sns
  00000000395ae255 1024       FR_Chuck_A_NuclearStation_D6_Hlp13.sns
  00000000395ae775 1024       FR_Chuck_A_NuclearStation_D6_Hlp12.sns
  00000000395aec95 1024       FR_Chuck_A_NuclearStation_D6_Hlp11.sns
  00000000395af1b5 1024       FR_Chuck_A_NuclearStation_D6_Hlp10.sns
  00000000395af6d5 1024       FR_Chuck_A_NuclearStation_D6_Hlp09.sns
  00000000395afbf5 1024       FR_Chuck_A_NuclearStation_D6_Hlp08.sns
  00000000395b0115 1024       FR_Chuck_A_NuclearStation_D6_Hlp07.sns
  00000000395b0635 1024       FR_Chuck_A_NuclearStation_D6_Hlp06.sns
  00000000395b0b55 1024       FR_Chuck_A_NuclearStation_D6_Hlp05.sns
  00000000395b1075 1024       FR_Chuck_A_NuclearStation_D6_Hlp04.sns
  00000000395b1595 1024       FR_Chuck_A_NuclearStation_D6_Hlp03.sns
  00000000395b1ab5 1024       FR_Chuck_A_NuclearStation_D6_Hlp02.sns
  00000000395b1fd5 1024       FR_Chuck_A_NuclearStation_D6_Hlp01.sns
  00000000395b24f5 1024       FR_CharlesHenri_J_B5_pass.sns
  00000000395b2a15 1024       FR_CharlesHenri_J_B5_CI01_05.sns
  00000000395b2f35 1024       FR_CharlesHenri_J_B5_CI01_03.sns
  00000000395b3455 1024       FR_CharlesHenri_J_B5_CI01_01.sns
  00000000395b3975 1024       FR_Charles_henri_V_C3_CI01_08.sns
  00000000395b3e95 1024       FR_Charles_henri_V_C3_CI01_02.sns
  00000000395b43b5 1024       FR_Charles_Henri_J_B4_CI7.sns
  00000000395b48d5 1024       FR_Charles_henri_J_Airport_CI_C5_02.sns
  00000000395b4df5 1024       FR_BossHlp_End05.sns
  00000000395b5315 1024       FR_BossHlp_End04.sns
  00000000395b5835 1024       FR_BossHlp_End03.sns
  00000000395b5d55 1024       FR_BossHlp_End02.sns
  00000000395b6275 1024       FR_BossHlp_End01.sns
  00000000395b6795 1024       FR_Betty_E6_CI.sns
  00000000395b6cb5 1024       FR_Betty_D5_CI04_03.sns
  00000000395b71d5 1024       FR_Betty_D5_CI04_01.sns
  00000000395b76f5 1024       FR_Betty_D5_CI03_04.sns
  00000000395b7c15 1024       FR_Betty_D5_CI03_02.sns
  00000000395b8135 1024       FR_Betty_D5_CI02_02.sns
  00000000395b8655 1024       FR_Speaker_PickUp_Hamburger06.sns
  00000000395b8b75 1024       FR_Speaker_PickUp_Hamburger05.sns
  00000000395b9095 1024       FR_Speaker_PickUp_Hamburger04.sns
  00000000395b95b5 1024       FR_Speaker_PickUp_Hamburger03.sns
  00000000395b9ad5 1024       FR_Speaker_PickUp_Hamburger02.sns
  00000000395b9ff5 1024       FR_Speaker_PickUp_Hamburger01.sns
  00000000395ba515 1024       FR_Speaker_Riviera_NoGoArea07.sns
  00000000395baa35 1024       FR_Speaker_Riviera_NoGoArea06.sns
  00000000395baf55 1024       FR_Speaker_Riviera_NoGoArea05.sns
  00000000395bb475 1024       FR_Speaker_Riviera_NoGoArea04.sns
  00000000395bb995 1024       FR_Speaker_Riviera_NoGoArea03.sns
  00000000395bbeb5 1024       FR_Speaker_Riviera_NoGoArea02.sns
  00000000395bc3d5 1024       FR_Speaker_Riviera_NoGoArea01.sns
  00000000395bc8f5 1024       FR_Speaker_Airport_10.sns
  00000000395bce15 1024       FR_Speaker_Airport_09.sns
  00000000395bd335 1024       FR_Speaker_Airport_08.sns
  00000000395bd855 1024       FR_Speaker_Airport_07.sns
  00000000395bdd75 1024       FR_Speaker_Airport_06.sns
  00000000395be295 1024       FR_Speaker_Airport_05.sns
  00000000395be7b5 1024       FR_Speaker_Airport_04.sns
  00000000395becd5 1024       FR_Speaker_Airport_03.sns
  00000000395bf1f5 1024       FR_Speaker_Airport_02.sns
  00000000395bf715 1024       FR_Speaker_Airport_01.sns
  00000000395bfc35 1024       FR_Speaker_tarmac_hang_13.sns
  00000000395c0155 1024       FR_Speaker_tarmac_hang_12.sns
  00000000395c0675 1024       FR_Speaker_tarmac_hang_11.sns
  00000000395c0b95 1024       FR_Speaker_tarmac_hang_10.sns
  00000000395c10b5 1024       FR_Speaker_tarmac_hang_09.sns
  00000000395c15d5 1024       FR_Speaker_tarmac_hang_08.sns
  00000000395c1af5 1024       FR_Speaker_tarmac_hang_07.sns
  00000000395c2015 1024       FR_Speaker_tarmac_hang_05.sns
  00000000395c2535 1024       FR_Speaker_tarmac_hang_04.sns
  00000000395c2a55 1024       FR_Speaker_tarmac_hang_03.sns
  00000000395c2f75 1024       FR_Speaker_tarmac_hang_02.sns
  00000000395c3495 1024       FR_Speaker_tarmac_hang_01.sns
  00000000395c39b5 1024       FR_Speaker_Baltimore_CI_intro.sns
  00000000395c3ed5 1024       FR_Speaker_Baltimore_CI_entreprise.sns
  00000000395c43f5 1024       FR_Speaker_Baltimore_ hosp.sns
  00000000395c4915 1024       FR_Speaker_Baltimore19.sns
  00000000395c4e35 1024       FR_Speaker_Baltimore18.sns
  00000000395c5355 1024       FR_Speaker_Baltimore17.sns
  00000000395c5875 1024       FR_Speaker_Baltimore16.sns
  00000000395c5d95 1024       FR_Speaker_Baltimore14.sns
  00000000395c62b5 1024       FR_Speaker_Baltimore13.sns
  00000000395c67d5 1024       FR_Speaker_Baltimore12.sns
  00000000395c6cf5 1024       FR_Speaker_Baltimore11.sns
  00000000395c7215 1024       FR_Speaker_Baltimore10.sns
  00000000395c7735 1024       FR_Speaker_Baltimore09.sns
  00000000395c7c55 1024       FR_Speaker_Baltimore08.sns
  00000000395c8175 1024       FR_Speaker_Baltimore07.sns
  00000000395c8695 1024       FR_Speaker_Baltimore06.sns
  00000000395c8bb5 1024       FR_Speaker_Baltimore05.sns
  00000000395c90d5 1024       FR_Speaker_Baltimore04.sns
  00000000395c95f5 1024       FR_Speaker_Baltimore03.sns
  00000000395c9b15 1024       FR_Speaker_Baltimore02.sns
  00000000395ca035 1024       FR_Speaker_Baltimore01.sns
  00000000395ca555 1024       FR_Speaker_Compagny_Boss07.sns
  00000000395caa75 1024       FR_Speaker_Compagny_Boss06.sns
  00000000395caf95 1024       FR_Speaker_Compagny_Boss05.sns
  00000000395cb4b5 1024       FR_Speaker_Compagny_Boss04.sns
  00000000395cb9d5 1024       FR_Speaker_Compagny_Boss03.sns
  00000000395cbef5 1024       FR_Speaker_Compagny_Boss02.sns
  00000000395cc415 1024       FR_Speaker_Compagny_Boss01.sns
  00000000395cc935 1024       FR_Speaker_Compagny_Welcome05.sns
  00000000395cce55 1024       FR_Speaker_Compagny_Welcome04.sns
  00000000395cd375 1024       FR_Speaker_Compagny_Welcome03.sns
  00000000395cd895 1024       FR_Speaker_Compagny_Welcome02.sns
  00000000395cddb5 1024       FR_Speaker_Compagny_Welcome01.sns
  00000000395ce2d5 1024       FR_Speaker_Compagny_door_timer_start.sns
  00000000395ce7f5 1024       FR_Speaker_Compagny_door_timer_hello.sns
  00000000395ced15 1024       FR_Speaker_Compagny_door_timer_finish.sns
  00000000395cf235 1024       FR_Speaker_Compagny_B2_ CI1.sns
  00000000395cf755 1024       FR_Speaker_Compagny_Work10.sns
  00000000395cfc75 1024       FR_Speaker_Compagny_Work09.sns
  00000000395d0195 1024       FR_Speaker_Compagny_Work08.sns
  00000000395d06b5 1024       FR_Speaker_Compagny_Work07.sns
  00000000395d0bd5 1024       FR_Speaker_Compagny_Work06.sns
  00000000395d10f5 1024       FR_Speaker_Compagny_Work05.sns
  00000000395d1615 1024       FR_Speaker_Compagny_Work04.sns
  00000000395d1b35 1024       FR_Speaker_Compagny_Work03.sns
  00000000395d2055 1024       FR_Speaker_Compagny_Work02.sns
  00000000395d2575 1024       FR_Speaker_Compagny_Work01.sns
  00000000395d2a95 1024       FR_speaker_factory12.sns
  00000000395d2fb5 1024       FR_speaker_factory11.sns
  00000000395d34d5 1024       FR_speaker_factory10.sns
  00000000395d39f5 1024       FR_speaker_factory09.sns
  00000000395d3f15 1024       FR_speaker_factory08.sns
  00000000395d4435 1024       FR_speaker_factory07.sns
  00000000395d4955 1024       FR_speaker_factory06.sns
  00000000395d4e75 1024       FR_speaker_factory05.sns
  00000000395d5395 1024       FR_speaker_factory04.sns
  00000000395d58b5 1024       FR_speaker_factory03.sns
  00000000395d5dd5 1024       FR_speaker_factory02.sns
  00000000395d62f5 1024       FR_speaker_factory01.sns
  00000000395d6815 1024       FR_Speaker_Hospital_Intruders04.sns
  00000000395d6d35 1024       FR_Speaker_Hospital_Intruders03.sns
  00000000395d7255 1024       FR_Speaker_Hospital_Intruders02.sns
  00000000395d7775 1024       FR_Speaker_Hospital_Intruders01.sns
  00000000395d7c95 1024       FR_Speaker_Hospital_Hygiene09.sns
  00000000395d81b5 1024       FR_Speaker_Hospital_Hygiene08.sns
  00000000395d86d5 1024       FR_Speaker_Hospital_Hygiene07.sns
  00000000395d8bf5 1024       FR_Speaker_Hospital_Hygiene06.sns
  00000000395d9115 1024       FR_Speaker_Hospital_Hygiene05.sns
  00000000395d9635 1024       FR_Speaker_Hospital_Hygiene04.sns
  00000000395d9b55 1024       FR_Speaker_Hospital_Hygiene03.sns
  00000000395da075 1024       FR_Speaker_Hospital_Hygiene02.sns
  00000000395da595 1024       FR_Speaker_Hospital_Hygiene01.sns
  00000000395daab5 1024       FR_Speaker_hospital_B5_pass.sns
  00000000395dafd5 1024       FR_Speaker_hospital_B3_CI01_01.sns
  00000000395db4f5 1024       FR_SpeakerLasvegas11.sns
  00000000395dba15 1024       FR_SpeakerLasvegas10.sns
  00000000395dbf35 1024       FR_SpeakerLasvegas09.sns
  00000000395dc455 1024       FR_SpeakerLasvegas08.sns
  00000000395dc975 1024       FR_SpeakerLasvegas07.sns
  00000000395dce95 1024       FR_SpeakerLasvegas06.sns
  00000000395dd3b5 1024       FR_SpeakerLasvegas05.sns
  00000000395dd8d5 1024       FR_SpeakerLasvegas04.sns
  00000000395dddf5 1024       FR_SpeakerLasvegas03.sns
  00000000395de315 1024       FR_SpeakerLasvegas02.sns
  00000000395de835 1024       FR_SpeakerLasvegas01.sns
  00000000395ded55 1024       FR_Speaker_NuclearStation_Door02.sns
  00000000395df275 1024       FR_Speaker_NuclearStation_Door01.sns
  00000000395df795 1024       FR_Speaker_NuclearStation_Alert3.sns
  00000000395dfcb5 1024       FR_Speaker_NuclearStation_Alert2.sns
  00000000395e01d5 1024       FR_Speaker_NuclearStation_Alert1.sns
  00000000395e06f5 1024       FR_Speaker_NuclearStation11.sns
  00000000395e0c15 1024       FR_Speaker_NuclearStation10.sns
  00000000395e1135 1024       FR_Speaker_NuclearStation09.sns
  00000000395e1655 1024       FR_Speaker_NuclearStation08.sns
  00000000395e1b75 1024       FR_Speaker_NuclearStation06.sns
  00000000395e2095 1024       FR_Speaker_NuclearStation05.sns
  00000000395e25b5 1024       FR_Speaker_NuclearStation04.sns
  00000000395e2ad5 1024       FR_Speaker_NuclearStation03.sns
  00000000395e2ff5 1024       FR_Speaker_NuclearStation02.sns
  00000000395e3515 1024       FR_Kioskwoman_Supermarket12.sns
  00000000395e3a35 1024       FR_Kioskwoman_Supermarket11.sns
  00000000395e3f55 1024       FR_Kioskwoman_Supermarket10.sns
  00000000395e4475 1024       FR_Kioskwoman_Supermarket09.sns
  00000000395e4995 1024       FR_Kioskwoman_Supermarket08.sns
  00000000395e4eb5 1024       FR_Kioskwoman_Supermarket07.sns
  00000000395e53d5 1024       FR_Kioskwoman_Supermarket06.sns
  00000000395e58f5 1024       FR_Kioskwoman_Supermarket05.sns
  00000000395e5e15 1024       FR_Kioskwoman_Supermarket04.sns
  00000000395e6335 1024       FR_Kioskwoman_Supermarket03.sns
  00000000395e6855 1024       FR_Kioskwoman_Supermarket02.sns
  00000000395e6d75 1024       FR_Kioskwoman_Supermarket01.sns
  00000000395e7295 1024       FR_Speaker_yard12.sns
  00000000395e77b5 1024       FR_Speaker_yard11.sns
  00000000395e7cd5 1024       FR_Speaker_yard10.sns
  00000000395e81f5 1024       FR_Speaker_yard09.sns
  00000000395e8715 1024       FR_Speaker_yard08.sns
  00000000395e8c35 1024       FR_Speaker_yard07.sns
  00000000395e9155 1024       FR_Speaker_yard06.sns
  00000000395e9675 1024       FR_Speaker_yard05.sns
  00000000395e9b95 1024       FR_Speaker_yard04.sns
  00000000395ea0b5 1024       FR_Speaker_yard03.sns
  00000000395ea5d5 1024       FR_Speaker_yard02.sns
  00000000395eaaf5 1024       FR_Speaker_yard01.sns
  00000000395eb015 1024       FR_Vermi_Attack_CI_17.sns
  00000000395eb535 1024       FR_Vermi_Attack_CI_16.sns
  00000000395eba55 1024       FR_Vermi_Attack_CI_15.sns
  00000000395ebf75 1024       FR_Vermi_Attack_CI_13.sns
  00000000395ec495 1024       FR_Vermi_Attack_CI_12.sns
  00000000395ec9b5 1024       FR_Wedding_CI01.sns
  00000000395eced5 1024       FR_man_infectious_D5_CI04_04.sns
  00000000395ed3f5 1024       FR_man_infectious_D5_CI04_02.sns
  00000000395ed915 1024       FR_man_infectious_D5_CI03_03.sns
  00000000395ede35 1024       FR_man_infectious_D5_CI03_01.sns
  00000000395ee355 1024       FR_man_infectious_D5_CI02_03.sns
  00000000395ee875 1024       FR_man_infectious_D5_CI02_01.sns
  00000000395eed95 1024       FR_man_infectious_D5_CI01_02.sns
  00000000395ef2b5 1024       FR_Man_infectious_call03.sns
  00000000395ef7d5 1024       FR_Man_infectious_call02.sns
  00000000395efcf5 1024       FR_Man_infectious_call01.sns
  00000000395f0215 1024       FR_Man_infectious_B5_CI02_02.sns
  00000000395f0735 1024       FR_Man_infectious_B5_CI02_01.sns
  00000000395f0c55 1024       FR_Man_infectious_B5_CI02_00.sns
  00000000395f1175 1024       FR_Man_infectious_B3_CI02_05.sns
  00000000395f1695 1024       FR_Man_infectious_B3_CI02_03.sns
  00000000395f1bb5 1024       FR_Man_infectious_B3_CI02_01.sns
  00000000395f20d5 1024       FR_Man_infectious_B3_CI01_02.sns
  00000000395f25f5 1024       FR_NurseHlp_Hospital_B8.sns
  00000000395f2b15 1024       FR_Naomi_J_C5_Onplane.sns
  00000000395f3035 1024       FR_francois_J_plane_C5_CI02.sns
  00000000395f3555 1024       FR_Vermi_Attack_CI_18.sns
  00000000395f3a55 1024       FR_Vermi_Attack_CI_19.sns
  00000000395f3f55 1024       FR_Vermi_Attack_CI_20.sns
  00000000395f4455 1024       FR_Speaker_NuclearStation01.sns
  00000000395f4955 1024       FR_Speaker_NuclearStation07.sns
  00000000395f4e55 1024       FR_Vermi_Attack_CI_08.sns
  00000000395f5355 1024       FR_Speaker_Baltimore15.sns
  00000000395f5855 1024       FR_Speaker_Airport_C5_CI_01.sns
  00000000395f5d75 1024       FR_HamsterJovial_Suspicious02.sns
  00000000395f6295 1024       FR_HamsterJovial_Suspicious01.sns
  00000000395f67b5 1024       FR_HamsterJovial_Runaway04.sns
  00000000395f6cd5 1024       FR_HamsterJovial_Runaway03.sns
  00000000395f71f5 1024       FR_HamsterJovial_Runaway02.sns
  00000000395f7715 1024       FR_HamsterJovial_Runaway01.sns
  00000000395f7c35 1024       FR_HamsterJovial_Nakrun04.sns
  00000000395f8155 1024       FR_HamsterJovial_Nakrun03.sns
  00000000395f8675 1024       FR_HamsterJovial_Nakrun02.sns
  00000000395f8b95 1024       FR_HamsterJovial_Nakrun01.sns
  00000000395f90b5 1024       FR_HamsterJovial_Nakhide02.sns
  00000000395f95d5 1024       FR_HamsterJovial_Nakhide01.sns
  00000000395f9af5 1024       FR_HamsterJovial_Baahed02.sns
  00000000395fa015 1024       FR_HamsterJovial_Baahed01.sns
  00000000395fa535 1024       FR_Groom_Suspicious02.sns
  00000000395faa55 1024       FR_Groom_Suspicious01.sns
  00000000395faf75 1024       FR_GRoom_Runaway04.sns
  00000000395fb495 1024       FR_GRoom_Runaway03.sns
  00000000395fb9b5 1024       FR_GRoom_Runaway02.sns
  00000000395fbed5 1024       FR_GRoom_Runaway01.sns
  00000000395fc3f5 1024       FR_Groom_NakRun04.sns
  00000000395fc915 1024       FR_Groom_NakRun03.sns
  00000000395fce35 1024       FR_Groom_NakRun02.sns
  00000000395fd355 1024       FR_Groom_NakRun01.sns
  00000000395fd875 1024       FR_Groom_NakHide02.sns
  00000000395fdd95 1024       FR_Groom_NakHide01.sns
  00000000395fe2b5 1024       FR_Groom_Baahed02.sns
  00000000395fe7d5 1024       FR_Groom_Baahed01.sns
  00000000395fecf5 1024       FR_Girlfriend3_C2_Vscript02.sns
  00000000395ff215 1024       FR_Girlfriend3_C2_Vscript01.sns
  00000000395ff735 1024       FR_Girlfriend3_C2_Vrunaway03.sns
  00000000395ffc55 1024       FR_Girlfriend3_C2_Vrunaway01.sns
  0000000039600175 1024       FR_Girlfriend3_C2_Vrun04.sns
  0000000039600695 1024       FR_Girlfriend3_C2_Vrun03.sns
  0000000039600bb5 1024       FR_Girlfriend3_C2_Vrun02.sns
  00000000396010d5 1024       FR_Girlfriend3_C2_Vjump02.sns
  00000000396015f5 1024       FR_Girlfriend3_C2_Vjump01.sns
  0000000039601b15 1024       FR_Girlfriend3_C2_Vhit01.sns
  0000000039602035 1024       FR_Girlfriend3_C2_Vexplode02.sns
  0000000039602555 1024       FR_Girlfriend3_C2_Vexplode01.sns
  0000000039602a75 1024       FR_Girlfriend3_C2_Nakrun03.sns
  0000000039602f95 1024       FR_Girlfriend3_C2_Nakhide01.sns
  00000000396034b5 1024       FR_Girlfriend2_C7_Suspicious02.sns
  00000000396039d5 1024       FR_Girlfriend2_C7_Suspicious01.sns
  0000000039603ef5 1024       FR_Girlfriend2_C7_Runaway04.sns
  0000000039604415 1024       FR_Girlfriend2_C7_Runaway03.sns
  0000000039604935 1024       FR_Girlfriend2_C7_Runaway02.sns
  0000000039604e55 1024       FR_Girlfriend2_C7_Runaway01.sns
  0000000039605375 1024       FR_Girlfriend2_C7_Nakrun04.sns
  0000000039605895 1024       FR_Girlfriend2_C7_Nakrun03.sns
  0000000039605db5 1024       FR_Girlfriend2_C7_Nakrun02.sns
  00000000396062d5 1024       FR_Girlfriend2_C7_Nakrun01.sns
  00000000396067f5 1024       FR_Girlfriend2_C7_Nakhide02.sns
  0000000039606d15 1024       FR_Girlfriend2_C7_Nakhide01.sns
  0000000039607235 1024       FR_Girlfriend2_C7_Baahed02.sns
  0000000039607755 1024       FR_Girlfriend2_C7_Baahed01.sns
  0000000039607c75 1024       FR_Gardener_Suspicious02.sns
  0000000039608195 1024       FR_Gardener_Suspicious01.sns
  00000000396086b5 1024       FR_Gardener_Runaway04.sns
  0000000039608bd5 1024       FR_Gardener_Runaway03.sns
  00000000396090f5 1024       FR_Gardener_Runaway02.sns
  0000000039609615 1024       FR_Gardener_Runaway01.sns
  0000000039609b35 1024       FR_Gardener_Nakrun04.sns
  000000003960a055 1024       FR_Gardener_Nakrun03.sns
  000000003960a575 1024       FR_Gardener_Nakrun02.sns
  000000003960aa95 1024       FR_Gardener_Nakrun01.sns
  000000003960afb5 1024       FR_Gardener_Nakhide02.sns
  000000003960b4d5 1024       FR_Gardener_Nakhide01.sns
  000000003960b9f5 1024       FR_Gardener_Baahed02.sns
  000000003960bf15 1024       FR_Gardener_Baahed01.sns
  000000003960c435 1024       FR_Francois_V_VScript02.sns
  000000003960c955 1024       FR_Francois_V_VScript01.sns
  000000003960ce75 1024       FR_Francois_V_VRunaway04.sns
  000000003960d395 1024       FR_Francois_V_VRunaway03.sns
  000000003960d8b5 1024       FR_Francois_V_VRunaway02.sns
  000000003960ddd5 1024       FR_Francois_V_VRunaway01.sns
  000000003960e2f5 1024       FR_Francois_V_VRun04.sns
  000000003960e815 1024       FR_Francois_V_VRun03.sns
  000000003960ed35 1024       FR_Francois_V_VRun02.sns
  000000003960f255 1024       FR_Francois_V_VRun01.sns
  000000003960f775 1024       FR_Francois_V_VJump02.sns
  000000003960fc95 1024       FR_Francois_V_VJump01.sns
  00000000396101b5 1024       FR_Francois_V_VHit02.sns
  00000000396106d5 1024       FR_Francois_V_VHit01.sns
  0000000039610bf5 1024       FR_Francois_V_VExplode02.sns
  0000000039611115 1024       FR_Francois_V_VExplode01.sns
  0000000039611635 1024       FR_Francois_V_Suspicious02.sns
  0000000039611b55 1024       FR_Francois_V_Suspicious01.sns
  0000000039612075 1024       FR_Francois_V_Runaway04.sns
  0000000039612595 1024       FR_Francois_V_Runaway03.sns
  0000000039612ab5 1024       FR_Francois_V_Runaway02.sns
  0000000039612fd5 1024       FR_Francois_V_Runaway01.sns
  00000000396134f5 1024       FR_Francois_V_Nakrun04.sns
  0000000039613a15 1024       FR_Francois_V_Nakrun03.sns
  0000000039613f35 1024       FR_Francois_V_Nakrun02.sns
  0000000039614455 1024       FR_Francois_V_Nakrun01.sns
  0000000039614975 1024       FR_Francois_V_Nakhide02.sns
  0000000039614e95 1024       FR_Francois_V_Nakhide01.sns
  00000000396153b5 1024       FR_Francois_V_Baahed02.sns
  00000000396158d5 1024       FR_Francois_V_Baahed01.sns
  0000000039615df5 1024       FR_Francois_J_Vscript02.sns
  0000000039616315 1024       FR_Francois_J_Vscript01.sns
  0000000039616835 1024       FR_Francois_J_Vrunaway04.sns
  0000000039616d55 1024       FR_Francois_J_Vrunaway03.sns
  0000000039617275 1024       FR_Francois_J_Vrunaway02.sns
  0000000039617795 1024       FR_Francois_J_Vrunaway01.sns
  0000000039617cb5 1024       FR_Francois_J_Vrun04.sns
  00000000396181d5 1024       FR_Francois_J_Vrun03.sns
  00000000396186f5 1024       FR_Francois_J_Vrun02.sns
  0000000039618c15 1024       FR_Francois_J_Vrun01.sns
  0000000039619135 1024       FR_Francois_J_Vjump02.sns
  0000000039619655 1024       FR_Francois_J_Vjump01.sns
  0000000039619b75 1024       FR_Francois_J_Vhit02.sns
  000000003961a095 1024       FR_Francois_J_Vhit01.sns
  000000003961a5b5 1024       FR_Francois_J_Vexplode02.sns
  000000003961aad5 1024       FR_Francois_J_Vexplode01.sns
  000000003961aff5 1024       FR_Francois_J_Suspicious02.sns
  000000003961b515 1024       FR_Francois_J_Suspicious01.sns
  000000003961ba35 1024       FR_Francois_J_Runaway04.sns
  000000003961bf55 1024       FR_Francois_J_Runaway03.sns
  000000003961c475 1024       FR_Francois_J_Runaway02.sns
  000000003961c995 1024       FR_Francois_J_Runaway01.sns
  000000003961ceb5 1024       FR_Francois_J_NakRun04.sns
  000000003961d3d5 1024       FR_Francois_J_NakRun03.sns
  000000003961d8f5 1024       FR_Francois_J_NakRun02.sns
  000000003961de15 1024       FR_Francois_J_NakRun01.sns
  000000003961e335 1024       FR_Francois_J_NakHide02.sns
  000000003961e855 1024       FR_Francois_J_NakHide01.sns
  000000003961ed75 1024       FR_Francois_J_Baahed02.sns
  000000003961f295 1024       FR_Francois_J_Baahed01.sns
  000000003961f7b5 1024       FR_Francois_A_Vscript02.sns
  000000003961fcd5 1024       FR_Francois_A_Vscript01.sns
  00000000396201f5 1024       FR_Francois_A_Vrunaway04.sns
  0000000039620715 1024       FR_Francois_A_Vrunaway03.sns
  0000000039620c35 1024       FR_Francois_A_Vrunaway02.sns
  0000000039621155 1024       FR_Francois_A_Vrunaway01.sns
  0000000039621675 1024       FR_Francois_A_Vrun04.sns
  0000000039621b95 1024       FR_Francois_A_Vrun03.sns
  00000000396220b5 1024       FR_Francois_A_Vrun02.sns
  00000000396225d5 1024       FR_Francois_A_Vrun01.sns
  0000000039622af5 1024       FR_Francois_A_Vreactor03.sns
  0000000039623015 1024       FR_Francois_A_Vreactor02.sns
  0000000039623535 1024       FR_Francois_A_Vreactor01.sns
  0000000039623a55 1024       FR_Francois_A_Vjump02.sns
  0000000039623f75 1024       FR_Francois_A_Vjump01.sns
  0000000039624495 1024       FR_Francois_A_Vhit02.sns
  00000000396249b5 1024       FR_Francois_A_Vhit01.sns
  0000000039624ed5 1024       FR_Francois_A_Vexplode02.sns
  00000000396253f5 1024       FR_Francois_A_Vexplode01.sns
  0000000039625915 1024       FR_Francois_A_Suspicious02.sns
  0000000039625e35 1024       FR_Francois_A_Suspicious01.sns
  0000000039626355 1024       FR_Francois_A_Runaway04.sns
  0000000039626875 1024       FR_Francois_A_Runaway03.sns
  0000000039626d95 1024       FR_Francois_A_Runaway02.sns
  00000000396272b5 1024       FR_Francois_A_Runaway01.sns
  00000000396277d5 1024       FR_Francois_A_reactor03.sns
  0000000039627cf5 1024       FR_Francois_A_reactor02.sns
  0000000039628215 1024       FR_Francois_A_reactor01.sns
  0000000039628735 1024       FR_Francois_A_Nakrun04.sns
  0000000039628c55 1024       FR_Francois_A_Nakrun03.sns
  0000000039629175 1024       FR_Francois_A_Nakrun02.sns
  0000000039629695 1024       FR_Francois_A_Nakrun01.sns
  0000000039629bb5 1024       FR_Francois_A_Nakhide02.sns
  000000003962a0d5 1024       FR_Francois_A_Nakhide01.sns
  000000003962a5f5 1024       FR_Francois_A_Baahed02.sns
  000000003962ab15 1024       FR_Francois_A_Baahed01.sns
  000000003962b035 1024       FR_Employee2_Suspicious02.sns
  000000003962b555 1024       FR_Employee2_Suspicious01.sns
  000000003962ba75 1024       FR_Employee2_Runaway04.sns
  000000003962bf95 1024       FR_Employee2_Runaway03.sns
  000000003962c4b5 1024       FR_Employee2_Runaway02.sns
  000000003962c9d5 1024       FR_Employee2_Runaway01.sns
  000000003962cef5 1024       FR_Employee2_Nakrun04.sns
  000000003962d415 1024       FR_Employee2_Nakrun03.sns
  000000003962d935 1024       FR_Employee2_Nakrun02.sns
  000000003962de55 1024       FR_Employee2_Nakrun01.sns
  000000003962e375 1024       FR_Employee2_Nakhide02.sns
  000000003962e895 1024       FR_Employee2_Nakhide01.sns
  000000003962edb5 1024       FR_Employee2_Baahed02.sns
  000000003962f2d5 1024       FR_Employee2_Baahed01.sns
  000000003962f7f5 1024       FR_Employee1_Suspicious02.sns
  000000003962fd15 1024       FR_Employee1_Suspicious01.sns
  0000000039630235 1024       FR_Employee1_Runaway04.sns
  0000000039630755 1024       FR_Employee1_Runaway03.sns
  0000000039630c75 1024       FR_Employee1_Runaway02.sns
  0000000039631195 1024       FR_Employee1_Runaway01.sns
  00000000396316b5 1024       FR_Employee1_Nakrun04.sns
  0000000039631bd5 1024       FR_Employee1_Nakrun03.sns
  00000000396320f5 1024       FR_Employee1_Nakrun02.sns
  0000000039632615 1024       FR_Employee1_Nakrun01.sns
  0000000039632b35 1024       FR_Employee1_Nakhide02.sns
  0000000039633055 1024       FR_Employee1_Nakhide01.sns
  0000000039633575 1024       FR_Employee1_Baahed02.sns
  0000000039633a95 1024       FR_Employee1_Baahed01.sns
  0000000039633fb5 1024       FR_DogwomanOld_Suspicious02.sns
  00000000396344d5 1024       FR_DogwomanOld_Suspicious01.sns
  00000000396349f5 1024       FR_DogwomanOld_Runaway04.sns
  0000000039634f15 1024       FR_DogwomanOld_Runaway03.sns
  0000000039635435 1024       FR_DogwomanOld_Runaway02.sns
  0000000039635955 1024       FR_DogwomanOld_Runaway01.sns
  0000000039635e75 1024       FR_DogwomanOld_Nakrun04.sns
  0000000039636395 1024       FR_DogwomanOld_Nakrun03.sns
  00000000396368b5 1024       FR_DogwomanOld_Nakrun02.sns
  0000000039636dd5 1024       FR_DogwomanOld_Nakrun01.sns
  00000000396372f5 1024       FR_DogwomanOld_Nakhide02.sns
  0000000039637815 1024       FR_DogwomanOld_Nakhide01.sns
  0000000039637d35 1024       FR_DogwomanOld_dogattack04.sns
  0000000039638255 1024       FR_DogwomanOld_dogattack03.sns
  0000000039638775 1024       FR_DogwomanOld_dogattack02.sns
  0000000039638c95 1024       FR_DogwomanOld_dogattack01.sns
  00000000396391b5 1024       FR_DogwomanOld_Baahed02.sns
  00000000396396d5 1024       FR_DogwomanOld_Baahed01.sns
  0000000039639bf5 1024       FR_dogwoman_Suspicious02.sns
  000000003963a115 1024       FR_dogwoman_Suspicious01.sns
  000000003963a635 1024       FR_dogwoman_Runaway04.sns
  000000003963ab55 1024       FR_dogwoman_Runaway01.sns
  000000003963b075 1024       FR_dogwoman_NakRun04.sns
  000000003963b595 1024       FR_dogwoman_NakRun03.sns
  000000003963bab5 1024       FR_dogwoman_NakRun02.sns
  000000003963bfd5 1024       FR_dogwoman_NakRun01.sns
  000000003963c4f5 1024       FR_dogwoman_NakHide02.sns
  000000003963ca15 1024       FR_dogwoman_NakHide01.sns
  000000003963cf35 1024       FR_dogwoman_Baahed02.sns
  000000003963d455 1024       FR_dogwoman_Baahed01.sns
  000000003963d975 1024       FR_Dogman_suspicious02.sns
  000000003963de95 1024       FR_Dogman_suspicious01.sns
  000000003963e3b5 1024       FR_Dogman_runaway04.sns
  000000003963e8d5 1024       FR_Dogman_runaway03.sns
  000000003963edf5 1024       FR_Dogman_runaway02.sns
  000000003963f315 1024       FR_Dogman_runaway01.sns
  000000003963f835 1024       FR_Dogman_nakrun04.sns
  000000003963fd55 1024       FR_Dogman_nakrun03.sns
  0000000039640275 1024       FR_Dogman_nakrun02.sns
  0000000039640795 1024       FR_Dogman_nakrun01.sns
  0000000039640cb5 1024       FR_Dogman_nakhide02.sns
  00000000396411d5 1024       FR_Dogman_nakhide01.sns
  00000000396416f5 1024       FR_Dogman_dogattack04.sns
  0000000039641c15 1024       FR_Dogman_dogattack03.sns
  0000000039642135 1024       FR_Dogman_dogattack02.sns
  0000000039642655 1024       FR_Dogman_dogattack01.sns
  0000000039642b75 1024       FR_Dogman_baahed02.sns
  0000000039643095 1024       FR_Dogman_baahed01.sns
  00000000396435b5 1024       FR_Doctor_Suspicious02.sns
  0000000039643ad5 1024       FR_Doctor_Suspicious01.sns
  0000000039643ff5 1024       FR_Doctor_Runaway04.sns
  0000000039644515 1024       FR_Doctor_Runaway03.sns
  0000000039644a35 1024       FR_Doctor_Runaway02.sns
  0000000039644f55 1024       FR_Doctor_Runaway01.sns
  0000000039645475 1024       FR_Doctor_NakRun04.sns
  0000000039645995 1024       FR_Doctor_NakRun03.sns
  0000000039645eb5 1024       FR_Doctor_NakRun02.sns
  00000000396463d5 1024       FR_Doctor_NakRun01.sns
  00000000396468f5 1024       FR_Doctor_NakHide02.sns
  0000000039646e15 1024       FR_Doctor_NakHide01.sns
  0000000039647335 1024       FR_Doctor_Baahed02.sns
  0000000039647855 1024       FR_Doctor_Baahed01.sns
  0000000039647d75 1024       FR_Diver_Suspicious02.sns
  0000000039648295 1024       FR_Diver_Suspicious01.sns
  00000000396487b5 1024       FR_Diver_Runaway04.sns
  0000000039648cd5 1024       FR_Diver_Runaway03.sns
  00000000396491f5 1024       FR_Diver_Runaway02.sns
  0000000039649715 1024       FR_Diver_Runaway01.sns
  0000000039649c35 1024       FR_Diver_NakRun04.sns
  000000003964a155 1024       FR_Diver_NakRun03.sns
  000000003964a675 1024       FR_Diver_NakRun02.sns
  000000003964ab95 1024       FR_Diver_NakRun01.sns
  000000003964b0b5 1024       FR_Diver_NakHide02.sns
  000000003964b5d5 1024       FR_Diver_NakHide01.sns
  000000003964baf5 1024       FR_Diver_Baahed02.sns
  000000003964c015 1024       FR_Diver_Baahed01.sns
  000000003964c535 1024       FR_Office_controltower_worker_turn02.sns
  000000003964ca55 1024       FR_Office_controltower_worker_turn01.sns
  000000003964cf75 1024       FR_Office_controltower_worker_backbusy04.sns
  000000003964d495 1024       FR_Office_controltower_worker_backbusy03.sns
  000000003964d9b5 1024       FR_Office_controltower_worker_backbusy02.sns
  000000003964ded5 1024       FR_Office_controltower_worker_backbusy01.sns
  000000003964e3f5 1024       FR_Chuck_V_VScript02.sns
  000000003964e915 1024       FR_Chuck_V_VScript01.sns
  000000003964ee35 1024       FR_Chuck_V_VRunaway04.sns
  000000003964f355 1024       FR_Chuck_V_VRunaway02.sns
  000000003964f875 1024       FR_Chuck_V_VRunaway01.sns
  000000003964fd95 1024       FR_Chuck_V_VRun04.sns
  00000000396502b5 1024       FR_Chuck_V_VRun03.sns
  00000000396507d5 1024       FR_Chuck_V_VRun02.sns
  0000000039650cf5 1024       FR_Chuck_V_VJump02.sns
  0000000039651215 1024       FR_Chuck_V_VJump01.sns
  0000000039651735 1024       FR_Chuck_V_VHit02.sns
  0000000039651c55 1024       FR_Chuck_V_VHit01.sns
  0000000039652175 1024       FR_Chuck_V_VExplode02.sns
  0000000039652695 1024       FR_Chuck_V_VExplode01.sns
  0000000039652bb5 1024       FR_Chuck_V_Suspicious02.sns
  00000000396530d5 1024       FR_Chuck_V_Suspicious01.sns
  00000000396535f5 1024       FR_Chuck_V_Runaway04.sns
  0000000039653b15 1024       FR_Chuck_V_Runaway02.sns
  0000000039654035 1024       FR_Chuck_V_Runaway01.sns
  0000000039654555 1024       FR_Chuck_V_Nakrun04.sns
  0000000039654a75 1024       FR_Chuck_V_Nakrun03.sns
  0000000039654f95 1024       FR_Chuck_V_Nakrun02.sns
  00000000396554b5 1024       FR_Chuck_V_Nakrun01.sns
  00000000396559d5 1024       FR_Chuck_V_Nakhide02.sns
  0000000039655ef5 1024       FR_Chuck_V_Nakhide01.sns
  0000000039656415 1024       FR_Chuck_V_Baahed02.sns
  0000000039656935 1024       FR_Chuck_V_Baahed01.sns
  0000000039656e55 1024       FR_Chuck_J_Vscript02.sns
  0000000039657375 1024       FR_Chuck_J_Vscript01.sns
  0000000039657895 1024       FR_Chuck_J_Vrunaway04.sns
  0000000039657db5 1024       FR_Chuck_J_Vrunaway03.sns
  00000000396582d5 1024       FR_Chuck_J_Vrunaway02.sns
  00000000396587f5 1024       FR_Chuck_J_Vrunaway01.sns
  0000000039658d15 1024       FR_Chuck_J_Vrun04.sns
  0000000039659235 1024       FR_Chuck_J_Vrun03.sns
  0000000039659755 1024       FR_Chuck_J_Vrun02.sns
  0000000039659c75 1024       FR_Chuck_J_Vrun01.sns
  000000003965a195 1024       FR_Chuck_J_Vreactor03.sns
  000000003965a6b5 1024       FR_Chuck_J_Vreactor02.sns
  000000003965abd5 1024       FR_Chuck_J_Vreactor01.sns
  000000003965b0f5 1024       FR_Chuck_J_Vjump02.sns
  000000003965b615 1024       FR_Chuck_J_Vjump01.sns
  000000003965bb35 1024       FR_Chuck_J_Vhit02.sns
  000000003965c055 1024       FR_Chuck_J_Vhit01.sns
  000000003965c575 1024       FR_Chuck_J_Vexplode02.sns
  000000003965ca95 1024       FR_Chuck_J_Vexplode01.sns
  000000003965cfb5 1024       FR_Chuck_J_Suspicious02.sns
  000000003965d4d5 1024       FR_Chuck_J_Suspicious01.sns
  000000003965d9f5 1024       FR_Chuck_J_Runaway04.sns
  000000003965df15 1024       FR_Chuck_J_Runaway03.sns
  000000003965e435 1024       FR_Chuck_J_Runaway02.sns
  000000003965e955 1024       FR_Chuck_J_Runaway01.sns
  000000003965ee75 1024       FR_Chuck_J_reactor03.sns
  000000003965f395 1024       FR_Chuck_J_reactor02.sns
  000000003965f8b5 1024       FR_Chuck_J_reactor01.sns
  000000003965fdd5 1024       FR_Chuck_J_Nakrun04.sns
  00000000396602f5 1024       FR_Chuck_J_Nakrun03.sns
  0000000039660815 1024       FR_Chuck_J_Nakrun02.sns
  0000000039660d35 1024       FR_Chuck_J_Nakrun01.sns
  0000000039661255 1024       FR_Chuck_J_Nakhide02.sns
  0000000039661775 1024       FR_Chuck_J_Nakhide01.sns
  0000000039661c95 1024       FR_Chuck_J_Baahed02.sns
  00000000396621b5 1024       FR_Chuck_J_Baahed01.sns
  00000000396626d5 1024       FR_Chuck_A_Vscript02.sns
  0000000039662bf5 1024       FR_Chuck_A_Vscript01.sns
  0000000039663115 1024       FR_Chuck_A_Vrunaway04.sns
  0000000039663635 1024       FR_Chuck_A_Vrunaway03.sns
  0000000039663b55 1024       FR_Chuck_A_Vrunaway02.sns
  0000000039664075 1024       FR_Chuck_A_Vrunaway01.sns
  0000000039664595 1024       FR_Chuck_A_Vrun04.sns
  0000000039664ab5 1024       FR_Chuck_A_Vrun03.sns
  0000000039664fd5 1024       FR_Chuck_A_Vrun02.sns
  00000000396654f5 1024       FR_Chuck_A_Vrun01.sns
  0000000039665a15 1024       FR_Chuck_A_Vjump02.sns
  0000000039665f35 1024       FR_Chuck_A_Vjump01.sns
  0000000039666455 1024       FR_Chuck_A_Vhit02.sns
  0000000039666975 1024       FR_Chuck_A_Vhit01.sns
  0000000039666e95 1024       FR_Chuck_A_Vexplode02.sns
  00000000396673b5 1024       FR_Chuck_A_Vexplode01.sns
  00000000396678d5 1024       FR_Chuck_A_Suspicious02.sns
  0000000039667df5 1024       FR_Chuck_A_Suspicious01.sns
  0000000039668315 1024       FR_Chuck_A_Runaway04.sns
  0000000039668835 1024       FR_Chuck_A_Runaway03.sns
  0000000039668d55 1024       FR_Chuck_A_Runaway02.sns
  0000000039669275 1024       FR_Chuck_A_Runaway01.sns
  0000000039669795 1024       FR_Chuck_A_Nakrun04.sns
  0000000039669cb5 1024       FR_Chuck_A_Nakrun03.sns
  000000003966a1d5 1024       FR_Chuck_A_Nakrun02.sns
  000000003966a6f5 1024       FR_Chuck_A_Nakrun01.sns
  000000003966ac15 1024       FR_Chuck_A_NakHide02.sns
  000000003966b135 1024       FR_Chuck_A_NakHide01.sns
  000000003966b655 1024       FR_Chuck_A_Baahed02.sns
  000000003966bb75 1024       FR_Chuck_A_Baahed01.sns
  000000003966c095 1024       FR_Chuck_A_B4_CI7.sns
  000000003966c5b5 1024       FR_Chuck_A_B4_CI5.sns
  000000003966cad5 1024       FR_Chuck_A_B4_CI4.sns
  000000003966cff5 1024       FR_Chuck_A_B4_CI3.sns
  000000003966d515 1024       FR_Chuck_A_B4_CI2.sns
  000000003966da35 1024       FR_Answering_Machine.sns
  000000003966df55 1024       FR_Ching_A_VScript02.sns
  000000003966e475 1024       FR_Ching_A_VScript01.sns
  000000003966e995 1024       FR_Ching_A_VRunaway04.sns
  000000003966eeb5 1024       FR_Ching_A_VRunaway03.sns
  000000003966f3d5 1024       FR_Ching_A_VRunaway02.sns
  000000003966f8f5 1024       FR_Ching_A_VRunaway01.sns
  000000003966fe15 1024       FR_Ching_A_VRun04.sns
  0000000039670335 1024       FR_Ching_A_VRun03.sns
  0000000039670855 1024       FR_Ching_A_VRun02.sns
  0000000039670d75 1024       FR_Ching_A_VRun01.sns
  0000000039671295 1024       FR_Ching_A_VJump02.sns
  00000000396717b5 1024       FR_Ching_A_VJump01.sns
  0000000039671cd5 1024       FR_Ching_A_VHit02.sns
  00000000396721f5 1024       FR_Ching_A_VHit01.sns
  0000000039672715 1024       FR_Ching_A_VExplode02.sns
  0000000039672c35 1024       FR_Ching_A_VExplode01.sns
  0000000039673155 1024       FR_Ching_A_Suspicious02.sns
  0000000039673675 1024       FR_Ching_A_Suspicious01.sns
  0000000039673b95 1024       FR_Ching_A_Runaway04.sns
  00000000396740b5 1024       FR_Ching_A_Runaway03.sns
  00000000396745d5 1024       FR_Ching_A_Runaway02.sns
  0000000039674af5 1024       FR_Ching_A_Runaway01.sns
  0000000039675015 1024       FR_Ching_A_Nakrun04.sns
  0000000039675535 1024       FR_Ching_A_Nakrun03.sns
  0000000039675a55 1024       FR_Ching_A_Nakrun02.sns
  0000000039675f75 1024       FR_Ching_A_Nakrun01.sns
  0000000039676495 1024       FR_Ching_A_Nakhide02.sns
  00000000396769b5 1024       FR_Ching_A_Nakhide01.sns
  0000000039676ed5 1024       FR_Ching_A_Baahed02.sns
  00000000396773f5 1024       FR_Ching_A_Baahed01.sns
  0000000039677915 1024       FR_CharlesHenri_V_Vscript02.sns
  0000000039677e35 1024       FR_CharlesHenri_V_Vscript01.sns
  0000000039678355 1024       FR_CharlesHenri_V_Vrunaway04.sns
  0000000039678875 1024       FR_CharlesHenri_V_Vrunaway03.sns
  0000000039678d95 1024       FR_CharlesHenri_V_Vrunaway02.sns
  00000000396792b5 1024       FR_CharlesHenri_V_Vrunaway01.sns
  00000000396797d5 1024       FR_CharlesHenri_V_Vrun04.sns
  0000000039679cf5 1024       FR_CharlesHenri_V_Vrun03.sns
  000000003967a215 1024       FR_CharlesHenri_V_Vrun02.sns
  000000003967a735 1024       FR_CharlesHenri_V_Vrun01.sns
  000000003967ac55 1024       FR_CharlesHenri_V_Vjump02.sns
  000000003967b175 1024       FR_CharlesHenri_V_Vjump01.sns
  000000003967b695 1024       FR_CharlesHenri_V_Vhit02.sns
  000000003967bbb5 1024       FR_CharlesHenri_V_Vhit01.sns
  000000003967c0d5 1024       FR_CharlesHenri_V_Vexplode02.sns
  000000003967c5f5 1024       FR_CharlesHenri_V_Vexplode01.sns
  000000003967cb15 1024       FR_CharlesHenri_V_Suspicious02.sns
  000000003967d035 1024       FR_CharlesHenri_V_Suspicious01.sns
  000000003967d555 1024       FR_CharlesHenri_V_Runaway04.sns
  000000003967da75 1024       FR_CharlesHenri_V_Runaway03.sns
  000000003967df95 1024       FR_CharlesHenri_V_Runaway02.sns
  000000003967e4b5 1024       FR_CharlesHenri_V_Runaway01.sns
  000000003967e9d5 1024       FR_CharlesHenri_V_NakRun04.sns
  000000003967eef5 1024       FR_CharlesHenri_V_NakRun03.sns
  000000003967f415 1024       FR_CharlesHenri_V_NakRun02.sns
  000000003967f935 1024       FR_CharlesHenri_V_NakRun01.sns
  000000003967fe55 1024       FR_CharlesHenri_V_NakHide02.sns
  0000000039680375 1024       FR_CharlesHenri_V_NakHide01.sns
  0000000039680895 1024       FR_CharlesHenri_V_Baahed02.sns
  0000000039680db5 1024       FR_CharlesHenri_V_Baahed01.sns
  00000000396812d5 1024       FR_CharlesHenri_J_VScript02.sns
  00000000396817f5 1024       FR_CharlesHenri_J_VScript01.sns
  0000000039681d15 1024       FR_CharlesHenri_J_VRunAway04.sns
  0000000039682235 1024       FR_CharlesHenri_J_VRunAway03.sns
  0000000039682755 1024       FR_CharlesHenri_J_VRunAway02.sns
  0000000039682c75 1024       FR_CharlesHenri_J_VRunAway01.sns
  0000000039683195 1024       FR_CharlesHenri_J_VRun03.sns
  00000000396836b5 1024       FR_CharlesHenri_J_VRun02.sns
  0000000039683bd5 1024       FR_CharlesHenri_J_VRun01.sns
  00000000396840f5 1024       FR_CharlesHenri_J_Vreactor03.sns
  0000000039684615 1024       FR_CharlesHenri_J_Vreactor02.sns
  0000000039684b35 1024       FR_CharlesHenri_J_Vreactor01.sns
  0000000039685055 1024       FR_CharlesHenri_J_VJump02.sns
  0000000039685575 1024       FR_CharlesHenri_J_VJump01.sns
  0000000039685a95 1024       FR_CharlesHenri_J_VHit02.sns
  0000000039685fb5 1024       FR_CharlesHenri_J_VHit01.sns
  00000000396864d5 1024       FR_CharlesHenri_J_VExplode02.sns
  00000000396869f5 1024       FR_CharlesHenri_J_VExplode01.sns
  0000000039686f15 1024       FR_CharlesHenri_J_Suspicious02.sns
  0000000039687435 1024       FR_CharlesHenri_J_Suspicious01.sns
  0000000039687955 1024       FR_CharlesHenri_J_Runaway04.sns
  0000000039687e75 1024       FR_CharlesHenri_J_Runaway03.sns
  0000000039688395 1024       FR_CharlesHenri_J_Runaway02.sns
  00000000396888b5 1024       FR_CharlesHenri_J_Runaway01.sns
  0000000039688dd5 1024       FR_CharlesHenri_J_reactor03.sns
  00000000396892f5 1024       FR_CharlesHenri_J_reactor02.sns
  0000000039689815 1024       FR_CharlesHenri_J_reactor01.sns
  0000000039689d35 1024       FR_CharlesHenri_J_NakRun04.sns
  000000003968a255 1024       FR_CharlesHenri_J_NakRun03.sns
  000000003968a775 1024       FR_CharlesHenri_J_NakRun02.sns
  000000003968ac95 1024       FR_CharlesHenri_J_NakRun01.sns
  000000003968b1b5 1024       FR_CharlesHenri_J_NakHide02.sns
  000000003968b6d5 1024       FR_CharlesHenri_J_NakHide01.sns
  000000003968bbf5 1024       FR_CharlesHenri_J_Baahed02.sns
  000000003968c115 1024       FR_CharlesHenri_J_Baahed01.sns
  000000003968c635 1024       FR_CharlesHenri_A_VScript02.sns
  000000003968cb55 1024       FR_CharlesHenri_A_VScript01.sns
  000000003968d075 1024       FR_CharlesHenri_A_VRunaway04.sns
  000000003968d595 1024       FR_CharlesHenri_A_VRunaway03.sns
  000000003968dab5 1024       FR_CharlesHenri_A_VRunaway02.sns
  000000003968dfd5 1024       FR_CharlesHenri_A_VRunaway01.sns
  000000003968e4f5 1024       FR_CharlesHenri_A_VRun04.sns
  000000003968ea15 1024       FR_CharlesHenri_A_VRun03.sns
  000000003968ef35 1024       FR_CharlesHenri_A_VRun02.sns
  000000003968f455 1024       FR_CharlesHenri_A_VRun01.sns
  000000003968f975 1024       FR_CharlesHenri_A_VJump02.sns
  000000003968fe95 1024       FR_CharlesHenri_A_VJump01.sns
  00000000396903b5 1024       FR_CharlesHenri_A_VHit02.sns
  00000000396908d5 1024       FR_CharlesHenri_A_VHit01.sns
  0000000039690df5 1024       FR_CharlesHenri_A_VExplode02.sns
  0000000039691315 1024       FR_CharlesHenri_A_VExplode01.sns
  0000000039691835 1024       FR_CharlesHenri_A_Suspicious02.sns
  0000000039691d55 1024       FR_CharlesHenri_A_Suspicious01.sns
  0000000039692275 1024       FR_CharlesHenri_A_Runaway04.sns
  0000000039692795 1024       FR_CharlesHenri_A_Runaway03.sns
  0000000039692cb5 1024       FR_CharlesHenri_A_Runaway02.sns
  00000000396931d5 1024       FR_CharlesHenri_A_Runaway01.sns
  00000000396936f5 1024       FR_CharlesHenri_A_Nakrun04.sns
  0000000039693c15 1024       FR_CharlesHenri_A_Nakrun03.sns
  0000000039694135 1024       FR_CharlesHenri_A_Nakrun02.sns
  0000000039694655 1024       FR_CharlesHenri_A_Nakrun01.sns
  0000000039694b75 1024       FR_CharlesHenri_A_Nakhide02.sns
  0000000039695095 1024       FR_CharlesHenri_A_Nakhide01.sns
  00000000396955b5 1024       FR_CharlesHenri_A_Baahed02.sns
  0000000039695ad5 1024       FR_CharlesHenri_A_Baahed01.sns
  0000000039695ff5 1024       FR_Chang_V_VScript02.sns
  0000000039696515 1024       FR_Chang_V_VScript01.sns
  0000000039696a35 1024       FR_Chang_V_VRunaway04.sns
  0000000039696f55 1024       FR_Chang_V_VRunaway03.sns
  0000000039697475 1024       FR_Chang_V_VRunaway02.sns
  0000000039697995 1024       FR_Chang_V_VRunaway01.sns
  0000000039697eb5 1024       FR_Chang_V_VRun04.sns
  00000000396983d5 1024       FR_Chang_V_VRun03.sns
  00000000396988f5 1024       FR_Chang_V_VRun02.sns
  0000000039698e15 1024       FR_Chang_V_VRun01.sns
  0000000039699335 1024       FR_Chang_V_VJump02.sns
  0000000039699855 1024       FR_Chang_V_VJump01.sns
  0000000039699d75 1024       FR_Chang_V_VHit02.sns
  000000003969a295 1024       FR_Chang_V_VHit01.sns
  000000003969a7b5 1024       FR_Chang_V_VExplode02.sns
  000000003969acd5 1024       FR_Chang_V_VExplode01.sns
  000000003969b1f5 1024       FR_Chang_V_Suspicious02.sns
  000000003969b715 1024       FR_Chang_V_Suspicious01.sns
  000000003969bc35 1024       FR_Chang_V_Runaway04.sns
  000000003969c155 1024       FR_Chang_V_Runaway03.sns
  000000003969c675 1024       FR_Chang_V_Runaway02.sns
  000000003969cb95 1024       FR_Chang_V_Runaway01.sns
  000000003969d0b5 1024       FR_Chang_V_Nakrun04.sns
  000000003969d5d5 1024       FR_Chang_V_Nakrun03.sns
  000000003969daf5 1024       FR_Chang_V_Nakrun02.sns
  000000003969e015 1024       FR_Chang_V_Nakrun01.sns
  000000003969e535 1024       FR_Chang_V_Nakhide02.sns
  000000003969ea55 1024       FR_Chang_V_Nakhide01.sns
  000000003969ef75 1024       FR_Chang_V_Baahed02.sns
  000000003969f495 1024       FR_Chang_V_Baahed01.sns
  000000003969f9b5 1024       FR_Chang_J_VScript02.sns
  000000003969fed5 1024       FR_Chang_J_VScript01.sns
  00000000396a03f5 1024       FR_Chang_J_VRunaway04.sns
  00000000396a0915 1024       FR_Chang_J_VRunaway03.sns
  00000000396a0e35 1024       FR_Chang_J_VRunaway02.sns
  00000000396a1355 1024       FR_Chang_J_VRunaway01.sns
  00000000396a1875 1024       FR_Chang_J_VRun04.sns
  00000000396a1d95 1024       FR_Chang_J_VRun03.sns
  00000000396a22b5 1024       FR_Chang_J_VRun02.sns
  00000000396a27d5 1024       FR_Chang_J_VRun01.sns
  00000000396a2cf5 1024       FR_Chang_J_Vreactor03.sns
  00000000396a3215 1024       FR_Chang_J_Vreactor02.sns
  00000000396a3735 1024       FR_Chang_J_Vreactor01.sns
  00000000396a3c55 1024       FR_Chang_J_VJump02.sns
  00000000396a4175 1024       FR_Chang_J_VJump01.sns
  00000000396a4695 1024       FR_Chang_J_VHit02.sns
  00000000396a4bb5 1024       FR_Chang_J_VHit01.sns
  00000000396a50d5 1024       FR_Chang_J_VExplode02.sns
  00000000396a55f5 1024       FR_Chang_J_VExplode01.sns
  00000000396a5b15 1024       FR_Chang_J_Suspicious02.sns
  00000000396a6035 1024       FR_Chang_J_Suspicious01.sns
  00000000396a6555 1024       FR_Chang_J_Runaway04.sns
  00000000396a6a75 1024       FR_Chang_J_Runaway03.sns
  00000000396a6f95 1024       FR_Chang_J_Runaway02.sns
  00000000396a74b5 1024       FR_Chang_J_Runaway01.sns
  00000000396a79d5 1024       FR_Chang_J_reactor03.sns
  00000000396a7ef5 1024       FR_Chang_J_reactor02.sns
  00000000396a8415 1024       FR_Chang_J_reactor01.sns
  00000000396a8935 1024       FR_Chang_J_NakRun04.sns
  00000000396a8e55 1024       FR_Chang_J_NakRun03.sns
  00000000396a9375 1024       FR_Chang_J_NakRun02.sns
  00000000396a9895 1024       FR_Chang_J_NakRun01.sns
  00000000396a9db5 1024       FR_Chang_J_NakHide02.sns
  00000000396aa2d5 1024       FR_Chang_J_NakHide01.sns
  00000000396aa7f5 1024       FR_Chang_J_Baahed02.sns
  00000000396aad15 1024       FR_Chang_J_Baahed01.sns
  00000000396ab235 1024       FR_Carla_V_Vscript01.sns
  00000000396ab755 1024       FR_Carla_V_Vrunaway04.sns
  00000000396abc75 1024       FR_Carla_V_Vrunaway03.sns
  00000000396ac195 1024       FR_Carla_V_Vrunaway02.sns
  00000000396ac6b5 1024       FR_Carla_V_Vrunaway01.sns
  00000000396acbd5 1024       FR_Carla_V_Vrun04.sns
  00000000396ad0f5 1024       FR_Carla_V_Vrun03.sns
  00000000396ad615 1024       FR_Carla_V_Vrun02.sns
  00000000396adb35 1024       FR_Carla_V_Vrun01.sns
  00000000396ae055 1024       FR_Carla_V_Vreactor03.sns
  00000000396ae575 1024       FR_Carla_V_Vreactor02.sns
  00000000396aea95 1024       FR_Carla_V_Vreactor01.sns
  00000000396aefb5 1024       FR_Carla_V_Vjump02.sns
  00000000396af4d5 1024       FR_Carla_V_Vjump01.sns
  00000000396af9f5 1024       FR_Carla_V_Vhit02.sns
  00000000396aff15 1024       FR_Carla_V_Vhit01.sns
  00000000396b0435 1024       FR_Carla_V_Vexplode02.sns
  00000000396b0955 1024       FR_Carla_V_Vexplode01.sns
  00000000396b0e75 1024       FR_Carla_V_Suspicious02.sns
  00000000396b1395 1024       FR_Carla_V_Suspicious01.sns
  00000000396b18b5 1024       FR_Carla_V_Runaway04.sns
  00000000396b1dd5 1024       FR_Carla_V_Runaway03.sns
  00000000396b22f5 1024       FR_Carla_V_Runaway02.sns
  00000000396b2815 1024       FR_Carla_V_Runaway01.sns
  00000000396b2d35 1024       FR_Carla_V_reactor03.sns
  00000000396b3255 1024       FR_Carla_V_reactor02.sns
  00000000396b3775 1024       FR_Carla_V_reactor01.sns
  00000000396b3c95 1024       FR_Carla_V_NakRun04.sns
  00000000396b41b5 1024       FR_Carla_V_NakRun03.sns
  00000000396b46d5 1024       FR_Carla_V_NakRun02.sns
  00000000396b4bf5 1024       FR_Carla_V_NakRun01.sns
  00000000396b5115 1024       FR_Carla_V_NakHide02.sns
  00000000396b5635 1024       FR_Carla_V_NakHide01.sns
  00000000396b5b55 1024       FR_Carla_V_Baahed02.sns
  00000000396b6075 1024       FR_Carla_V_Baahed01.sns
  00000000396b6595 1024       FR_Carla_J_VScript02.sns
  00000000396b6ab5 1024       FR_Carla_J_VScript01.sns
  00000000396b6fd5 1024       FR_Carla_J_VRunaway04.sns
  00000000396b74f5 1024       FR_Carla_J_VRunaway03.sns
  00000000396b7a15 1024       FR_Carla_J_VRunaway02.sns
  00000000396b7f35 1024       FR_Carla_J_VRunaway01.sns
  00000000396b8455 1024       FR_Carla_J_VRun04.sns
  00000000396b8975 1024       FR_Carla_J_VRun03.sns
  00000000396b8e95 1024       FR_Carla_J_VRun02.sns
  00000000396b93b5 1024       FR_Carla_J_VRun01.sns
  00000000396b98d5 1024       FR_Carla_J_VJump02.sns
  00000000396b9df5 1024       FR_Carla_J_VJump01.sns
  00000000396ba315 1024       FR_Carla_J_VHit02.sns
  00000000396ba835 1024       FR_Carla_J_VHit01.sns
  00000000396bad55 1024       FR_Carla_J_VExplode02.sns
  00000000396bb275 1024       FR_Carla_J_VExplode01.sns
  00000000396bb795 1024       FR_Carla_J_Suspicious02.sns
  00000000396bbcb5 1024       FR_Carla_J_Suspicious01.sns
  00000000396bc1d5 1024       FR_Carla_J_Runaway04.sns
  00000000396bc6f5 1024       FR_Carla_J_Runaway03.sns
  00000000396bcc15 1024       FR_Carla_J_Runaway02.sns
  00000000396bd135 1024       FR_Carla_J_Runaway01.sns
  00000000396bd655 1024       FR_Carla_J_Nakrun04.sns
  00000000396bdb75 1024       FR_Carla_J_Nakrun03.sns
  00000000396be095 1024       FR_Carla_J_NakRun02.sns
  00000000396be5b5 1024       FR_Carla_J_NakRun01.sns
  00000000396bead5 1024       FR_Carla_J_NakHide02.sns
  00000000396beff5 1024       FR_Carla_J_NakHide01.sns
  00000000396bf515 1024       FR_Carla_J_Baahed02.sns
  00000000396bfa35 1024       FR_Carla_J_Baahed01.sns
  00000000396bff55 1024       FR_Carla_A_VScript02.sns
  00000000396c0475 1024       FR_Carla_A_VScript01.sns
  00000000396c0995 1024       FR_Carla_A_VRunaway04.sns
  00000000396c0eb5 1024       FR_Carla_A_VRunaway03.sns
  00000000396c13d5 1024       FR_Carla_A_VRunaway02.sns
  00000000396c18f5 1024       FR_Carla_A_VRunaway01.sns
  00000000396c1e15 1024       FR_Carla_A_VRun04.sns
  00000000396c2335 1024       FR_Carla_A_VRun03.sns
  00000000396c2855 1024       FR_Carla_A_VRun02.sns
  00000000396c2d75 1024       FR_Carla_A_VRun01.sns
  00000000396c3295 1024       FR_Carla_A_VJump02.sns
  00000000396c37b5 1024       FR_Carla_A_VJump01.sns
  00000000396c3cd5 1024       FR_Carla_A_VHit02.sns
  00000000396c41f5 1024       FR_Carla_A_VHit01.sns
  00000000396c4715 1024       FR_Carla_A_VExplode02.sns
  00000000396c4c35 1024       FR_Carla_A_VExplode01.sns
  00000000396c5155 1024       FR_Carla_A_Suspicious02.sns
  00000000396c5675 1024       FR_Carla_A_Suspicious01.sns
  00000000396c5b95 1024       FR_Carla_A_Runaway04.sns
  00000000396c60b5 1024       FR_Carla_A_Runaway03.sns
  00000000396c65d5 1024       FR_Carla_A_Runaway02.sns
  00000000396c6af5 1024       FR_Carla_A_Runaway01.sns
  00000000396c7015 1024       FR_Carla_A_Nakrun04.sns
  00000000396c7535 1024       FR_Carla_A_Nakrun03.sns
  00000000396c7a55 1024       FR_Carla_A_Nakrun02.sns
  00000000396c7f75 1024       FR_Carla_A_Nakrun01.sns
  00000000396c8495 1024       FR_Carla_A_Nakhide02.sns
  00000000396c89b5 1024       FR_Carla_A_Nakhide01.sns
  00000000396c8ed5 1024       FR_Carla_A_Baahed02.sns
  00000000396c93f5 1024       FR_Carla_A_Baahed01.sns
  00000000396c9915 1024       FR_Boss_B2_Vscript02.sns
  00000000396c9e35 1024       FR_Boss_B2_Vscript01.sns
  00000000396ca355 1024       FR_Boss_B2_Vrunaway04.sns
  00000000396ca875 1024       FR_Boss_B2_Vrunaway03.sns
  00000000396cad95 1024       FR_Boss_B2_Vrunaway02.sns
  00000000396cb2b5 1024       FR_Boss_B2_Vrunaway01.sns
  00000000396cb7d5 1024       FR_Boss_B2_Vrun04.sns
  00000000396cbcf5 1024       FR_Boss_B2_Vrun03.sns
  00000000396cc215 1024       FR_Boss_B2_Vrun02.sns
  00000000396cc735 1024       FR_Boss_B2_Vrun01.sns
  00000000396ccc55 1024       FR_Boss_B2_Vjump02.sns
  00000000396cd175 1024       FR_Boss_B2_Vjump01.sns
  00000000396cd695 1024       FR_Boss_B2_Vhit02.sns
  00000000396cdbb5 1024       FR_Boss_B2_Vhit01.sns
  00000000396ce0d5 1024       FR_Boss_B2_Vexplode02.sns
  00000000396ce5f5 1024       FR_Boss_B2_Vexplode01.sns
  00000000396ceb15 1024       FR_Boss_B2_Suspicious02.sns
  00000000396cf035 1024       FR_Boss_B2_Suspicious01.sns
  00000000396cf555 1024       FR_Boss_B2_Runaway04.sns
  00000000396cfa75 1024       FR_Boss_B2_Runaway03.sns
  00000000396cff95 1024       FR_Boss_B2_Runaway02.sns
  00000000396d04b5 1024       FR_Boss_B2_Runaway01.sns
  00000000396d09d5 1024       FR_Boss_B2_Nakrun04.sns
  00000000396d0ef5 1024       FR_Boss_B2_Nakrun03.sns
  00000000396d1415 1024       FR_Boss_B2_Nakrun01.sns
  00000000396d1935 1024       FR_Boss_B2_Baahed02.sns
  00000000396d1e55 1024       FR_Boss_B2_Baahed01.sns
  00000000396d2375 1024       FR_Boss3_Suspicious02.sns
  00000000396d2895 1024       FR_Boss3_Suspicious01.sns
  00000000396d2db5 1024       FR_Boss3_Runaway04.sns
  00000000396d32d5 1024       FR_Boss3_Runaway03.sns
  00000000396d37f5 1024       FR_Boss3_Runaway02.sns
  00000000396d3d15 1024       FR_Boss3_Runaway01.sns
  00000000396d4235 1024       FR_Boss3_Nakrun04.sns
  00000000396d4755 1024       FR_Boss3_Nakrun03.sns
  00000000396d4c75 1024       FR_Boss3_Nakrun02.sns
  00000000396d5195 1024       FR_Boss3_Nakrun01.sns
  00000000396d56b5 1024       FR_Boss3_Nakhide02.sns
  00000000396d5bd5 1024       FR_Boss3_Nakhide01.sns
  00000000396d60f5 1024       FR_Boss3_Baahed02.sns
  00000000396d6615 1024       FR_Boss3_Baahed01.sns
  00000000396d6b35 1024       FR_Boss2_B9_Suspicious02.sns
  00000000396d7055 1024       FR_Boss2_B9_Suspicious01.sns
  00000000396d7575 1024       FR_Boss2_B9_Runaway04.sns
  00000000396d7a95 1024       FR_Boss2_B9_Runaway03.sns
  00000000396d7fb5 1024       FR_Boss2_B9_Runaway01.sns
  00000000396d84d5 1024       FR_Boss2_B9_Nakrun04.sns
  00000000396d89f5 1024       FR_Boss2_B9_Nakrun03.sns
  00000000396d8f15 1024       FR_Boss2_B9_Nakrun02.sns
  00000000396d9435 1024       FR_Boss2_B9_Nakrun01.sns
  00000000396d9955 1024       FR_Boss2_B9_Nakhide02.sns
  00000000396d9e75 1024       FR_Boss2_B9_Nakhide01.sns
  00000000396da395 1024       FR_Boss2_B9_Baahed02.sns
  00000000396da8b5 1024       FR_Boss2_B9_Baahed01.sns
  00000000396dadd5 1024       FR_Benedicte3_Suspicious02.sns
  00000000396db2f5 1024       FR_Benedicte3_Suspicious01.sns
  00000000396db815 1024       FR_Benedicte3_Runaway04.sns
  00000000396dbd35 1024       FR_Benedicte3_Runaway03.sns
  00000000396dc255 1024       FR_Benedicte3_Runaway02.sns
  00000000396dc775 1024       FR_Benedicte3_Runaway01.sns
  00000000396dcc95 1024       FR_Benedicte3_Nakrun04.sns
  00000000396dd1b5 1024       FR_Benedicte3_Nakrun03.sns
  00000000396dd6d5 1024       FR_Benedicte3_Nakhide02.sns
  00000000396ddbf5 1024       FR_Benedicte3_Nakhide01.sns
  00000000396de115 1024       FR_Benedicte3_Baahed02.sns
  00000000396de635 1024       FR_Benedicte3_Baahed01.sns
  00000000396deb55 1024       FR_Benedicte2_B9_Suspicious02.sns
  00000000396df075 1024       FR_Benedicte2_B9_Suspicious01.sns
  00000000396df595 1024       FR_Benedicte2_B9_Runaway04.sns
  00000000396dfab5 1024       FR_Benedicte2_B9_Runaway03.sns
  00000000396dffd5 1024       FR_Benedicte2_B9_Runaway02.sns
  00000000396e04f5 1024       FR_Benedicte2_B9_Runaway01.sns
  00000000396e0a15 1024       FR_Benedicte2_B9_Nakrun04.sns
  00000000396e0f35 1024       FR_Benedicte2_B9_Nakrun03.sns
  00000000396e1455 1024       FR_Benedicte2_B9_Nakrun02.sns
  00000000396e1975 1024       FR_Benedicte2_B9_Nakrun01.sns
  00000000396e1e95 1024       FR_Benedicte2_B9_Nakhide02.sns
  00000000396e23b5 1024       FR_Benedicte2_B9_Nakhide01.sns
  00000000396e28d5 1024       FR_Benedicte2_B9_Baahed02.sns
  00000000396e2df5 1024       FR_Benedicte2_B9_Baahed01.sns
  00000000396e3315 1024       FR_Benedicte1_Vscript02.sns
  00000000396e3835 1024       FR_Benedicte1_Vscript01.sns
  00000000396e3d55 1024       FR_Benedicte1_Vrunaway04.sns
  00000000396e4275 1024       FR_Benedicte1_Vrunaway03.sns
  00000000396e4795 1024       FR_Benedicte1_Vrunaway02.sns
  00000000396e4cb5 1024       FR_Benedicte1_Vrunaway01.sns
  00000000396e51d5 1024       FR_Benedicte1_Vrun04.sns
  00000000396e56f5 1024       FR_Benedicte1_Vrun03.sns
  00000000396e5c15 1024       FR_Benedicte1_Vrun02.sns
  00000000396e6135 1024       FR_Benedicte1_Vrun01.sns
  00000000396e6655 1024       FR_Benedicte1_Vjump02.sns
  00000000396e6b75 1024       FR_Benedicte1_Vjump01.sns
  00000000396e7095 1024       FR_Benedicte1_Vhit02.sns
  00000000396e75b5 1024       FR_Benedicte1_Vhit01.sns
  00000000396e7ad5 1024       FR_Benedicte1_Vexplode02.sns
  00000000396e7ff5 1024       FR_Benedicte1_Vexplode01.sns
  00000000396e8515 1024       FR_Benedicte1_Suspicious02.sns
  00000000396e8a35 1024       FR_Benedicte1_Suspicious01.sns
  00000000396e8f55 1024       FR_Benedicte1_Runaway04.sns
  00000000396e9475 1024       FR_Benedicte1_Runaway03.sns
  00000000396e9995 1024       FR_Benedicte1_Runaway02.sns
  00000000396e9eb5 1024       FR_Benedicte1_Runaway01.sns
  00000000396ea3d5 1024       FR_Benedicte1_Nakrun04.sns
  00000000396ea8f5 1024       FR_Benedicte1_Nakrun03.sns
  00000000396eae15 1024       FR_Benedicte1_Nakrun02.sns
  00000000396eb335 1024       FR_Benedicte1_Nakhide02.sns
  00000000396eb855 1024       FR_Benedicte1_Nakhide01.sns
  00000000396ebd75 1024       FR_Benedicte1_baahed02.sns
  00000000396ec295 1024       FR_Benedicte1_baahed01.sns
  00000000396ec7b5 1024       FR_Bed_woman2_quiet03.sns
  00000000396eccd5 1024       FR_Bed_woman2_quiet02.sns
  00000000396ed1f5 1024       FR_Bed_woman2_quiet01.sns
  00000000396ed715 1024       FR_Bed_woman2_jumped03.sns
  00000000396edc35 1024       FR_Bed_woman2_jumped02.sns
  00000000396ee155 1024       FR_Bed_woman2_jumped01.sns
  00000000396ee675 1024       FR_bed_woman1_quiet03.sns
  00000000396eeb95 1024       FR_bed_woman1_quiet02.sns
  00000000396ef0b5 1024       FR_bed_woman1_quiet01.sns
  00000000396ef5d5 1024       FR_bed_woman1_jumped03.sns
  00000000396efaf5 1024       FR_bed_woman1_jumped02.sns
  00000000396f0015 1024       FR_bed_woman1_jumped01.sns
  00000000396f0535 1024       FR_Bed_man2_quiet_03.sns
  00000000396f0a55 1024       FR_Bed_man2_quiet_02.sns
  00000000396f0f75 1024       FR_Bed_man2_quiet_01.sns
  00000000396f1495 1024       FR_Bed_man2_jumped03.sns
  00000000396f19b5 1024       FR_Bed_man2_jumped02.sns
  00000000396f1ed5 1024       FR_Bed_man2_jumped01.sns
  00000000396f23f5 1024       FR_Bed_man1_quiet_03.sns
  00000000396f2915 1024       FR_Bed_man1_quiet_02.sns
  00000000396f2e35 1024       FR_Bed_man1_quiet_01.sns
  00000000396f3355 1024       FR_Bed_man1_jumped_03.sns
  00000000396f3875 1024       FR_Bed_man1_jumped_02.sns
  00000000396f3d95 1024       FR_Bed_man1_jumped_01.sns
  00000000396f42b5 1024       FR_Barney_A_VScript02.sns
  00000000396f47d5 1024       FR_Barney_A_VScript01.sns
  00000000396f4cf5 1024       FR_Barney_A_VRunaway04.sns
  00000000396f5215 1024       FR_Barney_A_VRunaway03.sns
  00000000396f5735 1024       FR_Barney_A_VRunaway02.sns
  00000000396f5c55 1024       FR_Barney_A_VRunaway01.sns
  00000000396f6175 1024       FR_Barney_A_VRun04.sns
  00000000396f6695 1024       FR_Barney_A_VRun03.sns
  00000000396f6bb5 1024       FR_Barney_A_VRun02.sns
  00000000396f70d5 1024       FR_Barney_A_VRun01.sns
  00000000396f75f5 1024       FR_Barney_A_VJump02.sns
  00000000396f7b15 1024       FR_Barney_A_VJump01.sns
  00000000396f8035 1024       FR_Barney_A_VHit02.sns
  00000000396f8555 1024       FR_Barney_A_VHit01.sns
  00000000396f8a75 1024       FR_Barney_A_VExplode02.sns
  00000000396f8f95 1024       FR_Barney_A_VExplode01.sns
  00000000396f94b5 1024       FR_Barney_A_Suspicious02.sns
  00000000396f99d5 1024       FR_Barney_A_Suspicious01.sns
  00000000396f9ef5 1024       FR_Barney_A_Runaway04.sns
  00000000396fa415 1024       FR_Barney_A_Runaway03.sns
  00000000396fa935 1024       FR_Barney_A_Runaway01.sns
  00000000396fae55 1024       FR_Barney_A_Nakrun04.sns
  00000000396fb375 1024       FR_Barney_A_Nakrun03.sns
  00000000396fb895 1024       FR_Barney_A_Nakrun02.sns
  00000000396fbdb5 1024       FR_Barney_A_Nakrun01.sns
  00000000396fc2d5 1024       FR_Barney_A_Nakhide01.sns
  00000000396fc7f5 1024       FR_Barney_A_Baahed02.sns
  00000000396fcd15 1024       FR_Barney_A_Baahed01.sns
  00000000396fd235 1024       FR_Barak_V_VScript02.sns
  00000000396fd755 1024       FR_Barak_V_VScript01.sns
  00000000396fdc75 1024       FR_Barak_V_VRunaway04.sns
  00000000396fe195 1024       FR_Barak_V_VRunaway03.sns
  00000000396fe6b5 1024       FR_Barak_V_VRunaway02.sns
  00000000396febd5 1024       FR_Barak_V_VRunaway01.sns
  00000000396ff0f5 1024       FR_Barak_V_VRun04.sns
  00000000396ff615 1024       FR_Barak_V_VRun03.sns
  00000000396ffb35 1024       FR_Barak_V_VRun02.sns
  0000000039700055 1024       FR_Barak_V_VRun01.sns
  0000000039700575 1024       FR_Barak_V_VJump02.sns
  0000000039700a95 1024       FR_Barak_V_VJump01.sns
  0000000039700fb5 1024       FR_Barak_V_VHit02.sns
  00000000397014d5 1024       FR_Barak_V_VHit01.sns
  00000000397019f5 1024       FR_Barak_V_VExplode02.sns
  0000000039701f15 1024       FR_Barak_V_VExplode01.sns
  0000000039702435 1024       FR_Barak_V_Suspicious02.sns
  0000000039702955 1024       FR_Barak_V_Suspicious01.sns
  0000000039702e75 1024       FR_Barak_V_Runaway04.sns
  0000000039703395 1024       FR_Barak_V_Runaway03.sns
  00000000397038b5 1024       FR_Barak_V_Runaway02.sns
  0000000039703dd5 1024       FR_Barak_V_Runaway01.sns
  00000000397042f5 1024       FR_Barak_V_NakRun04.sns
  0000000039704815 1024       FR_Barak_V_NakRun03.sns
  0000000039704d35 1024       FR_Barak_V_NakRun02.sns
  0000000039705255 1024       FR_Barak_V_NakRun01.sns
  0000000039705775 1024       FR_Barak_V_NakHide02.sns
  0000000039705c95 1024       FR_Barak_V_NakHide01.sns
  00000000397061b5 1024       FR_Barak_V_Baahed02.sns
  00000000397066d5 1024       FR_Barak_V_Baahed01.sns
  0000000039706bf5 1024       FR_Barak_J_VScript02.sns
  0000000039707115 1024       FR_Barak_J_VRunaway04.sns
  0000000039707635 1024       FR_Barak_J_VRunaway03.sns
  0000000039707b55 1024       FR_Barak_J_VRunaway02.sns
  0000000039708075 1024       FR_Barak_J_VRunaway01.sns
  0000000039708595 1024       FR_Barak_J_VRun04.sns
  0000000039708ab5 1024       FR_Barak_J_VRun03.sns
  0000000039708fd5 1024       FR_Barak_J_VRun02.sns
  00000000397094f5 1024       FR_Barak_J_VRun01.sns
  0000000039709a15 1024       FR_Barak_J_VJump02.sns
  0000000039709f35 1024       FR_Barak_J_VJump01.sns
  000000003970a455 1024       FR_Barak_J_VHit02.sns
  000000003970a975 1024       FR_Barak_J_VHit01.sns
  000000003970ae95 1024       FR_Barak_J_VExplode02.sns
  000000003970b3b5 1024       FR_Barak_J_VExplode01.sns
  000000003970b8d5 1024       FR_Barak_J_Suspicious02.sns
  000000003970bdf5 1024       FR_Barak_J_Suspicious01.sns
  000000003970c315 1024       FR_Barak_J_Runaway03.sns
  000000003970c835 1024       FR_Barak_J_Runaway02.sns
  000000003970cd55 1024       FR_Barak_J_Runaway01.sns
  000000003970d275 1024       FR_Barak_J_Nakrun04.sns
  000000003970d795 1024       FR_Barak_J_Nakrun03.sns
  000000003970dcb5 1024       FR_Barak_J_Nakrun02.sns
  000000003970e1d5 1024       FR_Barak_J_Nakrun01.sns
  000000003970e6f5 1024       FR_Barak_J_Nakhide02.sns
  000000003970ec15 1024       FR_Barak_J_Nakhide01.sns
  000000003970f135 1024       FR_Barak_J_Baahed02.sns
  000000003970f655 1024       FR_Barak_J_Baahed01.sns
  000000003970fb75 1024       FR_Barak_A_VScript02.sns
  0000000039710095 1024       FR_Barak_A_VScript01.sns
  00000000397105b5 1024       FR_Barak_A_VRunaway04.sns
  0000000039710ad5 1024       FR_Barak_A_VRunaway03.sns
  0000000039710ff5 1024       FR_Barak_A_VRunaway02.sns
  0000000039711515 1024       FR_Barak_A_VRunaway01.sns
  0000000039711a35 1024       FR_Barak_A_VRun04.sns
  0000000039711f55 1024       FR_Barak_A_VRun03.sns
  0000000039712475 1024       FR_Barak_A_VRun02.sns
  0000000039712995 1024       FR_Barak_A_VRun01.sns
  0000000039712eb5 1024       FR_Barak_A_Vreactor03.sns
  00000000397133d5 1024       FR_Barak_A_Vreactor02.sns
  00000000397138f5 1024       FR_Barak_A_Vreactor01.sns
  0000000039713e15 1024       FR_Barak_A_VJump02.sns
  0000000039714335 1024       FR_Barak_A_VJump01.sns
  0000000039714855 1024       FR_Barak_A_VHit02.sns
  0000000039714d75 1024       FR_Barak_A_VHit01.sns
  0000000039715295 1024       FR_Barak_A_VExplode02.sns
  00000000397157b5 1024       FR_Barak_A_VExplode01.sns
  0000000039715cd5 1024       FR_barak_A_Vcannonballed01.sns
  00000000397161f5 1024       FR_Barak_A_Suspicious02.sns
  0000000039716715 1024       FR_Barak_A_Suspicious01.sns
  0000000039716c35 1024       FR_Barak_A_Runaway04.sns
  0000000039717155 1024       FR_Barak_A_Runaway03.sns
  0000000039717675 1024       FR_Barak_A_Runaway02.sns
  0000000039717b95 1024       FR_Barak_A_Runaway01.sns
  00000000397180b5 1024       FR_Barak_A_reactor03.sns
  00000000397185d5 1024       FR_Barak_A_reactor01.sns
  0000000039718af5 1024       FR_Barak_A_NakRun04.sns
  0000000039719015 1024       FR_Barak_A_NakRun03.sns
  0000000039719535 1024       FR_Barak_A_NakRun02.sns
  0000000039719a55 1024       FR_Barak_A_NakRun01.sns
  0000000039719f75 1024       FR_Barak_A_NakHide02.sns
  000000003971a495 1024       FR_Barak_A_NakHide01.sns
  000000003971a9b5 1024       FR_Barak_A_Cannonballed01.sns
  000000003971aed5 1024       FR_Barak_A_Baahed02.sns
  000000003971b3f5 1024       FR_Barak_A_Baahed01.sns
  000000003971b915 1024       FR_Airport_worker2_suspicious02.sns
  000000003971be35 1024       FR_Airport_worker2_suspicious01.sns
  000000003971c355 1024       FR_Airport_worker2_runaway04.sns
  000000003971c875 1024       FR_Airport_worker2_runaway03.sns
  000000003971cd95 1024       FR_Airport_worker2_runaway02.sns
  000000003971d2b5 1024       FR_Airport_worker2_runaway01.sns
  000000003971d7d5 1024       FR_Airport_worker2_nakrun04.sns
  000000003971dcf5 1024       FR_Airport_worker2_nakrun03.sns
  000000003971e215 1024       FR_Airport_worker2_nakrun02.sns
  000000003971e735 1024       FR_Airport_worker2_nakrun01.sns
  000000003971ec55 1024       FR_Airport_worker2_nakhide02.sns
  000000003971f175 1024       FR_Airport_worker2_nakhide01.sns
  000000003971f695 1024       FR_Airport_worker2_baahed02.sns
  000000003971fbb5 1024       FR_Airport_worker2_baahed01.sns
  00000000397200d5 1024       FR_Airport_worker1_suspicious02.sns
  00000000397205f5 1024       FR_Airport_worker1_suspicious01.sns
  0000000039720b15 1024       FR_Airport_worker1_runaway04.sns
  0000000039721035 1024       FR_Airport_worker1_runaway03.sns
  0000000039721555 1024       FR_Airport_worker1_runaway02.sns
  0000000039721a75 1024       FR_Airport_worker1_runaway01.sns
  0000000039721f95 1024       FR_Airport_worker1_nakrun04.sns
  00000000397224b5 1024       FR_Airport_worker1_nakrun03.sns
  00000000397229d5 1024       FR_Airport_worker1_nakrun02.sns
  0000000039722ef5 1024       FR_Airport_worker1_nakrun01.sns
  0000000039723415 1024       FR_Airport_worker1_nakhide02.sns
  0000000039723935 1024       FR_Airport_worker1_nakhide01.sns
  0000000039723e55 1024       FR_Airport_worker1_baahed02.sns
  0000000039724375 1024       FR_Airport_worker1_baahed01.sns
  0000000039724895 1024       FR_Armchair2_Turn02.sns
  0000000039724db5 1024       FR_Armchair2_Turn01.sns
  00000000397252d5 1024       FR_Armchair2_Baahed02.sns
  00000000397257f5 1024       FR_Armchair2_Baahed01.sns
  0000000039725d15 1024       FR_Armchair2_ Panic02.sns
  0000000039726235 1024       FR_Armchair2_ Panic01.sns
  0000000039726755 1024       FR_Armchair2_ Busy01.sns
  0000000039726c75 1024       FR_Armchair1_Turn02.sns
  0000000039727195 1024       FR_Armchair1_Turn01.sns
  00000000397276b5 1024       FR_Armchair1_Panic02.sns
  0000000039727bd5 1024       FR_Armchair1_Panic01.sns
  00000000397280f5 1024       FR_Armchair1_Busy.sns
  0000000039728615 1024       FR_Armchair1_Baahed02.sns
  0000000039728b35 1024       FR_Armchair1_Baahed01.sns
  0000000039729055 1024       FR_Air_hostess_Suspicious02.sns
  0000000039729575 1024       FR_Air_hostess_Suspicious01.sns
  0000000039729a95 1024       FR_Air_hostess_Runaway04.sns
  0000000039729fb5 1024       FR_Air_hostess_Runaway03.sns
  000000003972a4d5 1024       FR_Air_hostess_Runaway02.sns
  000000003972a9f5 1024       FR_Air_hostess_Runaway01.sns
  000000003972af15 1024       FR_Air_hostess_NakRun04.sns
  000000003972b435 1024       FR_Air_hostess_NakRun03.sns
  000000003972b955 1024       FR_Air_hostess_NakRun02.sns
  000000003972be75 1024       FR_Air_hostess_NakRun01.sns
  000000003972c395 1024       FR_Air_hostess_NakHide02.sns
  000000003972c8b5 1024       FR_Air_hostess_NakHide01.sns
  000000003972cdd5 1024       FR_Air_hostess_Baahed02.sns
  000000003972d2f5 1024       FR_Air_hostess_Baahed01.sns
  000000003972d815 1024       FR_Airport_gardian2_suspicious02.sns
  000000003972dd35 1024       FR_Airport_gardian2_suspicious01.sns
  000000003972e255 1024       FR_Airport_gardian2_runaway04.sns
  000000003972e775 1024       FR_Airport_gardian2_runaway03.sns
  000000003972ec95 1024       FR_Airport_gardian2_runaway02.sns
  000000003972f1b5 1024       FR_Airport_gardian2_runaway01.sns
  000000003972f6d5 1024       FR_Airport_gardian2_nakrun04.sns
  000000003972fbf5 1024       FR_Airport_gardian2_nakrun03.sns
  0000000039730115 1024       FR_Airport_gardian2_nakrun02.sns
  0000000039730635 1024       FR_Airport_gardian2_nakrun01.sns
  0000000039730b55 1024       FR_Airport_gardian2_nakhide02.sns
  0000000039731075 1024       FR_Airport_gardian2_nakhide01.sns
  0000000039731595 1024       FR_Airport_gardian2_baahed02.sns
  0000000039731ab5 1024       FR_Airport_gardian2_baahed01.sns
  0000000039731fd5 1024       FR_Airport_gardian1_suspicious02.sns
  00000000397324f5 1024       FR_Airport_gardian1_suspicious01.sns
  0000000039732a15 1024       FR_Airport_gardian1_runaway04.sns
  0000000039732f35 1024       FR_Airport_gardian1_runaway03.sns
  0000000039733455 1024       FR_Airport_gardian1_runaway02.sns
  0000000039733975 1024       FR_Airport_gardian1_runaway01.sns
  0000000039733e95 1024       FR_Airport_gardian1_nakrun04.sns
  00000000397343b5 1024       FR_Airport_gardian1_nakrun03.sns
  00000000397348d5 1024       FR_Airport_gardian1_nakrun02.sns
  0000000039734df5 1024       FR_Airport_gardian1_nakrun01.sns
  0000000039735315 1024       FR_Airport_gardian1_nakhide02.sns
  0000000039735835 1024       FR_Airport_gardian1_nakhide01.sns
  0000000039735d55 1024       FR_Airport_gardian1_baahed02.sns
  0000000039736275 1024       FR_Airport_gardian1_baahed01.sns
  0000000039736795 1024       EN_Womanshouting_Baahed01.sns
  0000000039736cb5 1024       EN_Womanshouting_Baahed02.sns
  00000000397371d5 1024       EN_Womanshouting_Nakhide01.sns
  00000000397376f5 1024       EN_Womanshouting_Nakhide02.sns
  0000000039737c15 1024       EN_Womanshouting_Nakrun01.sns
  0000000039738135 1024       EN_Womanshouting_Nakrun02.sns
  0000000039738655 1024       EN_Womanshouting_Nakrun03.sns
  0000000039738b75 1024       EN_Womanshouting_Nakrun04.sns
  0000000039739095 1024       EN_Womanshouting_Reactor01.sns
  00000000397395b5 1024       EN_Womanshouting_Reactor02.sns
  0000000039739ad5 1024       EN_Womanshouting_Reactor03.sns
  0000000039739ff5 1024       EN_Womanshouting_Runaway01.sns
  000000003973a515 1024       EN_Womanshouting_Runaway02.sns
  000000003973aa35 1024       EN_Womanshouting_Runaway03.sns
  000000003973af55 1024       EN_Womanshouting_Runaway04.sns
  000000003973b475 1024       EN_Womanshouting_Suspicious01.sns
  000000003973b995 1024       EN_Womanshouting_Suspicious02.sns
  000000003973beb5 1024       EN_Womanshouting_VExplode01.sns
  000000003973c3d5 1024       EN_Womanshouting_VExplode02.sns
  000000003973c8f5 1024       EN_Womanshouting_VHit01.sns
  000000003973ce15 1024       EN_Womanshouting_VHit02.sns
  000000003973d335 1024       EN_Womanshouting_VJump01.sns
  000000003973d855 1024       EN_Womanshouting_VJump02.sns
  000000003973dd75 1024       EN_Womanshouting_VReactor01.sns
  000000003973e295 1024       EN_Womanshouting_VReactor02.sns
  000000003973e7b5 1024       EN_Womanshouting_VReactor03.sns
  000000003973ecd5 1024       EN_Womanshouting_VRun01.sns
  000000003973f1f5 1024       EN_Womanshouting_VRun02.sns
  000000003973f715 1024       EN_Womanshouting_VRun03.sns
  000000003973fc35 1024       EN_Womanshouting_VRun04.sns
  0000000039740155 1024       EN_Womanshouting_VRunaway01.sns
  0000000039740675 1024       EN_Womanshouting_VRunaway02.sns
  0000000039740b95 1024       EN_Womanshouting_VRunaway03.sns
  00000000397410b5 1024       EN_Womanshouting_VRunaway04.sns
  00000000397415d5 1024       EN_Womanshouting_VScript01.sns
  0000000039741af5 1024       EN_Womanshouting_VScript02.sns
  0000000039742015 1024       EN_tourist2_Baahed01.sns
  0000000039742535 1024       EN_tourist2_Baahed02.sns
  0000000039742a55 1024       EN_tourist2_NakHide01.sns
  0000000039742f75 1024       EN_tourist2_NakHide02.sns
  0000000039743495 1024       EN_tourist2_NakRun02.sns
  00000000397439b5 1024       EN_tourist2_NakRun03.sns
  0000000039743ed5 1024       EN_tourist2_NakRun04.sns
  00000000397443f5 1024       EN_tourist2_Runaway01.sns
  0000000039744915 1024       EN_tourist2_Runaway02.sns
  0000000039744e35 1024       EN_tourist2_Runaway03.sns
  0000000039745355 1024       EN_tourist2_Runaway04.sns
  0000000039745875 1024       EN_tourist2_Suspicious01.sns
  0000000039745d95 1024       EN_tourist2_Suspicious02.sns
  00000000397462b5 1024       EN_Tidy_Robot00.sns
  00000000397467d5 1024       EN_Tidy_Robot01.sns
  0000000039746cf5 1024       EN_Tidy_Robot02.sns
  0000000039747215 1024       EN_ScoutGirl_Baahed01.sns
  0000000039747735 1024       EN_ScoutGirl_Baahed02.sns
  0000000039747c55 1024       EN_ScoutGirl_Nakhide01.sns
  0000000039748175 1024       EN_ScoutGirl_Nakhide02.sns
  0000000039748695 1024       EN_ScoutGirl_Nakrun01.sns
  0000000039748bb5 1024       EN_ScoutGirl_Nakrun02.sns
  00000000397490d5 1024       EN_ScoutGirl_Nakrun03.sns
  00000000397495f5 1024       EN_ScoutGirl_Nakrun04.sns
  0000000039749b15 1024       EN_ScoutGirl_Runaway01.sns
  000000003974a035 1024       EN_ScoutGirl_Runaway02.sns
  000000003974a555 1024       EN_ScoutGirl_Runaway03.sns
  000000003974aa75 1024       EN_ScoutGirl_Runaway04.sns
  000000003974af95 1024       EN_ScoutGirl_Suspicious01.sns
  000000003974b4b5 1024       EN_ScoutGirl_Suspicious02.sns
  000000003974b9d5 1024       EN_ScoutBoy_Baahed01.sns
  000000003974bef5 1024       EN_ScoutBoy_Baahed02.sns
  000000003974c415 1024       EN_ScoutBoy_Nakhide01.sns
  000000003974c935 1024       EN_ScoutBoy_Nakhide02.sns
  000000003974ce55 1024       EN_ScoutBoy_Nakrun01.sns
  000000003974d375 1024       EN_ScoutBoy_Nakrun02.sns
  000000003974d895 1024       EN_ScoutBoy_Nakrun03.sns
  000000003974ddb5 1024       EN_ScoutBoy_Nakrun04.sns
  000000003974e2d5 1024       EN_ScoutBoy_Runaway01.sns
  000000003974e7f5 1024       EN_ScoutBoy_Runaway02.sns
  000000003974ed15 1024       EN_ScoutBoy_Runaway03.sns
  000000003974f235 1024       EN_ScoutBoy_Runaway04.sns
  000000003974f755 1024       EN_ScoutBoy_Suspicious01.sns
  000000003974fc75 1024       EN_ScoutBoy_Suspicious02.sns
  0000000039750195 1024       EN_SantaClaus_Baahed01.sns
  00000000397506b5 1024       EN_SantaClaus_Baahed02.sns
  0000000039750bd5 1024       EN_SantaClaus_NakHide01.sns
  00000000397510f5 1024       EN_SantaClaus_NakHide02.sns
  0000000039751615 1024       EN_SantaClaus_NakRun01.sns
  0000000039751b35 1024       EN_SantaClaus_NakRun02.sns
  0000000039752055 1024       EN_SantaClaus_NakRun03.sns
  0000000039752575 1024       EN_SantaClaus_NakRun04.sns
  0000000039752a95 1024       EN_SantaClaus_Runaway01.sns
  0000000039752fb5 1024       EN_SantaClaus_Runaway02.sns
  00000000397534d5 1024       EN_SantaClaus_Runaway03.sns
  00000000397539f5 1024       EN_SantaClaus_Runaway04.sns
  0000000039753f15 1024       EN_SantaClaus_Suspicious01.sns
  0000000039754435 1024       EN_SantaClaus_Suspicious02.sns
  0000000039754955 1024       EN_Office_controltower_worker_turn02.sns
  0000000039754e75 1024       EN_Office_controltower_worker_turn01_ALT01.sns
  0000000039755395 1024       EN_Office_controltower_worker_backbusy04.sns
  00000000397558b5 1024       EN_Office_controltower_worker_backbusy03.sns
  0000000039755dd5 1024       EN_Office_controltower_worker_backbusy02.sns
  00000000397562f5 1024       EN_Office_controltower_worker_backbusy01.sns
  0000000039756815 1024       EN_Manshouting_VScript02.sns
  0000000039756d35 1024       EN_Manshouting_VScript01.sns
  0000000039757255 1024       EN_Manshouting_VRunaway04.sns
  0000000039757775 1024       EN_Manshouting_VRunaway03.sns
  0000000039757c95 1024       EN_Manshouting_VRunaway02.sns
  00000000397581b5 1024       EN_Manshouting_VRunaway01.sns
  00000000397586d5 1024       EN_Manshouting_VRun04.sns
  0000000039758bf5 1024       EN_Manshouting_VRun03.sns
  0000000039759115 1024       EN_Manshouting_VRun02.sns
  0000000039759635 1024       EN_Manshouting_VRun01.sns
  0000000039759b55 1024       EN_Manshouting_Vreactor03.sns
  000000003975a075 1024       EN_Manshouting_Vreactor02.sns
  000000003975a595 1024       EN_Manshouting_Vreactor01.sns
  000000003975aab5 1024       EN_Manshouting_Baahed01.sns
  000000003975afd5 1024       EN_Manshouting_VJump02.sns
  000000003975b4f5 1024       EN_Manshouting_Baahed02.sns
  000000003975ba15 1024       EN_Manshouting_VJump01.sns
  000000003975bf35 1024       EN_Manshouting_VHit02.sns
  000000003975c455 1024       EN_Manshouting_Nakhide01.sns
  000000003975c975 1024       EN_Manshouting_VHit01.sns
  000000003975ce95 1024       EN_Manshouting_Nakhide02.sns
  000000003975d3b5 1024       EN_Manshouting_VExplode02.sns
  000000003975d8d5 1024       EN_Manshouting_Nakrun01.sns
  000000003975ddf5 1024       EN_Manshouting_VExplode01.sns
  000000003975e315 1024       EN_Manshouting_Nakrun02.sns
  000000003975e835 1024       EN_Manshouting_Nakrun03.sns
  000000003975ed55 1024       EN_Manshouting_Suspicious02.sns
  000000003975f275 1024       EN_Manshouting_Nakrun04.sns
  000000003975f795 1024       EN_Manshouting_Suspicious01.sns
  000000003975fcb5 1024       EN_Manshouting_Reactor01.sns
  00000000397601d5 1024       EN_Manshouting_Runaway04.sns
  00000000397606f5 1024       EN_Manshouting_Reactor02.sns
  0000000039760c15 1024       EN_Manshouting_Runaway03.sns
  0000000039761135 1024       EN_Manshouting_Reactor03.sns
  0000000039761655 1024       EN_Manshouting_Runaway02.sns
  0000000039761b75 1024       EN_Manshouting_Runaway01.sns
  0000000039762095 1024       EN_Kioskwoman_quiet05_ALT 1.sns
  00000000397625b5 1024       EN_Kioskwoman_quiet04_ALT 2.sns
  0000000039762ad5 1024       EN_Kioskwoman_quiet03_ALT 3.sns
  0000000039762ff5 1024       EN_Kioskwoman_quiet02_ALT.sns
  0000000039763515 1024       EN_Kioskwoman_quiet01_ALT.sns
  0000000039763a35 1024       EN_Kioskwoman_baahed02.sns
  0000000039763f55 1024       EN_Kioskwoman_baahed01.sns
  0000000039764475 1024       EN_HamsterJovial_Suspicious02.sns
  0000000039764995 1024       EN_HamsterJovial_Suspicious01.sns
  0000000039764eb5 1024       EN_HamsterJovial_Runaway04.sns
  00000000397653d5 1024       EN_HamsterJovial_Runaway03.sns
  00000000397658f5 1024       EN_HamsterJovial_Runaway02.sns
  0000000039765e15 1024       EN_HamsterJovial_Runaway01.sns
  0000000039766335 1024       EN_HamsterJovial_Nakrun04.sns
  0000000039766855 1024       EN_HamsterJovial_Nakrun03.sns
  0000000039766d75 1024       EN_HamsterJovial_Nakrun02.sns
  0000000039767295 1024       EN_HamsterJovial_Nakrun01.sns
  00000000397677b5 1024       EN_HamsterJovial_Nakhide02.sns
  0000000039767cd5 1024       EN_HamsterJovial_Nakhide01.sns
  00000000397681f5 1024       EN_HamsterJovial_Baahed02.sns
  0000000039768715 1024       EN_HamsterJovial_Baahed01.sns
  0000000039768c35 1024       EN_DogwomanOld_Suspicious02.sns
  0000000039769155 1024       EN_DogwomanOld_Suspicious01.sns
  0000000039769675 1024       EN_DogwomanOld_Runaway04.sns
  0000000039769b95 1024       EN_DogwomanOld_Runaway03.sns
  000000003976a0b5 1024       EN_DogwomanOld_Runaway02_ALT.sns
  000000003976a5d5 1024       EN_DogwomanOld_Runaway01.sns
  000000003976aaf5 1024       EN_DogwomanOld_Nakrun04.sns
  000000003976b015 1024       EN_DogwomanOld_Nakrun03.sns
  000000003976b535 1024       EN_DogwomanOld_Nakrun02.sns
  000000003976ba55 1024       EN_DogwomanOld_Nakrun01.sns
  000000003976bf75 1024       EN_DogwomanOld_Nakhide02_ALT.sns
  000000003976c495 1024       EN_DogwomanOld_Nakhide01.sns
  000000003976c9b5 1024       EN_DogwomanOld_dogattack04.sns
  000000003976ced5 1024       EN_DogwomanOld_dogattack03.sns
  000000003976d3f5 1024       EN_DogwomanOld_dogattack02.sns
  000000003976d915 1024       EN_DogwomanOld_dogattack01.sns
  000000003976de35 1024       EN_DogwomanOld_Baahed02.sns
  000000003976e355 1024       EN_DogwomanOld_Baahed01.sns
  000000003976e875 1024       EN_Office_worker1_turn02_Alt.sns
  000000003976ed15 1024       EN_Office_worker3_turn02.sns
  000000003976f235 1024       EN_Office_worker2_backbusy04.sns
  000000003976f755 1024       EN_Office_worker2_backbusy03.sns
  000000003976fc75 1024       EN_Office_worker2_backbusy02.sns
  0000000039770195 1024       EN_Office_worker2_backbusy01.sns
  00000000397706b5 1024       EN_Office_worker2_turn02.sns
  0000000039770bd5 1024       EN_Office_worker1_backbusy04.sns
  00000000397710f5 1024       EN_Office_worker1_backbusy03.sns
  0000000039771615 1024       EN_Office_worker1_backbusy02.sns
  0000000039771b35 1024       EN_Office_worker1_backbusy01.sns
  0000000039772055 1024       EN_Office_worker1_addon_06.sns
  0000000039772575 1024       EN_Office_worker1_addon_05.sns
  0000000039772a95 1024       EN_Office_worker1_addon_04.sns
  0000000039772fb5 1024       EN_Office_worker1_addon_03.sns
  00000000397734d5 1024       EN_Office_worker1_addon_02.sns
  00000000397739f5 1024       EN_Office_worker1_addon_01.sns
  0000000039773f15 1024       EN_Office_worker4_backbusy03.sns
  0000000039774435 1024       EN_Office_worker4_turn01.sns
  0000000039774955 1024       EN_Office_worker4_turn02.sns
  0000000039774e75 1024       EN_Office_worker4_backbusy02.sns
  0000000039775395 1024       EN_Office_worker4_backbusy04.sns
  00000000397758b5 1024       EN_Office_worker4_backbusy01.sns
  0000000039775dd5 1024       EN_Office_worker3_backbusy03.sns
  00000000397762f5 1024       EN_Office_worker3_backbusy02.sns
  0000000039776815 1024       EN_Office_worker3_turn01.sns
  0000000039776d35 1024       EN_Office_worker3_backbusy01.sns
  0000000039777255 1024       EN_Girlfriend3_C2_Vscript02.sns
  0000000039777775 1024       EN_Girlfriend3_C2_Vscript01.sns
  0000000039777c95 1024       EN_Girlfriend3_C2_Vrunaway03.sns
  00000000397781b5 1024       EN_Girlfriend3_C2_Vrunaway01.sns
  00000000397786d5 1024       EN_Girlfriend3_C2_Vrun04.sns
  0000000039778bf5 1024       EN_Girlfriend3_C2_Vrun03.sns
  0000000039779115 1024       EN_Girlfriend3_C2_Vrun02.sns
  0000000039779635 1024       EN_Girlfriend3_C2_Vjump02.sns
  0000000039779b55 1024       EN_Girlfriend3_C2_Vjump01.sns
  000000003977a075 1024       EN_Girlfriend3_C2_Vhit01.sns
  000000003977a595 1024       EN_Girlfriend3_C2_Vexplode02.sns
  000000003977aab5 1024       EN_Girlfriend3_C2_Vexplode01.sns
  000000003977afd5 1024       EN_Girlfriend3_C2_Nakrun03.sns
  000000003977b4f5 1024       EN_Girlfriend3_C2_Nakhide01.sns
  000000003977ba15 1024       EN_Girlfriend2_C7_Baahed01.sns
  000000003977bf35 1024       EN_Girlfriend2_C7_Baahed02.sns
  000000003977c455 1024       EN_Girlfriend2_C7_Nakhide01.sns
  000000003977c975 1024       EN_Girlfriend2_C7_Nakhide02.sns
  000000003977ce95 1024       EN_Girlfriend2_C7_Nakrun01.sns
  000000003977d3b5 1024       EN_Girlfriend2_C7_Nakrun02.sns
  000000003977d8d5 1024       EN_Girlfriend2_C7_Nakrun03.sns
  000000003977ddf5 1024       EN_Girlfriend2_C7_Nakrun04.sns
  000000003977e315 1024       EN_Girlfriend2_C7_Runaway01.sns
  000000003977e835 1024       EN_Girlfriend2_C7_Runaway02.sns
  000000003977ed55 1024       EN_Girlfriend2_C7_Runaway03.sns
  000000003977f275 1024       EN_Girlfriend2_C7_Runaway04.sns
  000000003977f795 1024       EN_Girlfriend2_C7_Suspicious01.sns
  000000003977fcb5 1024       EN_Girlfriend2_C7_Suspicious02.sns
  00000000397801d5 1024       EN_bed_woman1_quiet03.sns
  00000000397806f5 1024       EN_bed_woman1_quiet02.sns
  0000000039780c15 1024       EN_bed_woman1_quiet01.sns
  0000000039781135 1024       EN_bed_woman1_jumped03.sns
  0000000039781655 1024       EN_bed_woman1_jumped02.sns
  0000000039781b75 1024       EN_bed_woman1_jumped01.sns
  0000000039782095 1024       EN_Bed_woman2_quiet03.sns
  00000000397825b5 1024       EN_Bed_woman2_quiet02.sns
  0000000039782ad5 1024       EN_Bed_woman2_quiet01.sns
  0000000039782ff5 1024       EN_Bed_woman2_jumped03.sns
  0000000039783515 1024       EN_Bed_woman2_jumped02.sns
  0000000039783a35 1024       EN_Bed_woman2_jumped01.sns
  0000000039783f55 1024       EN_Armchair2_ Panic01.sns
  0000000039784475 1024       EN_Armchair2_ Panic02.sns
  0000000039784995 1024       EN_Armchair2_Baahed01.sns
  0000000039784eb5 1024       EN_Armchair2_Baahed02.sns
  00000000397853d5 1024       EN_Armchair2_Turn01.sns
  00000000397858f5 1024       EN_Armchair2_Turn02.sns
  0000000039785e15 1024       EN_Armchair2_ Busy01.sns
  0000000039786335 1024       EN_Armchair1_Turn02.sns
  0000000039786855 1024       EN_Armchair1_Turn01.sns
  0000000039786d75 1024       EN_Armchair1_Panic02.sns
  0000000039787295 1024       EN_Armchair1_Panic01.sns
  00000000397877b5 1024       EN_Armchair1_Busy.sns
  0000000039787cd5 1024       EN_Armchair1_Baahed02.sns
  00000000397881f5 1024       EN_Armchair1_Baahed01.sns
  0000000039788715 1024       EN_Airport_worker2_runaway03.sns
  0000000039788c35 1024       EN_Airport_worker2_runaway04.sns
  0000000039789155 1024       EN_Airport_worker2_suspicious01.sns
  0000000039789675 1024       EN_Airport_worker2_suspicious02.sns
  0000000039789b95 1024       EN_Airport_worker2_nakrun01.sns
  000000003978a0b5 1024       EN_Airport_worker2_nakrun02.sns
  000000003978a5d5 1024       EN_Airport_worker2_nakrun03.sns
  000000003978aaf5 1024       EN_Airport_worker2_nakrun04.sns
  000000003978b015 1024       EN_Airport_worker2_runaway01.sns
  000000003978b535 1024       EN_Airport_worker2_runaway02.sns
  000000003978ba55 1024       EN_Airport_worker2_baahed01.sns
  000000003978bf75 1024       EN_Airport_worker2_baahed02.sns
  000000003978c495 1024       EN_Airport_worker2_nakhide01.sns
  000000003978c9b5 1024       EN_Airport_worker2_nakhide02.sns
  000000003978ced5 1024       EN_Airport_worker1_suspicious02.sns
  000000003978d3f5 1024       EN_Airport_worker1_nakrun03.sns
  000000003978d915 1024       EN_Airport_worker1_nakrun04.sns
  000000003978de35 1024       EN_Airport_worker1_runaway01.sns
  000000003978e355 1024       EN_Airport_worker1_runaway02.sns
  000000003978e875 1024       EN_Airport_worker1_runaway03.sns
  000000003978ed95 1024       EN_Airport_worker1_runaway04.sns
  000000003978f2b5 1024       EN_Airport_worker1_suspicious01.sns
  000000003978f7d5 1024       EN_Airport_worker1_baahed02.sns
  000000003978fcf5 1024       EN_Airport_worker1_nakhide01.sns
  0000000039790215 1024       EN_Airport_worker1_nakhide02.sns
  0000000039790735 1024       EN_Airport_worker1_nakrun01.sns
  0000000039790c55 1024       EN_Airport_worker1_nakrun02.sns
  0000000039791175 1024       EN_Airport_worker1_baahed01.sns
  0000000039791695 1024       EN_Airport_gardian1_runaway01.sns
  0000000039791bb5 1024       EN_Airport_gardian1_runaway02.sns
  00000000397920d5 1024       EN_Airport_gardian1_runaway03.sns
  00000000397925f5 1024       EN_Airport_gardian1_runaway04.sns
  0000000039792b15 1024       EN_Airport_gardian1_suspicious01.sns
  0000000039793035 1024       EN_Airport_gardian1_suspicious02.sns
  0000000039793555 1024       EN_Airport_gardian1_nakhide01.sns
  0000000039793a75 1024       EN_Airport_gardian1_nakhide02.sns
  0000000039793f95 1024       EN_Airport_gardian1_nakrun01.sns
  00000000397944b5 1024       EN_Airport_gardian1_nakrun02.sns
  00000000397949d5 1024       EN_Airport_gardian1_nakrun03.sns
  0000000039794ef5 1024       EN_Airport_gardian1_nakrun04.sns
  0000000039795415 1024       EN_Airport_gardian1_baahed01.sns
  0000000039795935 1024       EN_Airport_gardian1_baahed02.sns
  0000000039795e55 1024       EN_Airport_gardian2_suspicious02.sns
  0000000039796375 1024       EN_Airport_gardian2_suspicious01.sns
  0000000039796895 1024       EN_Airport_gardian2_runaway04.sns
  0000000039796db5 1024       EN_Airport_gardian2_runaway03.sns
  00000000397972d5 1024       EN_Airport_gardian2_runaway02.sns
  00000000397977f5 1024       EN_Airport_gardian2_runaway01.sns
  0000000039797d15 1024       EN_Airport_gardian2_nakrun04.sns
  0000000039798235 1024       EN_Airport_gardian2_nakrun03.sns
  0000000039798755 1024       EN_Airport_gardian2_nakrun02.sns
  0000000039798c75 1024       EN_Airport_gardian2_nakrun01.sns
  0000000039799195 1024       EN_Airport_gardian2_nakhide02.sns
  00000000397996b5 1024       EN_Airport_gardian2_nakhide01.sns
  0000000039799bd5 1024       EN_Airport_gardian2_baahed02.sns
  000000003979a0f5 1024       EN_Airport_gardian2_baahed01.sns
  000000003979a615 1024       EN_steward_Suspicious02.sns
  000000003979ab35 1024       EN_steward_Suspicious01.sns
  000000003979b055 1024       EN_steward_Runaway04.sns
  000000003979b575 1024       EN_steward_Runaway03.sns
  000000003979ba95 1024       EN_steward_Runaway02.sns
  000000003979bfb5 1024       EN_steward_Runaway01.sns
  000000003979c4d5 1024       EN_steward_NakRun04.sns
  000000003979c9f5 1024       EN_steward_NakRun03.sns
  000000003979cf15 1024       EN_steward_NakRun02.sns
  000000003979d435 1024       EN_steward_NakRun01.sns
  000000003979d955 1024       EN_steward_NakHide02.sns
  000000003979de75 1024       EN_steward_NakHide01.sns
  000000003979e395 1024       EN_steward_Baahed02.sns
  000000003979e8b5 1024       EN_steward_Baahed01.sns
  000000003979edd5 1024       EN_Panicman_Suspicious02.sns
  000000003979f2f5 1024       EN_Panicman_Suspicious01.sns
  000000003979f815 1024       EN_Panicman_Runaway04.sns
  000000003979fd35 1024       EN_Panicman_Runaway03.sns
  00000000397a0255 1024       EN_Panicman_Runaway02.sns
  00000000397a0775 1024       EN_Panicman_Runaway01.sns
  00000000397a0c95 1024       EN_Panicman_NakRun04.sns
  00000000397a11b5 1024       EN_Panicman_NakRun03.sns
  00000000397a16d5 1024       EN_Panicman_NakRun02.sns
  00000000397a1bf5 1024       EN_Panicman_NakRun01.sns
  00000000397a2115 1024       EN_Panicman_NakHide02.sns
  00000000397a2635 1024       EN_Panicman_NakHide01.sns
  00000000397a2b55 1024       EN_Panicman_Baahed02.sns
  00000000397a3075 1024       EN_Panicman_Baahed01.sns
  00000000397a3595 1024       EN_Owner_Villa2_Baahed01.sns
  00000000397a3ab5 1024       EN_Owner_Villa2_Baahed02.sns
  00000000397a3fd5 1024       EN_Owner_Villa2_Nakhide01.sns
  00000000397a44f5 1024       EN_Owner_Villa2_Nakhide02.sns
  00000000397a4a15 1024       EN_Owner_Villa2_Nakrun01.sns
  00000000397a4f35 1024       EN_Owner_Villa2_Nakrun02.sns
  00000000397a5455 1024       EN_Owner_Villa2_Nakrun03.sns
  00000000397a5975 1024       EN_Owner_Villa2_Nakrun04.sns
  00000000397a5e95 1024       EN_Owner_Villa2_Runaway01.sns
  00000000397a63b5 1024       EN_Owner_Villa2_Runaway02.sns
  00000000397a68d5 1024       EN_Owner_Villa2_Runaway03.sns
  00000000397a6df5 1024       EN_Owner_Villa2_Runaway04.sns
  00000000397a7315 1024       EN_Owner_Villa2_Suspicious01.sns
  00000000397a7835 1024       EN_Owner_Villa2_Suspicious02.sns
  00000000397a7d55 1024       EN_Owner_Villa1_Baahed01.sns
  00000000397a8275 1024       EN_Owner_Villa1_Baahed02.sns
  00000000397a8795 1024       EN_Owner_Villa1_Nakhide01.sns
  00000000397a8cb5 1024       EN_Owner_Villa1_Nakhide02.sns
  00000000397a91d5 1024       EN_Owner_Villa1_Nakrun01.sns
  00000000397a96f5 1024       EN_Owner_Villa1_Nakrun02.sns
  00000000397a9c15 1024       EN_Owner_Villa1_Nakrun03.sns
  00000000397aa135 1024       EN_Owner_Villa1_Nakrun04.sns
  00000000397aa655 1024       EN_Owner_Villa1_Runaway01.sns
  00000000397aab75 1024       EN_Owner_Villa1_Runaway02.sns
  00000000397ab095 1024       EN_Owner_Villa1_Runaway03.sns
  00000000397ab5b5 1024       EN_Owner_Villa1_Runaway04.sns
  00000000397abad5 1024       EN_Owner_Villa1_Suspicious01.sns
  00000000397abff5 1024       EN_Owner_Villa1_Suspicious02.sns
  00000000397ac515 1024       EN_Owner_Villa1_Vscript02.sns
  00000000397aca35 1024       EN_Owner_Villa1_Vscript01.sns
  00000000397acf55 1024       EN_Owner_Villa1_Vrunaway04.sns
  00000000397ad475 1024       EN_Owner_Villa1_Vrunaway03.sns
  00000000397ad995 1024       EN_Owner_Villa1_Vrunaway02.sns
  00000000397adeb5 1024       EN_Owner_Villa1_Vrunaway01.sns
  00000000397ae3d5 1024       EN_Owner_Villa1_Vrun04.sns
  00000000397ae8f5 1024       EN_Owner_Villa1_Vrun03.sns
  00000000397aee15 1024       EN_Owner_Villa1_Vrun02.sns
  00000000397af335 1024       EN_Owner_Villa1_Vrun01.sns
  00000000397af855 1024       EN_Owner_Villa1_Vjump02.sns
  00000000397afd75 1024       EN_Owner_Villa1_Vjump01.sns
  00000000397b0295 1024       EN_Owner_Villa1_Vhit02.sns
  00000000397b07b5 1024       EN_Owner_Villa1_Vhit01.sns
  00000000397b0cd5 1024       EN_Owner_Villa1_Vexplode02.sns
  00000000397b11f5 1024       EN_Owner_Villa1_Vexplode01.sns
  00000000397b1715 1024       EN_Jewish_Suspicious02.sns
  00000000397b1c35 1024       EN_Jewish_Suspicious01.sns
  00000000397b2155 1024       EN_Jewish_Runaway02.sns
  00000000397b2675 1024       EN_Jewish_Runaway01.sns
  00000000397b2b95 1024       EN_Jewish_NakRun03.sns
  00000000397b30b5 1024       EN_Jewish_NakRun02.sns
  00000000397b35d5 1024       EN_Jewish_Baahed02.sns
  00000000397b3af5 1024       EN_Jewish_Baahed01.sns
  00000000397b4015 1024       EN_Groom_Suspicious02.sns
  00000000397b4535 1024       EN_Groom_Suspicious01.sns
  00000000397b4a55 1024       EN_GRoom_Runaway04.sns
  00000000397b4f75 1024       EN_GRoom_Runaway03.sns
  00000000397b5495 1024       EN_GRoom_Runaway02.sns
  00000000397b59b5 1024       EN_GRoom_Runaway01.sns
  00000000397b5ed5 1024       EN_Groom_NakRun04.sns
  00000000397b63f5 1024       EN_Groom_NakRun03.sns
  00000000397b6915 1024       EN_Groom_NakRun02.sns
  00000000397b6e35 1024       EN_Groom_NakRun01.sns
  00000000397b7355 1024       EN_Groom_NakHide02.sns
  00000000397b7875 1024       EN_Groom_NakHide01.sns
  00000000397b7d95 1024       EN_Groom_Baahed02.sns
  00000000397b82b5 1024       EN_Groom_Baahed01.sns
  00000000397b87d5 1024       EN_dogwoman_Suspicious02.sns
  00000000397b8cf5 1024       EN_dogwoman_Suspicious01.sns
  00000000397b9215 1024       EN_dogwoman_Runaway04.sns
  00000000397b9735 1024       EN_dogwoman_Runaway01.sns
  00000000397b9c55 1024       EN_dogwoman_NakRun04.sns
  00000000397ba175 1024       EN_dogwoman_NakRun03.sns
  00000000397ba695 1024       EN_dogwoman_NakRun02.sns
  00000000397babb5 1024       EN_dogwoman_NakRun01.sns
  00000000397bb0d5 1024       EN_dogwoman_NakHide02.sns
  00000000397bb5f5 1024       EN_dogwoman_NakHide01.sns
  00000000397bbb15 1024       EN_dogwoman_Baahed02.sns
  00000000397bc035 1024       EN_dogwoman_Baahed01.sns
  00000000397bc555 1024       EN_Dogman_suspicious02.sns
  00000000397bca75 1024       EN_Dogman_suspicious01.sns
  00000000397bcf95 1024       EN_Dogman_runaway04.sns
  00000000397bd4b5 1024       EN_Dogman_runaway03.sns
  00000000397bd9d5 1024       EN_Dogman_runaway02.sns
  00000000397bdef5 1024       EN_Dogman_runaway01.sns
  00000000397be415 1024       EN_Dogman_nakrun04.sns
  00000000397be935 1024       EN_Dogman_nakrun03.sns
  00000000397bee55 1024       EN_Dogman_nakrun02.sns
  00000000397bf375 1024       EN_Dogman_nakrun01.sns
  00000000397bf895 1024       EN_Dogman_nakhide02.sns
  00000000397bfdb5 1024       EN_Dogman_nakhide01.sns
  00000000397c02d5 1024       EN_Dogman_dogattack04.sns
  00000000397c07f5 1024       EN_Dogman_dogattack03.sns
  00000000397c0d15 1024       EN_Dogman_dogattack02.sns
  00000000397c1235 1024       EN_Dogman_dogattack01.sns
  00000000397c1755 1024       EN_Dogman_baahed02.sns
  00000000397c1c75 1024       EN_Dogman_baahed01.sns
  00000000397c2195 1024       EN_Diver_Suspicious02.sns
  00000000397c26b5 1024       EN_Diver_Suspicious01.sns
  00000000397c2bd5 1024       EN_Diver_Runaway04.sns
  00000000397c30f5 1024       EN_Diver_Runaway03.sns
  00000000397c3615 1024       EN_Diver_Runaway02.sns
  00000000397c3b35 1024       EN_Diver_Runaway01.sns
  00000000397c4055 1024       EN_Diver_NakRun04.sns
  00000000397c4575 1024       EN_Diver_NakRun03.sns
  00000000397c4a95 1024       EN_Diver_NakRun02.sns
  00000000397c4fb5 1024       EN_Diver_NakRun01.sns
  00000000397c54d5 1024       EN_Diver_NakHide02.sns
  00000000397c59f5 1024       EN_Diver_NakHide01.sns
  00000000397c5f15 1024       EN_Diver_Baahed02.sns
  00000000397c6435 1024       EN_Diver_Baahed01.sns
  00000000397c6955 1024       EN_Boss_B2_Vexplode01.sns
  00000000397c6e75 1024       EN_Boss_B2_Vexplode02.sns
  00000000397c7395 1024       EN_Boss_B2_Vhit01.sns
  00000000397c78b5 1024       EN_Boss_B2_Vhit02.sns
  00000000397c7dd5 1024       EN_Boss_B2_Vjump01.sns
  00000000397c82f5 1024       EN_Boss_B2_Vjump02.sns
  00000000397c8815 1024       EN_Boss_B2_Vrunaway01.sns
  00000000397c8d35 1024       EN_Boss_B2_Vrunaway02.sns
  00000000397c9255 1024       EN_Boss_B2_Vrunaway03.sns
  00000000397c9775 1024       EN_Boss_B2_Vrunaway04.sns
  00000000397c9c95 1024       EN_Boss_B2_Vrun01.sns
  00000000397ca1b5 1024       EN_Boss_B2_Vrun02.sns
  00000000397ca6d5 1024       EN_Boss_B2_Vrun03.sns
  00000000397cabf5 1024       EN_Boss_B2_Vrun04.sns
  00000000397cb115 1024       EN_Boss_B2_Vscript01.sns
  00000000397cb635 1024       EN_Boss_B2_Vscript02.sns
  00000000397cbb55 1024       EN_Boss3_Baahed01.sns
  00000000397cc075 1024       EN_Boss3_Baahed02.sns
  00000000397cc595 1024       EN_Boss3_Nakhide01.sns
  00000000397ccab5 1024       EN_Boss3_Nakhide02.sns
  00000000397ccfd5 1024       EN_Boss3_Nakrun01.sns
  00000000397cd4f5 1024       EN_Boss3_Nakrun02.sns
  00000000397cda15 1024       EN_Boss3_Nakrun03.sns
  00000000397cdf35 1024       EN_Boss3_Nakrun04.sns
  00000000397ce455 1024       EN_Boss3_Runaway01.sns
  00000000397ce975 1024       EN_Boss3_Runaway02.sns
  00000000397cee95 1024       EN_Boss3_Runaway03.sns
  00000000397cf3b5 1024       EN_Boss3_Runaway04.sns
  00000000397cf8d5 1024       EN_Boss3_Suspicious01.sns
  00000000397cfdf5 1024       EN_Boss3_Suspicious02.sns
  00000000397d0315 1024       EN_Boss2_B9_Suspicious02.sns
  00000000397d0835 1024       EN_Boss2_B9_Suspicious01.sns
  00000000397d0d55 1024       EN_Boss2_B9_Runaway04.sns
  00000000397d1275 1024       EN_Boss2_B9_Runaway03.sns
  00000000397d1795 1024       EN_Boss2_B9_Runaway01.sns
  00000000397d1cb5 1024       EN_Boss2_B9_Nakrun04.sns
  00000000397d21d5 1024       EN_Boss2_B9_Nakrun03.sns
  00000000397d26f5 1024       EN_Boss2_B9_Nakrun02.sns
  00000000397d2c15 1024       EN_Boss2_B9_Nakrun01.sns
  00000000397d3135 1024       EN_Boss2_B9_Nakhide02.sns
  00000000397d3655 1024       EN_Boss2_B9_Nakhide01.sns
  00000000397d3b75 1024       EN_Boss2_B9_Baahed02.sns
  00000000397d4095 1024       EN_Boss2_B9_Baahed01.sns
  00000000397d45b5 1024       EN_Boss_B2_Suspicious02.sns
  00000000397d4ad5 1024       EN_Boss_B2_Suspicious01.sns
  00000000397d4ff5 1024       EN_Boss_B2_Runaway04.sns
  00000000397d5515 1024       EN_Boss_B2_Runaway03.sns
  00000000397d5a35 1024       EN_Boss_B2_Runaway02.sns
  00000000397d5f55 1024       EN_Boss_B2_Runaway01.sns
  00000000397d6475 1024       EN_Boss_B2_Nakrun04.sns
  00000000397d6995 1024       EN_Boss_B2_Nakrun03.sns
  00000000397d6eb5 1024       EN_Boss_B2_Nakrun01.sns
  00000000397d73d5 1024       EN_Boss_B2_Baahed02.sns
  00000000397d78f5 1024       EN_Boss_B2_Baahed01.sns
  00000000397d7e15 1024       EN_Benedicte2_B9_Suspicious02.sns
  00000000397d8335 1024       EN_Benedicte2_B9_Nakrun03.sns
  00000000397d8855 1024       EN_Benedicte2_B9_Nakrun04.sns
  00000000397d8d75 1024       EN_Benedicte2_B9_Runaway01.sns
  00000000397d9295 1024       EN_Benedicte2_B9_Runaway02.sns
  00000000397d97b5 1024       EN_Benedicte2_B9_Runaway03.sns
  00000000397d9cd5 1024       EN_Benedicte2_B9_Runaway04.sns
  00000000397da1f5 1024       EN_Benedicte2_B9_Suspicious01.sns
  00000000397da715 1024       EN_Benedicte2_B9_Baahed02.sns
  00000000397dac35 1024       EN_Benedicte2_B9_Nakhide01.sns
  00000000397db155 1024       EN_Benedicte2_B9_Nakhide02.sns
  00000000397db675 1024       EN_Benedicte2_B9_Nakrun01.sns
  00000000397dbb95 1024       EN_Benedicte2_B9_Nakrun02.sns
  00000000397dc0b5 1024       EN_Benedicte1_B2_Runaway01.sns
  00000000397dc5d5 1024       EN_Benedicte1_B2_Runaway02.sns
  00000000397dcaf5 1024       EN_Benedicte1_B2_Runaway03.sns
  00000000397dd015 1024       EN_Benedicte1_B2_Runaway04.sns
  00000000397dd535 1024       EN_Benedicte1_B2_Suspicious01.sns
  00000000397dda55 1024       EN_Benedicte1_B2_Suspicious02.sns
  00000000397ddf75 1024       EN_Benedicte2_B9_Baahed01.sns
  00000000397de495 1024       EN_Benedicte1_B2_Nakhide01.sns
  00000000397de9b5 1024       EN_Benedicte1_B2_Nakhide02.sns
  00000000397deed5 1024       EN_Benedicte1_B2_Nakrun02.sns
  00000000397df3f5 1024       EN_Benedicte1_B2_Nakrun03.sns
  00000000397df915 1024       EN_Benedicte1_B2_Nakrun04.sns
  00000000397dfe35 1024       EN_Benedicte1_B2_baahed01.sns
  00000000397e0355 1024       EN_Benedicte1_B2_baahed02.sns
  00000000397e0875 1024       EN_Benedicte_addon_05.sns
  00000000397e0d95 1024       EN_Benedicte_addon_04.sns
  00000000397e12b5 1024       EN_Benedicte_addon_03.sns
  00000000397e17d5 1024       EN_Benedicte_addon_02.sns
  00000000397e1cf5 1024       EN_Benedicte_addon_01.sns
  00000000397e2215 1024       EN_Benedicte3_Suspicious02.sns
  00000000397e2735 1024       EN_Benedicte3_Suspicious01.sns
  00000000397e2c55 1024       EN_Benedicte3_Runaway04.sns
  00000000397e3175 1024       EN_Benedicte3_Runaway03.sns
  00000000397e3695 1024       EN_Benedicte3_Runaway02.sns
  00000000397e3bb5 1024       EN_Benedicte3_Runaway01.sns
  00000000397e40d5 1024       EN_Benedicte3_Nakrun04.sns
  00000000397e45f5 1024       EN_Benedicte3_Nakrun03.sns
  00000000397e4b15 1024       EN_Benedicte3_Nakhide02.sns
  00000000397e5035 1024       EN_Benedicte3_Nakhide01.sns
  00000000397e5555 1024       EN_Benedicte3_Baahed02.sns
  00000000397e5a75 1024       EN_Benedicte3_Baahed01.sns
  00000000397e5f95 1024       EN_Benedicte1_Vscript02.sns
  00000000397e64b5 1024       EN_Benedicte1_Vscript01.sns
  00000000397e69d5 1024       EN_Benedicte1_Vrunaway04.sns
  00000000397e6ef5 1024       EN_Benedicte1_Vrunaway03.sns
  00000000397e7415 1024       EN_Benedicte1_Vrunaway02.sns
  00000000397e7935 1024       EN_Benedicte1_Vrunaway01.sns
  00000000397e7e55 1024       EN_Benedicte1_Vrun04.sns
  00000000397e8375 1024       EN_Benedicte1_Vrun03.sns
  00000000397e8895 1024       EN_Benedicte1_Vrun02.sns
  00000000397e8db5 1024       EN_Benedicte1_Vrun01.sns
  00000000397e92d5 1024       EN_Benedicte1_Vjump02.sns
  00000000397e97f5 1024       EN_Benedicte1_Vjump01.sns
  00000000397e9d15 1024       EN_Benedicte1_Vhit02.sns
  00000000397ea235 1024       EN_Benedicte1_Vhit01.sns
  00000000397ea755 1024       EN_Benedicte1_Vexplode02.sns
  00000000397eac75 1024       EN_Benedicte1_Vexplode01.sns
  00000000397eb195 1024       EN_Air_hostess_Suspicious02.sns
  00000000397eb6b5 1024       EN_Air_hostess_Suspicious01.sns
  00000000397ebbd5 1024       EN_Air_hostess_Runaway04.sns
  00000000397ec0f5 1024       EN_Air_hostess_Runaway03.sns
  00000000397ec615 1024       EN_Air_hostess_Runaway02.sns
  00000000397ecb35 1024       EN_Air_hostess_Runaway01.sns
  00000000397ed055 1024       EN_Air_hostess_NakRun04.sns
  00000000397ed575 1024       EN_Air_hostess_NakRun03.sns
  00000000397eda95 1024       EN_Air_hostess_NakRun02.sns
  00000000397edfb5 1024       EN_Air_hostess_NakRun01.sns
  00000000397ee4d5 1024       EN_Air_hostess_NakHide02.sns
  00000000397ee9f5 1024       EN_Air_hostess_NakHide01.sns
  00000000397eef15 1024       EN_Air_hostess_Baahed02.sns
  00000000397ef435 1024       EN_Air_hostess_Baahed01.sns
  00000000397ef955 1024       EN_Supermarket-customer_runaway02.sns
  00000000397efe75 1024       EN_Supermarket-customer_runaway03.sns
  00000000397f0395 1024       EN_Supermarket-customer_runaway04.sns
  00000000397f08b5 1024       EN_Supermarket-customer_suspicious01.sns
  00000000397f0dd5 1024       EN_Supermarket-customer_suspicious02.sns
  00000000397f12f5 1024       EN_Supermarket-customer_baahed01.sns
  00000000397f1815 1024       EN_Supermarket-customer_baahed02.sns
  00000000397f1d35 1024       EN_Supermarket-customer_nakhide01.sns
  00000000397f2255 1024       EN_Supermarket-customer_nakhide02.sns
  00000000397f2775 1024       EN_Supermarket-customer_nakrun01.sns
  00000000397f2c95 1024       EN_Supermarket-customer_nakrun02.sns
  00000000397f31b5 1024       EN_Supermarket-customer_nakrun03.sns
  00000000397f36d5 1024       EN_Supermarket-customer_nakrun04.sns
  00000000397f3bf5 1024       EN_Supermarket-customer_runaway01.sns
  00000000397f4115 1024       EN_Carla_V_Vrunaway04.sns
  00000000397f4635 1024       EN_Carla_V_Vscript01.sns
  00000000397f4b55 1024       EN_Carla_V_Vrunaway03.sns
  00000000397f5075 1024       EN_Carla_V_Vscript02.sns
  00000000397f5595 1024       EN_Carla_V_Vrunaway02.sns
  00000000397f5ab5 1024       EN_Carla_V_Baahed01.sns
  00000000397f5fd5 1024       EN_Carla_V_Vrunaway01.sns
  00000000397f64f5 1024       EN_Carla_V_Baahed02.sns
  00000000397f6a15 1024       EN_Carla_V_Vrun04.sns
  00000000397f6f35 1024       EN_Carla_V_Vrun03.sns
  00000000397f7455 1024       EN_Carla_V_NakHide01.sns
  00000000397f7975 1024       EN_Carla_V_Vrun02.sns
  00000000397f7e95 1024       EN_Carla_V_NakHide02.sns
  00000000397f83b5 1024       EN_Carla_V_Vrun01.sns
  00000000397f88d5 1024       EN_Carla_V_NakRun01.sns
  00000000397f8df5 1024       EN_Carla_V_Vreactor03.sns
  00000000397f9315 1024       EN_Carla_V_NakRun02.sns
  00000000397f9835 1024       EN_Carla_V_Vreactor02.sns
  00000000397f9d55 1024       EN_Carla_V_NakRun03.sns
  00000000397fa275 1024       EN_Carla_V_Vreactor01.sns
  00000000397fa795 1024       EN_Carla_V_NakRun04.sns
  00000000397facb5 1024       EN_Carla_V_Vjump02.sns
  00000000397fb1d5 1024       EN_Carla_V_reactor01.sns
  00000000397fb6f5 1024       EN_Carla_V_Vjump01.sns
  00000000397fbc15 1024       EN_Carla_V_reactor02.sns
  00000000397fc135 1024       EN_Carla_V_Vhit02.sns
  00000000397fc655 1024       EN_Carla_V_reactor03.sns
  00000000397fcb75 1024       EN_Carla_V_Vhit01.sns
  00000000397fd095 1024       EN_Carla_V_Runaway01.sns
  00000000397fd5b5 1024       EN_Carla_V_Vexplode02.sns
  00000000397fdad5 1024       EN_Carla_V_Runaway02.sns
  00000000397fdff5 1024       EN_Carla_V_Vexplode01.sns
  00000000397fe515 1024       EN_Carla_V_Runaway03.sns
  00000000397fea35 1024       EN_Carla_V_Runaway04.sns
  00000000397fef55 1024       EN_Carla_V_Suspicious01.sns
  00000000397ff475 1024       EN_Carla_V_Suspicious02.sns
  00000000397ff995 1024       EN_Carla_J_Nakrun03.sns
  00000000397ffeb5 1024       EN_Carla_J_NakRun02.sns
  00000000398003d5 1024       EN_Carla_J_NakRun01.sns
  00000000398008f5 1024       EN_Carla_J_NakHide02.sns
  0000000039800e15 1024       EN_Carla_J_NakHide01.sns
  0000000039801335 1024       EN_Carla_J_Suspicious02.sns
  0000000039801855 1024       EN_Carla_J_Suspicious01.sns
  0000000039801d75 1024       EN_Carla_J_Runaway04.sns
  0000000039802295 1024       EN_Carla_J_Runaway03.sns
  00000000398027b5 1024       EN_Carla_J_Runaway02.sns
  0000000039802cd5 1024       EN_Carla_J_Runaway01.sns
  00000000398031f5 1024       EN_Carla_J_Nakrun04.sns
  0000000039803715 1024       EN_Carla_J_VJump02.sns
  0000000039803c35 1024       EN_Carla_J_VJump01.sns
  0000000039804155 1024       EN_Carla_J_VHit02.sns
  0000000039804675 1024       EN_Carla_J_VHit01.sns
  0000000039804b95 1024       EN_Carla_J_VExplode02.sns
  00000000398050b5 1024       EN_Carla_J_VExplode01.sns
  00000000398055d5 1024       EN_Carla_J_VRunaway03.sns
  0000000039805af5 1024       EN_Carla_J_VRunaway02.sns
  0000000039806015 1024       EN_Carla_J_VRunaway01.sns
  0000000039806535 1024       EN_Carla_J_VRun04.sns
  0000000039806a55 1024       EN_Carla_J_VRun03.sns
  0000000039806f75 1024       EN_Carla_J_VRun02.sns
  0000000039807495 1024       EN_Carla_J_VRun01.sns
  00000000398079b5 1024       EN_Carla_J_VScript02.sns
  0000000039807ed5 1024       EN_Carla_J_VScript01.sns
  00000000398083f5 1024       EN_Carla_J_VRunaway04.sns
  0000000039808915 1024       EN_Carla_J_Baahed02.sns
  0000000039808e35 1024       EN_Carla_J_Baahed01.sns
  0000000039809355 1024       EN_Tina_A_NakHide01.sns
  0000000039809875 1024       EN_Tina_A_Vscript02.sns
  0000000039809d95 1024       EN_Tina_A_Vscript01.sns
  000000003980a2b5 1024       EN_Tina_A_Vrunaway04.sns
  000000003980a7d5 1024       EN_Tina_A_Vrunaway03.sns
  000000003980acf5 1024       EN_Tina_A_Vrunaway02.sns
  000000003980b215 1024       EN_Tina_A_Vrunaway01.sns
  000000003980b735 1024       EN_Tina_A_Vrun04.sns
  000000003980bc55 1024       EN_Tina_A_Vrun03.sns
  000000003980c175 1024       EN_Tina_A_Vrun02.sns
  000000003980c695 1024       EN_Tina_A_Vrun01.sns
  000000003980cbb5 1024       EN_Tina_A_Vreactor03.sns
  000000003980d0d5 1024       EN_Tina_A_Vreactor02.sns
  000000003980d5f5 1024       EN_Tina_A_Vreactor01.sns
  000000003980db15 1024       EN_Tina_A_Vjump02.sns
  000000003980e035 1024       EN_Tina_A_Vjump01.sns
  000000003980e555 1024       EN_Tina_A_Vhit02.sns
  000000003980ea75 1024       EN_Tina_A_Vhit01.sns
  000000003980ef95 1024       EN_Tina_A_Vexplode02.sns
  000000003980f4b5 1024       EN_Tina_A_Vexplode01.sns
  000000003980f9d5 1024       EN_Tina_A_Suspicious02.sns
  000000003980fef5 1024       EN_Tina_A_Suspicious01.sns
  0000000039810415 1024       EN_Tina_A_Runaway04.sns
  0000000039810935 1024       EN_Tina_A_Runaway03.sns
  0000000039810e55 1024       EN_Tina_A_Runaway02.sns
  0000000039811375 1024       EN_Tina_A_Runaway01.sns
  0000000039811895 1024       EN_Tina_A_reactor03.sns
  0000000039811db5 1024       EN_Tina_A_reactor02.sns
  00000000398122d5 1024       EN_Tina_A_reactor01.sns
  00000000398127f5 1024       EN_Tina_A_NakRun04.sns
  0000000039812d15 1024       EN_Tina_A_NakRun03.sns
  0000000039813235 1024       EN_Tina_A_Baahed01.sns
  0000000039813755 1024       EN_Tina_A_NakRun02.sns
  0000000039813c75 1024       EN_Tina_A_Baahed02.sns
  0000000039814195 1024       EN_Tina_A_NakRun01.sns
  00000000398146b5 1024       EN_Tina_A_NakHide02.sns
  0000000039814bd5 1024       EN_Servant_Nakrun04.sns
  00000000398150f5 1024       EN_Servant_Runaway01.sns
  0000000039815615 1024       EN_Servant_Runaway02.sns
  0000000039815b35 1024       EN_Servant_Runaway03.sns
  0000000039816055 1024       EN_Servant_Runaway04.sns
  0000000039816575 1024       EN_Servant_Suspicious01.sns
  0000000039816a95 1024       EN_Servant_Suspicious02.sns
  0000000039816fb5 1024       EN_Servant_Nakhide01.sns
  00000000398174d5 1024       EN_Servant_Nakhide02.sns
  00000000398179f5 1024       EN_Servant_Nakrun01.sns
  0000000039817f15 1024       EN_Servant_Nakrun02.sns
  0000000039818435 1024       EN_Servant_Nakrun03.sns
  0000000039818955 1024       EN_Servant_Baahed01.sns
  0000000039818e75 1024       EN_Servant_Baahed02.sns
  0000000039819395 1024       EN_Segolene_V_VJump01.sns
  00000000398198b5 1024       EN_Segolene_V_Nakrun01.sns
  0000000039819dd5 1024       EN_Segolene_V_VHit02.sns
  000000003981a2f5 1024       EN_Segolene_V_VHit01.sns
  000000003981a815 1024       EN_Segolene_V_VJump02.sns
  000000003981ad35 1024       EN_Segolene_V_VExplode02.sns
  000000003981b255 1024       EN_Segolene_V_VRun01.sns
  000000003981b775 1024       EN_Segolene_V_VExplode01.sns
  000000003981bc95 1024       EN_Segolene_V_VRun02.sns
  000000003981c1b5 1024       EN_Segolene_V_VRun03.sns
  000000003981c6d5 1024       EN_Segolene_V_VRun04.sns
  000000003981cbf5 1024       EN_Segolene_V_VRunaway01.sns
  000000003981d115 1024       EN_Segolene_V_VRunaway02.sns
  000000003981d635 1024       EN_Segolene_V_VRunaway03.sns
  000000003981db55 1024       EN_Segolene_V_VRunaway04.sns
  000000003981e075 1024       EN_Segolene_V_Suspicious02.sns
  000000003981e595 1024       EN_Segolene_V_Suspicious01.sns
  000000003981eab5 1024       EN_Segolene_V_VScript01.sns
  000000003981efd5 1024       EN_Segolene_V_Runaway04.sns
  000000003981f4f5 1024       EN_Segolene_V_VScript02.sns
  000000003981fa15 1024       EN_Segolene_V_Baahed01.sns
  000000003981ff35 1024       EN_Segolene_V_Runaway03.sns
  0000000039820455 1024       EN_Segolene_V_Runaway02.sns
  0000000039820975 1024       EN_Segolene_V_Baahed02.sns
  0000000039820e95 1024       EN_Segolene_V_Runaway01.sns
  00000000398213b5 1024       EN_Segolene_V_Nakrun04.sns
  00000000398218d5 1024       EN_Segolene_V_Nakrun03.sns
  0000000039821df5 1024       EN_Segolene_V_Nakhide01.sns
  0000000039822315 1024       EN_Segolene_V_Nakrun02.sns
  0000000039822835 1024       EN_Segolene_J_VRunaway03.sns
  0000000039822d55 1024       EN_Segolene_J_VRunaway04.sns
  0000000039823275 1024       EN_Segolene_J_VRunaway02.sns
  0000000039823795 1024       EN_Segolene_J_VScript01.sns
  0000000039823cb5 1024       EN_Segolene_J_VRunaway01.sns
  00000000398241d5 1024       EN_Segolene_J_VScript02.sns
  00000000398246f5 1024       EN_Segolene_J_VRun04.sns
  0000000039824c15 1024       EN_Segolene_J_Baahed01.sns
  0000000039825135 1024       EN_Segolene_J_VRun03.sns
  0000000039825655 1024       EN_Segolene_J_Baahed02.sns
  0000000039825b75 1024       EN_Segolene_J_VRun02.sns
  0000000039826095 1024       EN_Segolene_J_VRun01.sns
  00000000398265b5 1024       EN_Segolene_J_Nakhide01.sns
  0000000039826ad5 1024       EN_Segolene_J_VJump02.sns
  0000000039826ff5 1024       EN_Segolene_J_Nakhide02.sns
  0000000039827515 1024       EN_Segolene_J_VJump01.sns
  0000000039827a35 1024       EN_Segolene_J_Nakrun01.sns
  0000000039827f55 1024       EN_Segolene_J_VHit02.sns
  0000000039828475 1024       EN_Segolene_J_Nakrun02.sns
  0000000039828995 1024       EN_Segolene_J_VHit01.sns
  0000000039828eb5 1024       EN_Segolene_J_Nakrun03.sns
  00000000398293d5 1024       EN_Segolene_J_VExplode02.sns
  00000000398298f5 1024       EN_Segolene_J_Nakrun04.sns
  0000000039829e15 1024       EN_Segolene_J_VExplode01.sns
  000000003982a335 1024       EN_Segolene_J_Runaway01.sns
  000000003982a855 1024       EN_Segolene_J_Runaway02.sns
  000000003982ad75 1024       EN_Segolene_J_Runaway03.sns
  000000003982b295 1024       EN_Segolene_J_Runaway04.sns
  000000003982b7b5 1024       EN_Segolene_J_Suspicious01.sns
  000000003982bcd5 1024       EN_Segolene_J_Suspicious02.sns
  000000003982c1f5 1024       EN_Segolene_A_Vscript01.sns
  000000003982c715 1024       EN_Segolene_A_Vscript02.sns
  000000003982cc35 1024       EN_Segolene_A_Vrunaway04.sns
  000000003982d155 1024       EN_Segolene_A_Baahed01.sns
  000000003982d675 1024       EN_Segolene_A_Vrunaway03.sns
  000000003982db95 1024       EN_Segolene_A_Baahed02.sns
  000000003982e0b5 1024       EN_Segolene_A_Vrunaway02.sns
  000000003982e5d5 1024       EN_Segolene_A_Vrunaway01.sns
  000000003982eaf5 1024       EN_Segolene_A_NakHide01.sns
  000000003982f015 1024       EN_Segolene_A_Vrun04.sns
  000000003982f535 1024       EN_Segolene_A_NakHide02.sns
  000000003982fa55 1024       EN_Segolene_A_Vrun03.sns
  000000003982ff75 1024       EN_Segolene_A_NakRun01.sns
  0000000039830495 1024       EN_Segolene_A_Vrun02.sns
  00000000398309b5 1024       EN_Segolene_A_NakRun02.sns
  0000000039830ed5 1024       EN_Segolene_A_Vrun01.sns
  00000000398313f5 1024       EN_Segolene_A_NakRun03.sns
  0000000039831915 1024       EN_Segolene_A_Vjump02.sns
  0000000039831e35 1024       EN_Segolene_A_NakRun04.sns
  0000000039832355 1024       EN_Segolene_A_Vjump01.sns
  0000000039832875 1024       EN_Segolene_A_Runaway01.sns
  0000000039832d95 1024       EN_Segolene_A_Vhit02.sns
  00000000398332b5 1024       EN_Segolene_A_Runaway02.sns
  00000000398337d5 1024       EN_Segolene_A_Vhit01.sns
  0000000039833cf5 1024       EN_Segolene_A_Runaway03.sns
  0000000039834215 1024       EN_Segolene_A_Vexplode02.sns
  0000000039834735 1024       EN_Segolene_A_Runaway04.sns
  0000000039834c55 1024       EN_Segolene_A_Vexplode01.sns
  0000000039835175 1024       EN_Segolene_A_Suspicious01.sns
  0000000039835695 1024       EN_Segolene_A_Suspicious03.sns
  0000000039835bb5 1024       EN_Sanibot_finish.sns
  00000000398360d5 1024       EN_Sanibot_door.sns
  00000000398365f5 1024       EN_Sanibot_detect.sns
  0000000039836b15 1024       EN_Sanibot_clean.sns
  0000000039837035 1024       EN_Sanibot_catch.sns
  0000000039837555 1024       EN_Sanibot_baahed.sns
  0000000039837a75 1024       EN_Robert_V_VRunaway03.sns
  0000000039837f95 1024       EN_Robert_V_VRunaway04.sns
  00000000398384b5 1024       EN_Robert_V_VRunaway02.sns
  00000000398389d5 1024       EN_Robert_V_VScript01.sns
  0000000039838ef5 1024       EN_Robert_V_VRunaway01.sns
  0000000039839415 1024       EN_Robert_V_VScript02.sns
  0000000039839935 1024       EN_Robert_V_VRun04.sns
  0000000039839e55 1024       EN_Robert_V_Baahed01.sns
  000000003983a375 1024       EN_Robert_V_VRun03.sns
  000000003983a895 1024       EN_Robert_V_Baahed02.sns
  000000003983adb5 1024       EN_Robert_V_VRun02.sns
  000000003983b2d5 1024       EN_Robert_V_VRun01.sns
  000000003983b7f5 1024       EN_Robert_V_Nakhide01.sns
  000000003983bd15 1024       EN_Robert_V_VJump02.sns
  000000003983c235 1024       EN_Robert_V_Nakhide02.sns
  000000003983c755 1024       EN_Robert_V_VJump01.sns
  000000003983cc75 1024       EN_Robert_V_Nakrun01.sns
  000000003983d195 1024       EN_Robert_V_VHit02.sns
  000000003983d6b5 1024       EN_Robert_V_Nakrun02.sns
  000000003983dbd5 1024       EN_Robert_V_VHit01.sns
  000000003983e0f5 1024       EN_Robert_V_Nakrun03.sns
  000000003983e615 1024       EN_Robert_V_VExplode02.sns
  000000003983eb35 1024       EN_Robert_V_Nakrun04.sns
  000000003983f055 1024       EN_Robert_V_VExplode01.sns
  000000003983f575 1024       EN_Robert_V_Runaway01.sns
  000000003983fa95 1024       EN_Robert_V_Runaway02.sns
  000000003983ffb5 1024       EN_Robert_V_Runaway03.sns
  00000000398404d5 1024       EN_Robert_V_Runaway04.sns
  00000000398409f5 1024       EN_Robert_V_Suspicious01.sns
  0000000039840f15 1024       EN_Robert_V_Suspicious02.sns
  0000000039841435 1024       EN_Robert_J_reactor03.sns
  0000000039841955 1024       EN_Robert_J_Vrunaway04.sns
  0000000039841e75 1024       EN_Robert_J_Suspicious02_ALT1.sns
  0000000039842395 1024       EN_Robert_J_Vrunaway03.sns
  00000000398428b5 1024       EN_Robert_J_Vscript01_ALT1.sns
  0000000039842dd5 1024       EN_Robert_J_Vrunaway02.sns
  00000000398432f5 1024       EN_Robert_J_Vscript02.sns
  0000000039843815 1024       EN_Robert_J_Vrunaway01.sns
  0000000039843d35 1024       EN_Robert_J_Baahed01.sns
  0000000039844255 1024       EN_Robert_J_Vrun04_ALT1.sns
  0000000039844775 1024       EN_Robert_J_Baahed02_ALT1.sns
  0000000039844c95 1024       EN_Robert_J_Vrun03.sns
  00000000398451b5 1024       EN_Robert_J_Vrun02.sns
  00000000398456d5 1024       EN_Robert_J_NakHide01.sns
  0000000039845bf5 1024       EN_Robert_J_Vrun01.sns
  0000000039846115 1024       EN_Robert_J_NakHide02.sns
  0000000039846635 1024       EN_Robert_J_Vreactor03_ALT1.sns
  0000000039846b55 1024       EN_Robert_J_NakRun01_ALT1.sns
  0000000039847075 1024       EN_Robert_J_Vreactor02.sns
  0000000039847595 1024       EN_Robert_J_NakRun02_ALT1.sns
  0000000039847ab5 1024       EN_Robert_J_Vreactor01_ALT1.sns
  0000000039847fd5 1024       EN_Robert_J_NakRun03_ALT1.sns
  00000000398484f5 1024       EN_Robert_J_Vjump02.sns
  0000000039848a15 1024       EN_Robert_J_NakRun04_ALT1.sns
  0000000039848f35 1024       EN_Robert_J_Vjump01.sns
  0000000039849455 1024       EN_Robert_J_reactor01.sns
  0000000039849975 1024       EN_Robert_J_Vhit02.sns
  0000000039849e95 1024       EN_Robert_J_Vhit01.sns
  000000003984a3b5 1024       EN_Robert_J_reactor02.sns
  000000003984a8d5 1024       EN_Robert_J_Vexplode02_ALT1.sns
  000000003984adf5 1024       EN_Robert_J_Vexplode01.sns
  000000003984b315 1024       EN_Robert_J_Runaway01_ALT1.sns
  000000003984b835 1024       EN_Robert_J_Runaway02_ALT1.sns
  000000003984bd55 1024       EN_Robert_J_Runaway03.sns
  000000003984c275 1024       EN_Robert_J_Runaway04.sns
  000000003984c795 1024       EN_Robert_J_Suspicious01.sns
  000000003984ccb5 1024       EN_Robert_A_VRunaway01.sns
  000000003984d1d5 1024       EN_Robert_A_VRunaway02.sns
  000000003984d6f5 1024       EN_Robert_A_VRun04.sns
  000000003984dc15 1024       EN_Robert_A_VRunaway03.sns
  000000003984e135 1024       EN_Robert_A_VRun03.sns
  000000003984e655 1024       EN_Robert_A_VRunaway04.sns
  000000003984eb75 1024       EN_Robert_A_VRun02.sns
  000000003984f095 1024       EN_Robert_A_VScript01.sns
  000000003984f5b5 1024       EN_Robert_A_VRun01.sns
  000000003984fad5 1024       EN_Robert_A_VScript02.sns
  000000003984fff5 1024       EN_Robert_A_VJump02.sns
  0000000039850515 1024       EN_Robert_A_Baahed01.sns
  0000000039850a35 1024       EN_Robert_A_VJump01.sns
  0000000039850f55 1024       EN_Robert_A_Baahed02.sns
  0000000039851475 1024       EN_Robert_A_VHit02.sns
  0000000039851995 1024       EN_Robert_A_VHit01.sns
  0000000039851eb5 1024       EN_Robert_A_Nakhide01.sns
  00000000398523d5 1024       EN_Robert_A_VExplode02.sns
  00000000398528f5 1024       EN_Robert_A_Nakhide02.sns
  0000000039852e15 1024       EN_Robert_A_VExplode01.sns
  0000000039853335 1024       EN_Robert_A_Nakrun01.sns
  0000000039853855 1024       EN_Robert_A_Nakrun02.sns
  0000000039853d75 1024       EN_Robert_A_Nakrun03.sns
  0000000039854295 1024       EN_Robert_A_Nakrun04.sns
  00000000398547b5 1024       EN_Robert_A_Runaway01.sns
  0000000039854cd5 1024       EN_Robert_A_Runaway02.sns
  00000000398551f5 1024       EN_Robert_A_Suspicious02.sns
  0000000039855715 1024       EN_Robert_A_Runaway03.sns
  0000000039855c35 1024       EN_Robert_A_Suspicious01.sns
  0000000039856155 1024       EN_Robert_A_Runaway04.sns
  0000000039856675 1024       EN_Raymonde_V_Vhit01.sns
  0000000039856b95 1024       EN_Raymonde_V_NakRun02.sns
  00000000398570b5 1024       EN_Raymonde_V_Vexplode02.sns
  00000000398575d5 1024       EN_Raymonde_V_Vhit02.sns
  0000000039857af5 1024       EN_Raymonde_V_Vexplode01.sns
  0000000039858015 1024       EN_Raymonde_V_Vjump01.sns
  0000000039858535 1024       EN_Raymonde_V_Vjump02.sns
  0000000039858a55 1024       EN_Raymonde_V_Vrun01.sns
  0000000039858f75 1024       EN_Raymonde_V_Vrun02.sns
  0000000039859495 1024       EN_Raymonde_V_Vrun03.sns
  00000000398599b5 1024       EN_Raymonde_V_Vrun04.sns
  0000000039859ed5 1024       EN_Raymonde_V_Vrunaway01.sns
  000000003985a3f5 1024       EN_Raymonde_V_Vrunaway02.sns
  000000003985a915 1024       EN_Raymonde_V_Vrunaway03.sns
  000000003985ae35 1024       EN_Raymonde_V_Suspicious02.sns
  000000003985b355 1024       EN_Raymonde_V_Vrunaway04.sns
  000000003985b875 1024       EN_Raymonde_V_Suspicious01.sns
  000000003985bd95 1024       EN_Raymonde_V_Vscript01.sns
  000000003985c2b5 1024       EN_Raymonde_V_Runaway04.sns
  000000003985c7d5 1024       EN_Raymonde_V_Vscript02.sns
  000000003985ccf5 1024       EN_Raymonde_V_Runaway03.sns
  000000003985d215 1024       EN_Raymonde_V_Baahed01.sns
  000000003985d735 1024       EN_Raymonde_V_Runaway02.sns
  000000003985dc55 1024       EN_Raymonde_V_Baahed02.sns
  000000003985e175 1024       EN_Raymonde_V_Runaway01.sns
  000000003985e695 1024       EN_Raymonde_V_NakHide01.sns
  000000003985ebb5 1024       EN_Raymonde_V_NakHide02.sns
  000000003985f0d5 1024       EN_Raymonde_V_NakRun04.sns
  000000003985f5f5 1024       EN_Raymonde_V_NakRun01.sns
  000000003985fb15 1024       EN_Raymonde_V_NakRun03.sns
  0000000039860035 1024       EN_Raymonde_J_VRunaway01.sns
  0000000039860555 1024       EN_Raymonde_J_VRunaway02.sns
  0000000039860a75 1024       EN_Raymonde_J_VRunaway03.sns
  0000000039860f95 1024       EN_Raymonde_J_VRunaway04.sns
  00000000398614b5 1024       EN_Raymonde_J_VScript01.sns
  00000000398619d5 1024       EN_Raymonde_J_VScript02.sns
  0000000039861ef5 1024       EN_Raymonde_J_VJump01.sns
  0000000039862415 1024       EN_Raymonde_J_VJump02.sns
  0000000039862935 1024       EN_Raymonde_J_VRun01.sns
  0000000039862e55 1024       EN_Raymonde_J_VRun02.sns
  0000000039863375 1024       EN_Raymonde_J_VRun03.sns
  0000000039863895 1024       EN_Raymonde_J_VRun04.sns
  0000000039863db5 1024       EN_Raymonde_J_VExplode01.sns
  00000000398642d5 1024       EN_Raymonde_J_VExplode02.sns
  00000000398647f5 1024       EN_Raymonde_J_VHit01.sns
  0000000039864d15 1024       EN_Raymonde_J_VHit02.sns
  0000000039865235 1024       EN_Raymonde_J_Nakrun04.sns
  0000000039865755 1024       EN_Raymonde_J_Runaway01.sns
  0000000039865c75 1024       EN_Raymonde_J_Runaway02.sns
  0000000039866195 1024       EN_Raymonde_J_Runaway03.sns
  00000000398666b5 1024       EN_Raymonde_J_Runaway04.sns
  0000000039866bd5 1024       EN_Raymonde_J_Suspicious01.sns
  00000000398670f5 1024       EN_Raymonde_J_Suspicious02.sns
  0000000039867615 1024       EN_Raymonde_J_Nakhide01.sns
  0000000039867b35 1024       EN_Raymonde_J_Nakhide02.sns
  0000000039868055 1024       EN_Raymonde_J_Nakrun01.sns
  0000000039868575 1024       EN_Raymonde_J_Nakrun02.sns
  0000000039868a95 1024       EN_Raymonde_J_Nakrun03.sns
  0000000039868fb5 1024       EN_Raymonde_J_Baahed02.sns
  00000000398694d5 1024       EN_Raymonde_J_Baahed01.sns
  00000000398699f5 1024       EN_Raymonde_A_Vrunaway04.sns
  0000000039869f15 1024       EN_Raymonde_A_Vscript01.sns
  000000003986a435 1024       EN_Raymonde_A_Vrunaway03.sns
  000000003986a955 1024       EN_Raymonde_A_Vscript02.sns
  000000003986ae75 1024       EN_Raymonde_A_Vrunaway02.sns
  000000003986b395 1024       EN_Raymonde_A_Baahed01.sns
  000000003986b8b5 1024       EN_Raymonde_A_Vrunaway01.sns
  000000003986bdd5 1024       EN_Raymonde_A_Baahed02.sns
  000000003986c2f5 1024       EN_Raymonde_A_Vrun04.sns
  000000003986c815 1024       EN_Raymonde_A_Vrun03.sns
  000000003986cd35 1024       EN_Raymonde_A_NakHide01.sns
  000000003986d255 1024       EN_Raymonde_A_Vrun02.sns
  000000003986d775 1024       EN_Raymonde_A_NakHide02.sns
  000000003986dc95 1024       EN_Raymonde_A_Vrun01.sns
  000000003986e1b5 1024       EN_Raymonde_A_NakRun01.sns
  000000003986e6d5 1024       EN_Raymonde_A_Vreactor03.sns
  000000003986ebf5 1024       EN_Raymonde_A_NakRun02.sns
  000000003986f115 1024       EN_Raymonde_A_Vreactor02.sns
  000000003986f635 1024       EN_Raymonde_A_NakRun03.sns
  000000003986fb55 1024       EN_Raymonde_A_Vreactor01.sns
  0000000039870075 1024       EN_Raymonde_A_NakRun04.sns
  0000000039870595 1024       EN_Raymonde_A_Vjump02.sns
  0000000039870ab5 1024       EN_Raymonde_A_reactor01.sns
  0000000039870fd5 1024       EN_Raymonde_A_Vjump01.sns
  00000000398714f5 1024       EN_Raymonde_A_reactor02.sns
  0000000039871a15 1024       EN_Raymonde_A_Vhit02.sns
  0000000039871f35 1024       EN_Raymonde_A_reactor03.sns
  0000000039872455 1024       EN_Raymonde_A_Vhit01.sns
  0000000039872975 1024       EN_Raymonde_A_Runaway01.sns
  0000000039872e95 1024       EN_Raymonde_A_Vexplode02.sns
  00000000398733b5 1024       EN_Raymonde_A_Runaway02.sns
  00000000398738d5 1024       EN_Raymonde_A_Vexplode01.sns
  0000000039873df5 1024       EN_Raymonde_A_Runaway03.sns
  0000000039874315 1024       EN_Raymonde_A_Runaway04.sns
  0000000039874835 1024       EN_Raymonde_A_Suspicious01.sns
  0000000039874d55 1024       EN_Raymonde_A_Suspicious02.sns
  0000000039875275 1024       EN_Puppet_male_01.sns
  0000000039875795 1024       EN_Puppet_male_02.sns
  0000000039875cb5 1024       EN_Puppet_male_03.sns
  00000000398761d5 1024       EN_Puppet_female_04.sns
  00000000398766f5 1024       EN_Puppet_female_01.sns
  0000000039876c15 1024       EN_Puppet_female_02.sns
  0000000039877135 1024       EN_Puppet_female_03.sns
  0000000039877655 1024       EN_Nurse_Runaway03.sns
  0000000039877b75 1024       EN_Nurse_NakHide01.sns
  0000000039878095 1024       EN_Nurse_Runaway02.sns
  00000000398785b5 1024       EN_Nurse_Runaway04.sns
  0000000039878ad5 1024       EN_Nurse_Runaway01.sns
  0000000039878ff5 1024       EN_Nurse_Suspicious01.sns
  0000000039879515 1024       EN_Nurse_NakRun04.sns
  0000000039879a35 1024       EN_Nurse_Suspicious02.sns
  0000000039879f55 1024       EN_Nurse_NakRun03.sns
  000000003987a475 1024       EN_Nurse_Baahed01.sns
  000000003987a995 1024       EN_Nurse_NakRun02.sns
  000000003987aeb5 1024       EN_Nurse_Baahed02.sns
  000000003987b3d5 1024       EN_Nurse_NakRun01.sns
  000000003987b8f5 1024       EN_Nurse_NakHide03.sns
  000000003987be15 1024       EN_NurseHlp_Hospital_B8.sns
  000000003987c335 1024       EN_Naomi_V_VRunaway03.sns
  000000003987c855 1024       EN_Naomi_V_VRunaway04.sns
  000000003987cd75 1024       EN_Naomi_V_VScript01.sns
  000000003987d295 1024       EN_Naomi_V_VScript02.sns
  000000003987d7b5 1024       EN_Naomi_V_VJump01.sns
  000000003987dcd5 1024       EN_Naomi_V_VJump02.sns
  000000003987e1f5 1024       EN_Naomi_V_VRun01.sns
  000000003987e715 1024       EN_Naomi_V_VRun02.sns
  000000003987ec35 1024       EN_Naomi_V_VRun03.sns
  000000003987f155 1024       EN_Naomi_V_VRun04.sns
  000000003987f675 1024       EN_Naomi_V_VRunaway01.sns
  000000003987fb95 1024       EN_Naomi_V_VRunaway02.sns
  00000000398800b5 1024       EN_Naomi_V_VExplode01.sns
  00000000398805d5 1024       EN_Naomi_V_VExplode02.sns
  0000000039880af5 1024       EN_Naomi_V_VHit01.sns
  0000000039881015 1024       EN_Naomi_V_VHit02.sns
  0000000039881535 1024       EN_Naomi_V_Nakrun03.sns
  0000000039881a55 1024       EN_Naomi_V_Nakrun04.sns
  0000000039881f75 1024       EN_Naomi_V_Runaway01.sns
  0000000039882495 1024       EN_Naomi_V_Runaway02.sns
  00000000398829b5 1024       EN_Naomi_V_Runaway03.sns
  0000000039882ed5 1024       EN_Naomi_V_Runaway04.sns
  00000000398833f5 1024       EN_Naomi_V_Suspicious01.sns
  0000000039883915 1024       EN_Naomi_V_Suspicious02.sns
  0000000039883e35 1024       EN_Naomi_V_Baahed02.sns
  0000000039884355 1024       EN_Naomi_V_Nakhide01.sns
  0000000039884875 1024       EN_Naomi_V_Nakhide02.sns
  0000000039884d95 1024       EN_Naomi_V_Nakrun01.sns
  00000000398852b5 1024       EN_Naomi_V_Nakrun02.sns
  00000000398857d5 1024       EN_Naomi_V_Baahed01.sns
  0000000039885cf5 1024       EN_Naomi_J_Baahed01.sns
  0000000039886215 1024       EN_Naomi_J_Baahed02.sns
  0000000039886735 1024       EN_Naomi_J_Nakhide01.sns
  0000000039886c55 1024       EN_Naomi_J_Nakhide02.sns
  0000000039887175 1024       EN_Naomi_J_Nakrun01.sns
  0000000039887695 1024       EN_Naomi_J_Nakrun02.sns
  0000000039887bb5 1024       EN_Naomi_J_Nakrun03.sns
  00000000398880d5 1024       EN_Naomi_J_Nakrun04.sns
  00000000398885f5 1024       EN_Naomi_J_Runaway01.sns
  0000000039888b15 1024       EN_Naomi_J_Runaway02.sns
  0000000039889035 1024       EN_Naomi_J_Runaway03.sns
  0000000039889555 1024       EN_Naomi_J_Runaway04.sns
  0000000039889a75 1024       EN_Naomi_J_Suspicious01.sns
  0000000039889f95 1024       EN_Naomi_J_Suspicious02.sns
  000000003988a4b5 1024       EN_Naomi_J_Vexplode01.sns
  000000003988a9d5 1024       EN_Naomi_J_Vexplode02.sns
  000000003988aef5 1024       EN_Naomi_J_Vhit01.sns
  000000003988b415 1024       EN_Naomi_J_Vhit02.sns
  000000003988b935 1024       EN_Naomi_J_Vjump01.sns
  000000003988be55 1024       EN_Naomi_J_Vjump02.sns
  000000003988c375 1024       EN_Naomi_J_Vrun01.sns
  000000003988c895 1024       EN_Naomi_J_Vrun02.sns
  000000003988cdb5 1024       EN_Naomi_J_Vrun03.sns
  000000003988d2d5 1024       EN_Naomi_J_Vrun04.sns
  000000003988d7f5 1024       EN_Naomi_J_Vrunaway01.sns
  000000003988dd15 1024       EN_Naomi_J_Vrunaway02.sns
  000000003988e235 1024       EN_Naomi_J_Vrunaway03.sns
  000000003988e755 1024       EN_Naomi_J_Vrunaway04.sns
  000000003988ec75 1024       EN_Naomi_J_Vscript01.sns
  000000003988f195 1024       EN_Naomi_J_Vscript02.sns
  000000003988f6b5 1024       EN_Naomi_A_VRun04.sns
  000000003988fbd5 1024       EN_Naomi_A_Runaway02.sns
  00000000398900f5 1024       EN_Naomi_A_VRun03.sns
  0000000039890615 1024       EN_Naomi_A_VRunaway01.sns
  0000000039890b35 1024       EN_Naomi_A_VRun02.sns
  0000000039891055 1024       EN_Naomi_A_VRunaway02.sns
  0000000039891575 1024       EN_Naomi_A_VRun01.sns
  0000000039891a95 1024       EN_Naomi_A_VRunaway03.sns
  0000000039891fb5 1024       EN_Naomi_A_VJump02.sns
  00000000398924d5 1024       EN_Naomi_A_VRunaway04.sns
  00000000398929f5 1024       EN_Naomi_A_VJump01.sns
  0000000039892f15 1024       EN_Naomi_A_VScript01.sns
  0000000039893435 1024       EN_Naomi_A_VHit02.sns
  0000000039893955 1024       EN_Naomi_A_VScript02.sns
  0000000039893e75 1024       EN_Naomi_A_VHit01.sns
  0000000039894395 1024       EN_Naomi_A_Baahed01.sns
  00000000398948b5 1024       EN_Naomi_A_VExplode02.sns
  0000000039894dd5 1024       EN_Naomi_A_Baahed02.sns
  00000000398952f5 1024       EN_Naomi_A_VExplode01.sns
  0000000039895815 1024       EN_Naomi_A_Nakhide01.sns
  0000000039895d35 1024       EN_Naomi_A_Nakhide02.sns
  0000000039896255 1024       EN_Naomi_A_Nakrun02.sns
  0000000039896775 1024       EN_Naomi_A_Suspicious02.sns
  0000000039896c95 1024       EN_Naomi_A_Nakrun03.sns
  00000000398971b5 1024       EN_Naomi_A_Suspicious01.sns
  00000000398976d5 1024       EN_Naomi_A_Nakrun04.sns
  0000000039897bf5 1024       EN_Naomi_A_Runaway04.sns
  0000000039898115 1024       EN_Naomi_A_Runaway01.sns
  0000000039898635 1024       EN_Naomi_A_Runaway03.sns
  0000000039898b55 1024       EN_Nadia_J_VScript01.sns
  0000000039899075 1024       EN_Nadia_J_VScript02.sns
  0000000039899595 1024       EN_Nadia_J_VRunaway04.sns
  0000000039899ab5 1024       EN_Nadia_J_Baahed01.sns
  0000000039899fd5 1024       EN_Nadia_J_VRunaway03.sns
  000000003989a4f5 1024       EN_Nadia_J_Baahed02.sns
  000000003989aa15 1024       EN_Nadia_J_VRunaway02.sns
  000000003989af35 1024       EN_Nadia_J_VRunaway01.sns
  000000003989b455 1024       EN_Nadia_J_Nakhide01.sns
  000000003989b975 1024       EN_Nadia_J_VRun04.sns
  000000003989be95 1024       EN_Nadia_J_Nakhide02.sns
  000000003989c3b5 1024       EN_Nadia_J_VRun03.sns
  000000003989c8d5 1024       EN_Nadia_J_Nakrun01.sns
  000000003989cdf5 1024       EN_Nadia_J_VRun02.sns
  000000003989d315 1024       EN_Nadia_J_Nakrun02.sns
  000000003989d835 1024       EN_Nadia_J_VRun01.sns
  000000003989dd55 1024       EN_Nadia_J_Nakrun03.sns
  000000003989e275 1024       EN_Nadia_J_VJump02.sns
  000000003989e795 1024       EN_Nadia_J_Nakrun04.sns
  000000003989ecb5 1024       EN_Nadia_J_VJump01.sns
  000000003989f1d5 1024       EN_Nadia_J_Runaway01.sns
  000000003989f6f5 1024       EN_Nadia_J_VHit02.sns
  000000003989fc15 1024       EN_Nadia_J_Runaway02.sns
  00000000398a0135 1024       EN_Nadia_J_VHit01.sns
  00000000398a0655 1024       EN_Nadia_J_Runaway03.sns
  00000000398a0b75 1024       EN_Nadia_J_VExplode02.sns
  00000000398a1095 1024       EN_Nadia_J_Runaway04.sns
  00000000398a15b5 1024       EN_Nadia_J_VExplode01.sns
  00000000398a1ad5 1024       EN_Nadia_J_Suspicious01.sns
  00000000398a1ff5 1024       EN_Nadia_J_Suspicious02.sns
  00000000398a2515 1024       EN_Nadia_A_VScript01.sns
  00000000398a2a35 1024       EN_Nadia_A_VScript02.sns
  00000000398a2f55 1024       EN_Nadia_A_VRunaway04.sns
  00000000398a3475 1024       EN_Nadia_A_Baahed01.sns
  00000000398a3995 1024       EN_Nadia_A_VRunaway03.sns
  00000000398a3eb5 1024       EN_Nadia_A_Baahed02.sns
  00000000398a43d5 1024       EN_Nadia_A_VRunaway02.sns
  00000000398a48f5 1024       EN_Nadia_A_VRunaway01.sns
  00000000398a4e15 1024       EN_Nadia_A_Nakhide01.sns
  00000000398a5335 1024       EN_Nadia_A_VRun04.sns
  00000000398a5855 1024       EN_Nadia_A_Nakhide02.sns
  00000000398a5d75 1024       EN_Nadia_A_VRun03.sns
  00000000398a6295 1024       EN_Nadia_A_Nakrun01.sns
  00000000398a67b5 1024       EN_Nadia_A_VRun02.sns
  00000000398a6cd5 1024       EN_Nadia_A_Nakrun02.sns
  00000000398a71f5 1024       EN_Nadia_A_VRun01.sns
  00000000398a7715 1024       EN_Nadia_A_Nakrun03.sns
  00000000398a7c35 1024       EN_Nadia_A_VJump02.sns
  00000000398a8155 1024       EN_Nadia_A_Nakrun04.sns
  00000000398a8675 1024       EN_Nadia_A_VJump01.sns
  00000000398a8b95 1024       EN_Nadia_A_Runaway01.sns
  00000000398a90b5 1024       EN_Nadia_A_VHit02.sns
  00000000398a95d5 1024       EN_Nadia_A_Runaway02.sns
  00000000398a9af5 1024       EN_Nadia_A_VHit01.sns
  00000000398aa015 1024       EN_Nadia_A_Runaway03.sns
  00000000398aa535 1024       EN_Nadia_A_VExplode02.sns
  00000000398aaa55 1024       EN_Nadia_A_Runaway04.sns
  00000000398aaf75 1024       EN_Nadia_A_VExplode01.sns
  00000000398ab495 1024       EN_Nadia_A_Suspicious01.sns
  00000000398ab9b5 1024       EN_Nadia_A_Suspicious02.sns
  00000000398abed5 1024       EN_Man_infectious_FLY11.sns
  00000000398ac3f5 1024       EN_Man_infectious_FLY12.sns
  00000000398ac915 1024       EN_Man_infectious_FLY13.sns
  00000000398ace35 1024       EN_Man_infectious_FLY15.sns
  00000000398ad355 1024       EN_Man_infectious_WALK06.sns
  00000000398ad875 1024       EN_Man_infectious_WALK07_ALT01.sns
  00000000398add95 1024       EN_Man_infectious_WALK05.sns
  00000000398ae2b5 1024       EN_Man_infectious_WALK04.sns
  00000000398ae7d5 1024       EN_Man_infectious_FLY10.sns
  00000000398aecf5 1024       EN_Man_infectious_FLY07.sns
  00000000398af215 1024       EN_Man_infectious_FLY06.sns
  00000000398af735 1024       EN_Man_infectious_FLY05.sns
  00000000398afc55 1024       EN_man_infectious_cough08.sns
  00000000398b0175 1024       EN_man_infectious_cough07.sns
  00000000398b0695 1024       EN_man_infectious_cough06.sns
  00000000398b0bb5 1024       EN_man_infectious_cough05.sns
  00000000398b10d5 1024       EN_Man_infectious_Cough03.sns
  00000000398b15f5 1024       EN_Man_infectious_Cough02.sns
  00000000398b1b15 1024       EN_Man_infectious_Cough04.sns
  00000000398b2035 1024       EN_Man_infectious_Cough01.sns
  00000000398b2555 1024       EN_Man_infectious_FLY01.sns
  00000000398b2a75 1024       EN_Man_infectious_FLY02.sns
  00000000398b2f95 1024       EN_Man_infectious_FLY03.sns
  00000000398b34b5 1024       EN_Man_infectious_FLY04.sns
  00000000398b39d5 1024       EN_Man_infectious_QUIET01.sns
  00000000398b3ef5 1024       EN_Man_infectious_QUIET02.sns
  00000000398b4415 1024       EN_Man_infectious_WALK01.sns
  00000000398b4935 1024       EN_Man_infectious_WALK02.sns
  00000000398b4e55 1024       EN_Man_infectious_WALK03.sns
  00000000398b5375 1024       EN_Jamel_J_Vrunaway01.sns
  00000000398b5895 1024       EN_Jamel_J_Vrunaway02.sns
  00000000398b5db5 1024       EN_Jamel_J_Vrun04.sns
  00000000398b62d5 1024       EN_Jamel_J_Vrunaway03.sns
  00000000398b67f5 1024       EN_Jamel_J_Vscript02.sns
  00000000398b6d15 1024       EN_Jamel_J_Vreactor03.sns
  00000000398b7235 1024       EN_Jamel_J_Baahed01.sns
  00000000398b7755 1024       EN_Jamel_J_Vreactor02.sns
  00000000398b7c75 1024       EN_Jamel_J_Baahed02.sns
  00000000398b8195 1024       EN_Jamel_J_Vreactor01.sns
  00000000398b86b5 1024       EN_Jamel_J_Vjump02.sns
  00000000398b8bd5 1024       EN_Jamel_J_Nakhide01.sns
  00000000398b90f5 1024       EN_Jamel_J_Nakhide02.sns
  00000000398b9615 1024       EN_Jamel_J_Vhit02.sns
  00000000398b9b35 1024       EN_Jamel_J_Vhit01.sns
  00000000398ba055 1024       EN_Jamel_J_Nakrun02.sns
  00000000398ba575 1024       EN_Jamel_J_Vexplode02.sns
  00000000398baa95 1024       EN_Jamel_J_Nakrun03.sns
  00000000398bafb5 1024       EN_Jamel_J_Vexplode01.sns
  00000000398bb4d5 1024       EN_Jamel_J_Nakrun04.sns
  00000000398bb9f5 1024       EN_Jamel_J_reactor01.sns
  00000000398bbf15 1024       EN_Jamel_J_reactor02.sns
  00000000398bc435 1024       EN_Jamel_J_reactor03.sns
  00000000398bc955 1024       EN_Jamel_J_Runaway01.sns
  00000000398bce75 1024       EN_Jamel_J_Runaway02.sns
  00000000398bd395 1024       EN_Jamel_J_Suspicious02.sns
  00000000398bd8b5 1024       EN_Jamel_J_Runaway03.sns
  00000000398bddd5 1024       EN_Jamel_J_Suspicious01.sns
  00000000398be2f5 1024       EN_Jamel_J_Runaway04.sns
  00000000398be815 1024       EN_Jamel_A_VScript02.sns
  00000000398bed35 1024       EN_Jamel_A_VRun04.sns
  00000000398bf255 1024       EN_Jamel_A_VRunaway01.sns
  00000000398bf775 1024       EN_Jamel_A_VRunaway02.sns
  00000000398bfc95 1024       EN_Jamel_A_VRunaway03.sns
  00000000398c01b5 1024       EN_Jamel_A_VRunaway04.sns
  00000000398c06d5 1024       EN_Jamel_A_VScript01.sns
  00000000398c0bf5 1024       EN_Jamel_A_VHit02.sns
  00000000398c1115 1024       EN_Jamel_A_VJump01.sns
  00000000398c1635 1024       EN_Jamel_A_VJump02.sns
  00000000398c1b55 1024       EN_Jamel_A_VRun01.sns
  00000000398c2075 1024       EN_Jamel_A_VRun02.sns
  00000000398c2595 1024       EN_Jamel_A_VRun03.sns
  00000000398c2ab5 1024       EN_Jamel_A_VExplode01.sns
  00000000398c2fd5 1024       EN_Jamel_A_VExplode02.sns
  00000000398c34f5 1024       EN_Jamel_A_VHit01.sns
  00000000398c3a15 1024       EN_Jamel_A_Baahed02.sns
  00000000398c3f35 1024       EN_Jamel_A_Baahed01.sns
  00000000398c4455 1024       EN_Jamel_A_Runaway04.sns
  00000000398c4975 1024       EN_Jamel_A_Suspicious01.sns
  00000000398c4e95 1024       EN_Jamel_A_Nakhide02.sns
  00000000398c53b5 1024       EN_Jamel_A_Nakhide01.sns
  00000000398c58d5 1024       EN_Jamel_A_Suspicious02.sns
  00000000398c5df5 1024       EN_Jamel_A_Runaway03.sns
  00000000398c6315 1024       EN_Jamel_A_Nakrun01.sns
  00000000398c6835 1024       EN_Jamel_A_Runaway02.sns
  00000000398c6d55 1024       EN_Jamel_A_Nakrun02.sns
  00000000398c7275 1024       EN_Jamel_A_Nakrun03.sns
  00000000398c7795 1024       EN_Jamel_A_Runaway01.sns
  00000000398c7cb5 1024       EN_Jamel_A_Nakrun04.sns
  00000000398c81d5 1024       EN_Gardener_Runaway02.sns
  00000000398c86f5 1024       EN_Gardener_Runaway03.sns
  00000000398c8c15 1024       EN_Gardener_Runaway04.sns
  00000000398c9135 1024       EN_Gardener_Suspicious01.sns
  00000000398c9655 1024       EN_Gardener_Suspicious02.sns
  00000000398c9b75 1024       EN_Gardener_Nakhide01.sns
  00000000398ca095 1024       EN_Gardener_Nakhide02.sns
  00000000398ca5b5 1024       EN_Gardener_Nakrun01.sns
  00000000398caad5 1024       EN_Gardener_Nakrun02.sns
  00000000398caff5 1024       EN_Gardener_Nakrun03.sns
  00000000398cb515 1024       EN_Gardener_Nakrun04.sns
  00000000398cba35 1024       EN_Gardener_Runaway01.sns
  00000000398cbf55 1024       EN_Gardener_Baahed01.sns
  00000000398cc475 1024       EN_Gardener_Baahed02.sns
  00000000398cc995 1024       EN_Francois_V_VScript01.sns
  00000000398cceb5 1024       EN_Francois_V_VScript02.sns
  00000000398cd3d5 1024       EN_Francois_V_VRunaway04.sns
  00000000398cd8f5 1024       EN_Francois_V_Baahed01.sns
  00000000398cde15 1024       EN_Francois_V_VRunaway03.sns
  00000000398ce335 1024       EN_Francois_V_Baahed02.sns
  00000000398ce855 1024       EN_Francois_V_VRunaway02.sns
  00000000398ced75 1024       EN_Francois_V_VRunaway01.sns
  00000000398cf295 1024       EN_Francois_V_Nakhide01.sns
  00000000398cf7b5 1024       EN_Francois_V_VRun04.sns
  00000000398cfcd5 1024       EN_Francois_V_Nakhide02.sns
  00000000398d01f5 1024       EN_Francois_V_VRun03.sns
  00000000398d0715 1024       EN_Francois_V_Nakrun01.sns
  00000000398d0c35 1024       EN_Francois_V_VRun02.sns
  00000000398d1155 1024       EN_Francois_V_Nakrun02.sns
  00000000398d1675 1024       EN_Francois_V_VRun01.sns
  00000000398d1b95 1024       EN_Francois_V_Nakrun03.sns
  00000000398d20b5 1024       EN_Francois_V_VJump02.sns
  00000000398d25d5 1024       EN_Francois_V_Nakrun04.sns
  00000000398d2af5 1024       EN_Francois_V_VJump01.sns
  00000000398d3015 1024       EN_Francois_V_Runaway01.sns
  00000000398d3535 1024       EN_Francois_V_VHit02.sns
  00000000398d3a55 1024       EN_Francois_V_Runaway02.sns
  00000000398d3f75 1024       EN_Francois_V_VHit01.sns
  00000000398d4495 1024       EN_Francois_V_Runaway03.sns
  00000000398d49b5 1024       EN_Francois_V_VExplode02.sns
  00000000398d4ed5 1024       EN_Francois_V_Runaway04.sns
  00000000398d53f5 1024       EN_Francois_V_VExplode01.sns
  00000000398d5915 1024       EN_Francois_V_Suspicious01.sns
  00000000398d5e35 1024       EN_Francois_V_Suspicious02.sns
  00000000398d6355 1024       EN_Francois_J_Vrunaway02.sns
  00000000398d6875 1024       EN_Francois_J_Vrunaway03.sns
  00000000398d6d95 1024       EN_Francois_J_Vrunaway01.sns
  00000000398d72b5 1024       EN_Francois_J_Vrunaway04.sns
  00000000398d77d5 1024       EN_Francois_J_Vrun04.sns
  00000000398d7cf5 1024       EN_Francois_J_Vscript01.sns
  00000000398d8215 1024       EN_Francois_J_Vrun03.sns
  00000000398d8735 1024       EN_Francois_J_Vscript02.sns
  00000000398d8c55 1024       EN_Francois_J_Vrun02.sns
  00000000398d9175 1024       EN_Francois_J_Baahed01.sns
  00000000398d9695 1024       EN_Francois_J_Vrun01.sns
  00000000398d9bb5 1024       EN_Francois_J_Baahed02.sns
  00000000398da0d5 1024       EN_Francois_J_Vjump02.sns
  00000000398da5f5 1024       EN_Francois_J_Vjump01.sns
  00000000398dab15 1024       EN_Francois_J_NakHide01.sns
  00000000398db035 1024       EN_Francois_J_Vhit02.sns
  00000000398db555 1024       EN_Francois_J_NakHide02.sns
  00000000398dba75 1024       EN_Francois_J_Vhit01.sns
  00000000398dbf95 1024       EN_Francois_J_NakRun01.sns
  00000000398dc4b5 1024       EN_Francois_J_Vexplode02.sns
  00000000398dc9d5 1024       EN_Francois_J_NakRun02.sns
  00000000398dcef5 1024       EN_Francois_J_Vexplode01.sns
  00000000398dd415 1024       EN_Francois_J_NakRun03.sns
  00000000398dd935 1024       EN_Francois_J_NakRun04.sns
  00000000398dde55 1024       EN_Francois_J_Runaway01.sns
  00000000398de375 1024       EN_Francois_J_Runaway02.sns
  00000000398de895 1024       EN_Francois_J_Runaway03.sns
  00000000398dedb5 1024       EN_Francois_J_Runaway04.sns
  00000000398df2d5 1024       EN_Francois_J_Suspicious02.sns
  00000000398df7f5 1024       EN_Francois_J_Suspicious01.sns
  00000000398dfd15 1024       EN_Francois_A_Baahed02.sns
  00000000398e0235 1024       EN_Francois_A_Baahed01.sns
  00000000398e0755 1024       EN_Francois_A_Nakrun03.sns
  00000000398e0c75 1024       EN_Francois_A_Nakrun02.sns
  00000000398e1195 1024       EN_Francois_A_Nakrun01.sns
  00000000398e16b5 1024       EN_Francois_A_Nakhide02.sns
  00000000398e1bd5 1024       EN_Francois_A_Nakhide01.sns
  00000000398e20f5 1024       EN_Francois_A_Runaway02.sns
  00000000398e2615 1024       EN_Francois_A_Runaway01.sns
  00000000398e2b35 1024       EN_Francois_A_reactor03.sns
  00000000398e3055 1024       EN_Francois_A_reactor02.sns
  00000000398e3575 1024       EN_Francois_A_reactor01.sns
  00000000398e3a95 1024       EN_Francois_A_Nakrun04.sns
  00000000398e3fb5 1024       EN_Francois_A_Suspicious01.sns
  00000000398e44d5 1024       EN_Francois_A_Runaway04.sns
  00000000398e49f5 1024       EN_Francois_A_Runaway03.sns
  00000000398e4f15 1024       EN_Francois_A_Suspicious02.sns
  00000000398e5435 1024       EN_Francois_A_Vhit01.sns
  00000000398e5955 1024       EN_Francois_A_Vexplode02.sns
  00000000398e5e75 1024       EN_Francois_A_Vexplode01.sns
  00000000398e6395 1024       EN_Francois_A_Vreactor03.sns
  00000000398e68b5 1024       EN_Francois_A_Vreactor02.sns
  00000000398e6dd5 1024       EN_Francois_A_Vreactor01.sns
  00000000398e72f5 1024       EN_Francois_A_Vjump02.sns
  00000000398e7815 1024       EN_Francois_A_Vjump01.sns
  00000000398e7d35 1024       EN_Francois_A_Vhit02.sns
  00000000398e8255 1024       EN_Francois_A_Vrun04.sns
  00000000398e8775 1024       EN_Francois_A_Vrun03.sns
  00000000398e8c95 1024       EN_Francois_A_Vrun02.sns
  00000000398e91b5 1024       EN_Francois_A_Vrun01.sns
  00000000398e96d5 1024       EN_Francois_A_Vscript01.sns
  00000000398e9bf5 1024       EN_Francois_A_Vrunaway04.sns
  00000000398ea115 1024       EN_Francois_A_Vrunaway03.sns
  00000000398ea635 1024       EN_Francois_A_Vrunaway02.sns
  00000000398eab55 1024       EN_Francois_A_Vrunaway01.sns
  00000000398eb075 1024       EN_Francois_A_Vscript02.sns
  00000000398eb595 1024       EN_Employee2_Runaway04.sns
  00000000398ebab5 1024       EN_Employee2_Nakhide02.sns
  00000000398ebfd5 1024       EN_Employee2_Runaway03.sns
  00000000398ec4f5 1024       EN_Employee2_Suspicious01.sns
  00000000398eca15 1024       EN_Employee2_Runaway02.sns
  00000000398ecf35 1024       EN_Employee2_Suspicious02.sns
  00000000398ed455 1024       EN_Employee2_Runaway01.sns
  00000000398ed975 1024       EN_Employee2_Baahed01.sns
  00000000398ede95 1024       EN_Employee2_Nakrun04.sns
  00000000398ee3b5 1024       EN_Employee2_Baahed02.sns
  00000000398ee8d5 1024       EN_Employee2_Nakrun03.sns
  00000000398eedf5 1024       EN_Employee2_Nakrun02.sns
  00000000398ef315 1024       EN_Employee2_Nakhide01.sns
  00000000398ef835 1024       EN_Employee2_Nakrun01.sns
  00000000398efd55 1024       EN_Chuck_A_NuclearStation_D6_Hlp11.sns
  00000000398f0275 1024       EN_Chuck_A_NuclearStation_D6_Hlp06.sns
  00000000398f0795 1024       EN_Chuck_A_NuclearStation_D6_Hlp12.sns
  00000000398f0cb5 1024       EN_Chuck_A_NuclearStation_D6_Hlp02.sns
  00000000398f11d5 1024       EN_Chuck_A_NuclearStation_D6_Hlp10.sns
  00000000398f16f5 1024       EN_Chuck_A_NuclearStation_D6_Hlp03.sns
  00000000398f1c15 1024       EN_Chuck_A_NuclearStation_D6_Hlp09.sns
  00000000398f2135 1024       EN_Chuck_A_NuclearStation_D6_Hlp04.sns
  00000000398f2655 1024       EN_Chuck_A_NuclearStation_D6_Hlp08.sns
  00000000398f2b75 1024       EN_Chuck_A_NuclearStation_D6_Hlp13.sns
  00000000398f3095 1024       EN_Chuck_A_NuclearStation_D6_Hlp01.sns
  00000000398f35b5 1024       EN_Chuck_A_NuclearStation_D6_Hlp07.sns
  00000000398f3ad5 1024       EN_Chuck_A_NuclearStation_D6_Hlp05.sns
  00000000398f3ff5 1024       EN_Kioskwoman_Supermarket01_ALT 2.sns
  00000000398f4515 1024       EN_Kioskwoman_Supermarket02_ALT.sns
  00000000398f4a35 1024       EN_Kioskwoman_Supermarket03_ALT.sns
  00000000398f4f55 1024       EN_Kioskwoman_Supermarket04_ALT.sns
  00000000398f5475 1024       EN_Kioskwoman_Supermarket05_ALT 2.sns
  00000000398f5995 1024       EN_Kioskwoman_Supermarket06.sns
  00000000398f5eb5 1024       EN_Kioskwoman_Supermarket07_ALT.sns
  00000000398f63d5 1024       EN_Betty_call03.sns
  00000000398f68f5 1024       EN_Betty_call02_ALT.sns
  00000000398f6e15 1024       EN_Kioskwoman_Supermarket08_ALT.sns
  00000000398f7335 1024       EN_Kioskwoman_Supermarket09.sns
  00000000398f7855 1024       EN_Betty_call01.sns
  00000000398f7d75 1024       EN_Kioskwoman_Supermarket10_ALT.sns
  00000000398f8295 1024       EN_Kioskwoman_Supermarket11.sns
  00000000398f87b5 1024       EN_Kioskwoman_Supermarket12.sns
  00000000398f8cd5 1024       EN_Kioskwoman_Supermarket_B1_CI01_ALT.sns
  00000000398f91f5 1024       EN_Kioskwoman_Supermarket_B1_CI02_ALT 3.sns
  00000000398f9715 1024       EN_Kioskwoman_Supermarket_B1_CI03.sns
  00000000398f9c35 1024       EN_Kioskwoman_Supermarket_B1_CI04.sns
  00000000398fa155 1024       EN_Steward_C8_plane05.sns
  00000000398fa675 1024       EN_Steward_C8_plane04.sns
  00000000398fab95 1024       EN_Speaker_Baltimore122.sns
  00000000398fb0b5 1024       EN_Steward_C8_plane03_ALT01.sns
  00000000398fb5d5 1024       EN_Speaker_Baltimore15.sns
  00000000398fbaf5 1024       EN_Steward_C8_plane02.sns
  00000000398fc015 1024       EN_Steward_C8_plane01_ALT01.sns
  00000000398fc535 1024       EN_Speaker_Baltimore16.sns
  00000000398fca55 1024       EN_Speaker_Baltimore17.sns
  00000000398fcf75 1024       EN_Speaker_Baltimore18.sns
  00000000398fd495 1024       EN_Speaker_Baltimore19.sns
  00000000398fd9b5 1024       EN_SpeakerControlTower04.sns
  00000000398fded5 1024       EN_SpeakerControlTower03.sns
  00000000398fe3f5 1024       EN_SpeakerControlTower02.sns
  00000000398fe915 1024       EN_SpeakerControlTower01.sns
  00000000398fee35 1024       EN_Speaker_Pilote_C8_plane06.sns
  00000000398ff355 1024       EN_Speaker_Pilote_C8_plane05.sns
  00000000398ff875 1024       EN_Speaker_Pilote_C8_plane04.sns
  00000000398ffd95 1024       EN_Speaker_Pilote_C8_plane03.sns
  00000000399002b5 1024       EN_speaker_Factory12.sns
  00000000399007d5 1024       EN_speaker_Factory11.sns
  0000000039900cf5 1024       EN_speaker_Factory10.sns
  0000000039901215 1024       EN_speaker_Factory09.sns
  0000000039901735 1024       EN_speaker_Factory08.sns
  0000000039901c55 1024       EN_speaker_Factory07.sns
  0000000039902175 1024       EN_speaker_Factory06_ALT.sns
  0000000039902695 1024       EN_speaker_Factory05_ALT 2.sns
  0000000039902bb5 1024       EN_speaker_Factory04.sns
  00000000399030d5 1024       EN_speaker_Factory03.sns
  00000000399035f5 1024       EN_speaker_Factory02.sns
  0000000039903b15 1024       EN_speaker_Factory01.sns
  0000000039904035 1024       EN_SpeakerLasvegas11.sns
  0000000039904555 1024       EN_SpeakerLasvegas10.sns
  0000000039904a75 1024       EN_SpeakerLasvegas09.sns
  0000000039904f95 1024       EN_SpeakerLasvegas08.sns
  00000000399054b5 1024       EN_SpeakerLasvegas07_ALT 2.sns
  00000000399059d5 1024       EN_SpeakerLasvegas06.sns
  0000000039905ef5 1024       EN_SpeakerLasvegas05.sns
  0000000039906415 1024       EN_SpeakerLasvegas04.sns
  0000000039906935 1024       EN_SpeakerLasvegas03.sns
  0000000039906e55 1024       EN_SpeakerLasvegas02.sns
  0000000039907375 1024       EN_SpeakerLasvegas01.sns
  0000000039907895 1024       EN_Speaker_NuclearStation_Door02.sns
  0000000039907db5 1024       EN_Speaker_NuclearStation_Door01.sns
  00000000399082d5 1024       EN_Speaker_NuclearStation_Alert3.sns
  00000000399087f5 1024       EN_Speaker_NuclearStation_Alert2.sns
  0000000039908d15 1024       EN_Speaker_NuclearStation_Alert1.sns
  0000000039909235 1024       EN_Speaker_NuclearStation11.sns
  0000000039909755 1024       EN_Speaker_NuclearStation10.sns
  0000000039909c75 1024       EN_Speaker_NuclearStation09_ALT 1.sns
  000000003990a195 1024       EN_Speaker_NuclearStation08_ALT.sns
  000000003990a6b5 1024       EN_Speaker_NuclearStation07.sns
  000000003990abd5 1024       EN_Speaker_NuclearStation06.sns
  000000003990b0f5 1024       EN_Speaker_NuclearStation05.sns
  000000003990b615 1024       EN_Speaker_NuclearStation04.sns
  000000003990bb35 1024       EN_Speaker_NuclearStation03.sns
  000000003990c055 1024       EN_Speaker_NuclearStation02.sns
  000000003990c575 1024       EN_Speaker_NuclearStation01.sns
  000000003990ca95 1024       EN_Speaker_Yard12.sns
  000000003990cfb5 1024       EN_Speaker_Yard11.sns
  000000003990d4d5 1024       EN_Speaker_Yard10.sns
  000000003990d9f5 1024       EN_Speaker_Yard09.sns
  000000003990df15 1024       EN_Speaker_Yard08.sns
  000000003990e435 1024       EN_Speaker_Yard07.sns
  000000003990e955 1024       EN_Speaker_Yard06.sns
  000000003990ee75 1024       EN_Speaker_Yard05.sns
  000000003990f395 1024       EN_Speaker_Yard04.sns
  000000003990f8b5 1024       EN_Speaker_Yard03.sns
  000000003990fdd5 1024       EN_Speaker_Yard02.sns
  00000000399102f5 1024       EN_Speaker_Yard01_ALT.sns
  0000000039910815 1024       EN_Man_infectious_call01.sns
  0000000039910d35 1024       EN_Man_infectious_call02.sns
  0000000039911255 1024       EN_Man_infectious_call03.sns
  0000000039911775 1024       EN_Dogwoman_introB7_CI1_04.sns
  0000000039911c95 1024       EN_Dogwoman_introB7_CI1_05.sns
  00000000399121b5 1024       EN_Dogwoman_introB7_CI1_07.sns
  00000000399126d5 1024       EN_Peignoirman_introB7_CI1_06.sns
  0000000039912bf5 1024       EN_francois_J_plane_C5_CI02.sns
  0000000039913115 1024       EN_Charles_henri_V_C3_CI01_02.sns
  0000000039913635 1024       EN_Charles_henri_V_C3_CI01_08.sns
  0000000039913b55 1024       EN_BossHlp_End01.sns
  0000000039914075 1024       EN_BossHlp_End02.sns
  0000000039914595 1024       EN_Speaker_Pilote_C5_plane02.sns
  0000000039914ab5 1024       EN_Speaker_Pilote_C5_plane01.sns
  0000000039914fd5 1024       EN_Speaker_Compagny_Boss07.sns
  00000000399154f5 1024       EN_Boss_End03.sns
  0000000039915a15 1024       EN_Boss_End05.sns
  0000000039915f35 1024       EN_Boss_End04.sns
  0000000039916455 1024       EN_Betty_E6_CI.sns
  0000000039916975 1024       EN_Betty_D5_CI04_03.sns
  0000000039916e95 1024       EN_Betty_D5_CI04_01.sns
  00000000399173b5 1024       EN_Betty_D5_CI03_04.sns
  00000000399178d5 1024       EN_Betty_D5_CI03_02.sns
  0000000039917df5 1024       EN_Betty_D5_CI02_02.sns
  0000000039918315 1024       EN_Betty_D5_CI01_01.sns
  0000000039918835 1024       EN_man_infectious_D5_CI04_04.sns
  0000000039918d55 1024       EN_man_infectious_D5_CI04_02.sns
  0000000039919275 1024       EN_man_infectious_D5_CI03_03.sns
  0000000039919795 1024       EN_man_infectious_D5_CI03_01.sns
  0000000039919cb5 1024       EN_man_infectious_D5_CI02_03.sns
  000000003991a1d5 1024       EN_man_infectious_D5_CI02_01.sns
  000000003991a6f5 1024       EN_man_infectious_D5_CI01_02.sns
  000000003991ac15 1024       EN_Man_infectious_B5_CI02_00.sns
  000000003991b135 1024       EN_Speaker_Airport_C5_CI_01.sns
  000000003991b655 1024       EN_Speaker_tarmac_hang_13.sns
  000000003991bb75 1024       EN_Speaker_tarmac_hang_09.sns
  000000003991c095 1024       EN_Speaker_tarmac_hang_10.sns
  000000003991c5b5 1024       EN_Speaker_tarmac_hang_11.sns
  000000003991cad5 1024       EN_Speaker_tarmac_hang_12.sns
  000000003991cff5 1024       EN_Speaker_tarmac_hang_04.sns
  000000003991d515 1024       EN_Speaker_tarmac_hang_05.sns
  000000003991da35 1024       EN_Speaker_tarmac_hang_07.sns
  000000003991df55 1024       EN_Speaker_tarmac_hang_08.sns
  000000003991e475 1024       EN_Speaker_tarmac_hang_01.sns
  000000003991e995 1024       EN_Speaker_tarmac_hang_02.sns
  000000003991eeb5 1024       EN_Speaker_tarmac_hang_03.sns
  000000003991f3d5 1024       EN_Speaker_Airport_05.sns
  000000003991f8f5 1024       EN_Speaker_Airport_06.sns
  000000003991fe15 1024       EN_Speaker_Airport_07.sns
  0000000039920335 1024       EN_Speaker_Airport_08.sns
  0000000039920855 1024       EN_Speaker_Airport_09.sns
  0000000039920d75 1024       EN_Speaker_Airport_10.sns
  0000000039921295 1024       EN_Speaker_Airport_01.sns
  00000000399217b5 1024       EN_Speaker_Airport_02.sns
  0000000039921cd5 1024       EN_Speaker_Airport_03.sns
  00000000399221f5 1024       EN_Speaker_Airport_04.sns
  0000000039922715 1024       EN_Speaker_Hospital_Intruders02.sns
  0000000039922c35 1024       EN_Speaker_Hospital_Intruders03.sns
  0000000039923155 1024       EN_Speaker_Hospital_Intruders04.sns
  0000000039923675 1024       EN_Speaker_Hospital_Hygiene01.sns
  0000000039923b95 1024       EN_Speaker_Hospital_Hygiene02.sns
  00000000399240b5 1024       EN_Speaker_Hospital_Hygiene03.sns
  00000000399245d5 1024       EN_Speaker_Hospital_Hygiene04.sns
  0000000039924af5 1024       EN_Speaker_Hospital_Intruders01.sns
  0000000039925015 1024       EN_Speaker_Compagny_Work02.sns
  0000000039925535 1024       EN_Speaker_Compagny_Work03.sns
  0000000039925a55 1024       EN_Speaker_Compagny_Work04.sns
  0000000039925f75 1024       EN_Speaker_Compagny_Work05.sns
  0000000039926495 1024       EN_Speaker_Compagny_Work01.sns
  00000000399269b5 1024       EN_Speaker_Compagny_Welcome02.sns
  0000000039926ed5 1024       EN_Speaker_Compagny_Welcome03.sns
  00000000399273f5 1024       EN_Speaker_Compagny_Welcome04.sns
  0000000039927915 1024       EN_Speaker_Compagny_Welcome05.sns
  0000000039927e35 1024       EN_Speaker_Compagny_Welcome01.sns
  0000000039928355 1024       EN_Speaker_Baltimore11.sns
  0000000039928875 1024       EN_Speaker_Baltimore13.sns
  0000000039928d95 1024       EN_Speaker_Baltimore14.sns
  00000000399292b5 1024       EN_Speaker_Baltimore07.sns
  00000000399297d5 1024       EN_Speaker_Baltimore08.sns
  0000000039929cf5 1024       EN_Speaker_Baltimore09.sns
  000000003992a215 1024       EN_Speaker_Baltimore10.sns
  000000003992a735 1024       EN_Speaker_Baltimore02.sns
  000000003992ac55 1024       EN_Speaker_Baltimore03.sns
  000000003992b175 1024       EN_Speaker_Baltimore04.sns
  000000003992b695 1024       EN_Speaker_Baltimore05.sns
  000000003992bbb5 1024       EN_Speaker_Baltimore06.sns
  000000003992c0d5 1024       EN_Speaker_Baltimore01.sns
  000000003992c5f5 1024       EN_Man_infectious_B3_CI01_02.sns
  000000003992cb15 1024       EN_Man_infectious_B3_CI02_01.sns
  000000003992d035 1024       EN_Man_infectious_B3_CI02_03.sns
  000000003992d555 1024       EN_Man_infectious_B3_CI02_05.sns
  000000003992da75 1024       EN_Man_infectious_B5_CI02_01.sns
  000000003992df95 1024       EN_Man_infectious_B5_CI02_02.sns
  000000003992e4b5 1024       EN_Chuck_J_Airport_CI_04.sns
  000000003992e9d5 1024       EN_Segolene_J_C3_CI02_04.sns
  000000003992eef5 1024       EN_Segolene_J_C3_CI02_02.sns
  000000003992f415 1024       EN_Segolene_J_C3_CI01_06.sns
  000000003992f935 1024       EN_Segolene_J_C3_CI01_01.sns
  000000003992fe55 1024       EN_Barak_A_plane_C5_CI01.sns
  0000000039930375 1024       EN_Charles_henri_J_Airport_CI_C5_02.sns
  0000000039930895 1024       EN_Chuck_J_C3_CI02_03.sns
  0000000039930db5 1024       EN_Chuck_J_C3_CI02_01.sns
  00000000399312d5 1024       EN_CharlesHenri_J_B5_CI01_01.sns
  00000000399317f5 1024       EN_Chuck_J_C3_CI01_09.sns
  0000000039931d15 1024       EN_CharlesHenri_J_B5_CI01_03.sns
  0000000039932235 1024       EN_Chuck_J_C3_CI01_07.sns
  0000000039932755 1024       EN_CharlesHenri_J_B5_CI01_05.sns
  0000000039932c75 1024       EN_Chuck_J_C3_CI01_03.sns
  0000000039933195 1024       EN_Speaker_hospital_B5_pass.sns
  00000000399336b5 1024       EN_Speaker_hospital_B3_CI01_01.sns
  0000000039933bd5 1024       EN_Speaker_Hospital_Hygiene09_ALT.sns
  00000000399340f5 1024       EN_Speaker_Hospital_Hygiene08.sns
  0000000039934615 1024       EN_Speaker_Hospital_Hygiene07.sns
  0000000039934b35 1024       EN_Speaker_Hospital_Hygiene06.sns
  0000000039935055 1024       EN_Speaker_Hospital_Hygiene05.sns
  0000000039935575 1024       EN_Speaker_Compagny_Work07.sns
  0000000039935a95 1024       EN_Speaker_Compagny_Work06.sns
  0000000039935fb5 1024       EN_Speaker_Compagny_B2_ CI1.sns
  00000000399364d5 1024       EN_Speaker_Compagny_Work10.sns
  00000000399369f5 1024       EN_Speaker_Compagny_Work09.sns
  0000000039936f15 1024       EN_Speaker_Compagny_Work08.sns
  0000000039937435 1024       EN_Speaker_Baltimore_cineintro.sns
  0000000039937955 1024       EN_Speaker_Baltimore_ hosp.sns
  0000000039937e75 1024       EN_Speaker_Baltimore_ cineentreprise.sns
  0000000039938395 1024       EN_Chuck_A_addon_04.sns
  00000000399388b5 1024       EN_Chuck_A_addon_05.sns
  0000000039938dd5 1024       EN_Chuck_V_ C7_CI01_01.sns
  00000000399392f5 1024       EN_Chuck_V_ C7_CI01_02.sns
  0000000039939815 1024       EN_Chuck_V_ C7_CI01_03.sns
  0000000039939d35 1024       EN_diver_introB7_CI1_03.sns
  000000003993a255 1024       EN_Dogwoman_introB7_CI1_11.sns
  000000003993a775 1024       EN_Dogwoman_introB7_CI2_04.sns
  000000003993ac95 1024       EN_Chuck_A_addon_06.sns
  000000003993b1b5 1024       EN_Chuck_A_addon_07.sns
  000000003993b6d5 1024       EN_Chuck_A_addon_08.sns
  000000003993bbf5 1024       EN_Chuck_A_addon_10.sns
  000000003993c115 1024       EN_Chuck_A_addon_11.sns
  000000003993c635 1024       EN_Chuck_A_addon_12.sns
  000000003993cb55 1024       EN_Chuck_A_B4_CI2.sns
  000000003993d075 1024       EN_Chuck_A_B4_CI3.sns
  000000003993d595 1024       EN_Chuck_A_B4_CI4.sns
  000000003993dab5 1024       EN_Charles_Henri_J_B4_CI7.sns
  000000003993dfd5 1024       EN_CharlesHenri_J_B5_pass.sns
  000000003993e4f5 1024       EN_Chuck_A_B4_CI5.sns
  000000003993ea15 1024       EN_Chuck_A_B4_CI7.sns
  000000003993ef35 1024       EN_Speaker_Compagny_door_timer_finish.sns
  000000003993f455 1024       EN_Speaker_Compagny_door_timer_hello.sns
  000000003993f975 1024       EN_Speaker_Compagny_door_timer_start.sns
  000000003993fe95 1024       EN_Raymonde_J_B4_CI6.sns
  00000000399403b5 1024       EN_Dogwoman_introB7_CI1_02.sns
  00000000399408d5 1024       EN_Dogwoman_introB7_CI1_10.sns
  0000000039940df5 1024       EN_Peignoirman_introB7_CI1_01.sns
  0000000039941315 1024       EN_Peignoirman_introB7_CI2_02.sns
  0000000039941835 1024       EN_Peignoirman_introB7_CI2_03.sns
  0000000039941d55 1024       EN_Chuck_A_addon_02.sns
  0000000039942275 1024       EN_Chuck_A_addon_03.sns
  0000000039942795 1024       EN_Speaker_Riviera_NoGoArea04b.sns
  0000000039942cb5 1024       EN_Speaker_Riviera_NoGoArea05b.sns
  00000000399431d5 1024       EN_Wedding_CI02.sns
  00000000399436f5 1024       EN_Speaker_Riviera_NoGoArea06b.sns
  0000000039943c15 1024       EN_CookerHlp_Hospital_B8_02.sns
  0000000039944135 1024       EN_Speaker_Riviera_NoGoArea07b.sns
  0000000039944655 1024       EN_CookerHlp_Hospital_B8_01.sns
  0000000039944b75 1024       EN_Speaker_Riviera_NoGoArea01b.sns
  0000000039945095 1024       EN_Speaker_Riviera_NoGoArea02b.sns
  00000000399455b5 1024       EN_Speaker_Riviera_NoGoArea03b.sns
  0000000039945ad5 1024       EN_Speaker_Compagny_Boss02.sns
  0000000039945ff5 1024       EN_Speaker_Compagny_Boss05.sns
  0000000039946515 1024       EN_Speaker_Compagny_Boss06.sns
  0000000039946a35 1024       EN_Speaker_Compagny_Boss04.sns
  0000000039946f55 1024       EN_Speaker_Compagny_Boss01.sns
  0000000039947475 1024       EN_Speaker_Compagny_Boss03.sns
  0000000039947995 1024       EN_Speaker_PickUp_Hamburger02.sns
  0000000039947eb5 1024       EN_Speaker_PickUp_Hamburger05.sns
  00000000399483d5 1024       EN_Speaker_PickUp_Hamburger06.sns
  00000000399488f5 1024       EN_Speaker_PickUp_Hamburger04.sns
  0000000039948e15 1024       EN_Speaker_PickUp_Hamburger01.sns
  0000000039949335 1024       EN_Speaker_PickUp_Hamburger03.sns
  0000000039949855 1024       EN_Wedding_CI01.sns
  0000000039949d75 1024       EN_Wedding_CI03.sns
  000000003994a295 1024       EN_Wedding_CI04.sns
  000000003994a7b5 1024       EN_Betty_B3_CI02_02.sns
  000000003994acd5 1024       EN_Betty_B3_CI01_01.sns
  000000003994b1f5 1024       EN_Betty_B3_CI02_06.sns
  000000003994b715 1024       EN_Betty_B3_CI02_04.sns
  000000003994bc35 1024       EN_BenedicteHlp_Answer01.sns
  000000003994c155 1024       EN_BenedicteHlp_Answer02.sns
  000000003994c675 1024       EN_BenedicteHlp_Answer03.sns
  000000003994cb95 1024       EN_BenedicteHlp_Answer04.sns
  000000003994d0b5 1024       EN_Barak_A_B5_CI01_02.sns
  000000003994d5d5 1024       EN_Barak_A_B5_CI01_04.sns
  000000003994daf5 1024       EN_Barak_A_B5_CI01_06.sns
  000000003994e015 1024       EN_Answering_machine.sns
  000000003994e515 1024       EN_Chuck_A_addon_09.sns
  000000003994ea35 1024       EN_Chuck_A_addon_01.sns
  000000003994ef55 1024       EN_Carla_A_VRunaway02.sns
  000000003994f475 1024       EN_Carla_A_VRunaway03.sns
  000000003994f995 1024       EN_Carla_A_VRunaway01.sns
  000000003994feb5 1024       EN_Carla_A_VRunaway04.sns
  00000000399503d5 1024       EN_Carla_A_VRun04.sns
  00000000399508f5 1024       EN_Carla_A_VScript01.sns
  0000000039950e15 1024       EN_Carla_A_VRun03.sns
  0000000039951335 1024       EN_Carla_A_VScript02.sns
  0000000039951855 1024       EN_Carla_A_VRun02.sns
  0000000039951d75 1024       EN_Carla_A_Baahed01.sns
  0000000039952295 1024       EN_Carla_A_VRun01.sns
  00000000399527b5 1024       EN_Carla_A_Baahed02.sns
  0000000039952cd5 1024       EN_Carla_A_VJump02.sns
  00000000399531f5 1024       EN_Carla_A_VJump01.sns
  0000000039953715 1024       EN_Carla_A_Nakhide01.sns
  0000000039953c35 1024       EN_Carla_A_VHit02.sns
  0000000039954155 1024       EN_Carla_A_Nakhide02.sns
  0000000039954675 1024       EN_Carla_A_VHit01.sns
  0000000039954b95 1024       EN_Carla_A_Nakrun01.sns
  00000000399550b5 1024       EN_Carla_A_VExplode02.sns
  00000000399555d5 1024       EN_Carla_A_Nakrun02.sns
  0000000039955af5 1024       EN_Carla_A_VExplode01.sns
  0000000039956015 1024       EN_Carla_A_Nakrun03.sns
  0000000039956535 1024       EN_Carla_A_Nakrun04.sns
  0000000039956a55 1024       EN_Carla_A_Runaway01.sns
  0000000039956f75 1024       EN_Carla_A_Runaway02.sns
  0000000039957495 1024       EN_Carla_A_Runaway03.sns
  00000000399579b5 1024       EN_Carla_A_Runaway04.sns
  0000000039957ed5 1024       EN_Carla_A_Suspicious02.sns
  00000000399583f5 1024       EN_Carla_A_Suspicious01.sns
  0000000039958915 1024       EN_Bed_man2_quiet_03.sns
  0000000039958e35 1024       EN_Bed_man2_jumped01.sns
  0000000039959355 1024       EN_Bed_man2_jumped02.sns
  0000000039959875 1024       EN_Bed_man2_jumped03.sns
  0000000039959d95 1024       EN_Bed_man2_quiet_01.sns
  000000003995a2b5 1024       EN_Bed_man2_quiet_02.sns
  000000003995a7d5 1024       EN_Bed_man1_quiet_01.sns
  000000003995acf5 1024       EN_Bed_man1_jumped_01.sns
  000000003995b215 1024       EN_Bed_man1_jumped_02.sns
  000000003995b735 1024       EN_Bed_man1_quiet_02.sns
  000000003995bc55 1024       EN_Bed_man1_jumped_03.sns
  000000003995c175 1024       EN_Bed_man1_quiet_03.sns
  000000003995c695 1024       EN_Barney_A_Baahed02.sns
  000000003995cbb5 1024       EN_Barney_A_Baahed01.sns
  000000003995d0d5 1024       EN_Barney_A_Nakhide01.sns
  000000003995d5f5 1024       EN_Barney_A_Nakrun01.sns
  000000003995db15 1024       EN_Barney_A_Nakrun02.sns
  000000003995e035 1024       EN_Barney_A_Nakrun03.sns
  000000003995e555 1024       EN_Barney_A_Nakrun04.sns
  000000003995ea75 1024       EN_Barney_A_Runaway01.sns
  000000003995ef95 1024       EN_Barney_A_Runaway03.sns
  000000003995f4b5 1024       EN_Barney_A_Runaway04.sns
  000000003995f9d5 1024       EN_Barney_A_Suspicious01.sns
  000000003995fef5 1024       EN_Barney_A_Suspicious02.sns
  0000000039960415 1024       EN_Barney_A_VExplode01.sns
  0000000039960935 1024       EN_Barney_A_VExplode02.sns
  0000000039960e55 1024       EN_Barney_A_VHit01.sns
  0000000039961375 1024       EN_Barney_A_VHit02.sns
  0000000039961895 1024       EN_Barney_A_VJump01.sns
  0000000039961db5 1024       EN_Barney_A_VJump02.sns
  00000000399622d5 1024       EN_Barney_A_VRun01.sns
  00000000399627f5 1024       EN_Barney_A_VRun02.sns
  0000000039962d15 1024       EN_Barney_A_VRun03.sns
  0000000039963235 1024       EN_Barney_A_VRun04.sns
  0000000039963755 1024       EN_Barney_A_VRunaway01.sns
  0000000039963c75 1024       EN_Barney_A_VRunaway02.sns
  0000000039964195 1024       EN_Barney_A_VRunaway03.sns
  00000000399646b5 1024       EN_Barney_A_VRunaway04.sns
  0000000039964bd5 1024       EN_Barney_A_VScript01.sns
  00000000399650f5 1024       EN_Barney_A_VScript02.sns
  0000000039965615 1024       EN_Barak_V_VScript02.sns
  0000000039965b35 1024       EN_Barak_V_VScript01.sns
  0000000039966055 1024       EN_Barak_V_VRunaway04.sns
  0000000039966575 1024       EN_Barak_V_VRunaway03.sns
  0000000039966a95 1024       EN_Barak_V_VRunaway02.sns
  0000000039966fb5 1024       EN_Barak_V_VRunaway01.sns
  00000000399674d5 1024       EN_Barak_V_VRun04.sns
  00000000399679f5 1024       EN_Barak_V_VRun03.sns
  0000000039967f15 1024       EN_Barak_V_VRun02.sns
  0000000039968435 1024       EN_Barak_V_VRun01.sns
  0000000039968955 1024       EN_Barak_V_VJump02.sns
  0000000039968e75 1024       EN_Barak_V_VJump01.sns
  0000000039969395 1024       EN_Barak_V_VHit02.sns
  00000000399698b5 1024       EN_Barak_V_VHit01.sns
  0000000039969dd5 1024       EN_Barak_V_VExplode02.sns
  000000003996a2f5 1024       EN_Barak_V_VExplode01.sns
  000000003996a815 1024       EN_Barak_V_Suspicious02.sns
  000000003996ad35 1024       EN_Barak_V_Suspicious01.sns
  000000003996b255 1024       EN_Barak_V_Runaway04.sns
  000000003996b775 1024       EN_Barak_V_Runaway03.sns
  000000003996bc95 1024       EN_Barak_V_Runaway02.sns
  000000003996c1b5 1024       EN_Barak_V_Runaway01.sns
  000000003996c6d5 1024       EN_Barak_V_NakRun04.sns
  000000003996cbf5 1024       EN_Barak_V_NakRun03.sns
  000000003996d115 1024       EN_Barak_V_NakRun02.sns
  000000003996d635 1024       EN_Barak_V_NakRun01.sns
  000000003996db55 1024       EN_Barak_V_NakHide02.sns
  000000003996e075 1024       EN_Barak_V_NakHide01.sns
  000000003996e595 1024       EN_Barak_V_Baahed02.sns
  000000003996eab5 1024       EN_Barak_V_Baahed01.sns
  000000003996efd5 1024       EN_Barak_J_VRunaway04.sns
  000000003996f4f5 1024       EN_Barak_J_Suspicious02.sns
  000000003996fa15 1024       EN_Barak_J_VRunaway03.sns
  000000003996ff35 1024       EN_Barak_J_VRunaway02.sns
  0000000039970455 1024       EN_Barak_J_VScript02.sns
  0000000039970975 1024       EN_Barak_J_VRunaway01.sns
  0000000039970e95 1024       EN_Barak_J_Baahed01.sns
  00000000399713b5 1024       EN_Barak_J_VRun04.sns
  00000000399718d5 1024       EN_Barak_J_Baahed02.sns
  0000000039971df5 1024       EN_Barak_J_VRun03.sns
  0000000039972315 1024       EN_Barak_J_VRun02.sns
  0000000039972835 1024       EN_Barak_J_Nakhide01.sns
  0000000039972d55 1024       EN_Barak_J_VRun01.sns
  0000000039973275 1024       EN_Barak_J_Nakhide02.sns
  0000000039973795 1024       EN_Barak_J_VJump02.sns
  0000000039973cb5 1024       EN_Barak_J_Nakrun01.sns
  00000000399741d5 1024       EN_Barak_J_VJump01.sns
  00000000399746f5 1024       EN_Barak_J_VHit02.sns
  0000000039974c15 1024       EN_Barak_J_Nakrun02.sns
  0000000039975135 1024       EN_Barak_J_VHit01.sns
  0000000039975655 1024       EN_Barak_J_Nakrun03.sns
  0000000039975b75 1024       EN_Barak_J_VExplode02.sns
  0000000039976095 1024       EN_Barak_J_Nakrun04.sns
  00000000399765b5 1024       EN_Barak_J_VExplode01.sns
  0000000039976ad5 1024       EN_Barak_J_Runaway01.sns
  0000000039976ff5 1024       EN_Barak_J_Runaway02.sns
  0000000039977515 1024       EN_Barak_J_Runaway03.sns
  0000000039977a35 1024       EN_Barak_J_Suspicious01.sns
  0000000039977f55 1024       EN_Barak_A_VRun04.sns
  0000000039978475 1024       EN_Barak_A_VRun03.sns
  0000000039978995 1024       EN_Barak_A_VRun02.sns
  0000000039978eb5 1024       EN_Barak_A_VRunaway01.sns
  00000000399793d5 1024       EN_Barak_A_VRun01.sns
  00000000399798f5 1024       EN_Barak_A_VRunaway02.sns
  0000000039979e15 1024       EN_Barak_A_Vreactor03.sns
  000000003997a335 1024       EN_Barak_A_VRunaway03.sns
  000000003997a855 1024       EN_Barak_A_Vreactor02.sns
  000000003997ad75 1024       EN_Barak_A_VRunaway04.sns
  000000003997b295 1024       EN_Barak_A_Vreactor01.sns
  000000003997b7b5 1024       EN_Barak_A_VScript01.sns
  000000003997bcd5 1024       EN_Barak_A_VScript02.sns
  000000003997c1f5 1024       EN_Barak_A_VJump02.sns
  000000003997c715 1024       EN_Barak_A_VJump01.sns
  000000003997cc35 1024       EN_Barak_A_Baahed01.sns
  000000003997d155 1024       EN_Barak_A_VHit02.sns
  000000003997d675 1024       EN_Barak_A_Baahed02.sns
  000000003997db95 1024       EN_Barak_A_VHit01.sns
  000000003997e0b5 1024       EN_Barak_A_Cannonballed01.sns
  000000003997e5d5 1024       EN_Barak_A_VExplode02.sns
  000000003997eaf5 1024       EN_Barak_A_NakHide01.sns
  000000003997f015 1024       EN_Barak_A_NakHide02.sns
  000000003997f535 1024       EN_Barak_A_VExplode01.sns
  000000003997fa55 1024       EN_barak_A_Vcannonballed01.sns
  000000003997ff75 1024       EN_Barak_A_NakRun01.sns
  0000000039980495 1024       EN_Barak_A_NakRun02.sns
  00000000399809b5 1024       EN_Barak_A_NakRun03.sns
  0000000039980ed5 1024       EN_Barak_A_NakRun04.sns
  00000000399813f5 1024       EN_Barak_A_reactor01.sns
  0000000039981915 1024       EN_Barak_A_reactor03.sns
  0000000039981e35 1024       EN_Barak_A_Runaway01.sns
  0000000039982355 1024       EN_Barak_A_Runaway02.sns
  0000000039982875 1024       EN_Barak_A_Runaway03.sns
  0000000039982d95 1024       EN_Barak_A_Suspicious02.sns
  00000000399832b5 1024       EN_Barak_A_Runaway04.sns
  00000000399837d5 1024       EN_Barak_A_Suspicious01.sns
  0000000039983cf5 1024       EN_Employee1_Suspicious01.sns
  0000000039984215 1024       EN_Employee1_Suspicious02.sns
  0000000039984735 1024       EN_Employee1_Nakrun03.sns
  0000000039984c55 1024       EN_Employee1_Nakrun04.sns
  0000000039985175 1024       EN_Employee1_Runaway01.sns
  0000000039985695 1024       EN_Employee1_Runaway02.sns
  0000000039985bb5 1024       EN_Employee1_Runaway03.sns
  00000000399860d5 1024       EN_Employee1_Runaway04.sns
  00000000399865f5 1024       EN_Employee1_Nakhide01.sns
  0000000039986b15 1024       EN_Employee1_Nakhide02.sns
  0000000039987035 1024       EN_Employee1_Nakrun01.sns
  0000000039987555 1024       EN_Employee1_Nakrun02.sns
  0000000039987a75 1024       EN_Employee1_Baahed01.sns
  0000000039987f95 1024       EN_Employee1_Baahed02.sns
  00000000399884b5 1024       EN_Chuck_A_Runaway02.sns
  00000000399889d5 1024       EN_Chuck_A_Runaway03.sns
  0000000039988ef5 1024       EN_Chuck_A_Runaway04.sns
  0000000039989415 1024       EN_Chuck_A_Nakrun03.sns
  0000000039989935 1024       EN_Chuck_A_Nakrun04.sns
  0000000039989e55 1024       EN_Chuck_A_NakHide01.sns
  000000003998a375 1024       EN_Chuck_A_Baahed02.sns
  000000003998a895 1024       EN_Chuck_A_Baahed01.sns
  000000003998adb5 1024       EN_Chuck_A_Nakrun02.sns
  000000003998b2d5 1024       EN_Chuck_A_Nakrun01.sns
  000000003998b7f5 1024       EN_Chuck_A_NakHide02.sns
  000000003998bd15 1024       EN_Chuck_A_Suspicious02.sns
  000000003998c235 1024       EN_Chuck_A_Suspicious01.sns
  000000003998c755 1024       EN_Chuck_A_Vrun01.sns
  000000003998cc75 1024       EN_Chuck_A_Vjump02.sns
  000000003998d195 1024       EN_Chuck_A_Vjump01.sns
  000000003998d6b5 1024       EN_Chuck_A_Vhit02.sns
  000000003998dbd5 1024       EN_Chuck_A_Vhit01.sns
  000000003998e0f5 1024       EN_Chuck_A_Vexplode02.sns
  000000003998e615 1024       EN_Chuck_A_Vexplode01.sns
  000000003998eb35 1024       EN_Chuck_A_Vrunaway04.sns
  000000003998f055 1024       EN_Chuck_A_Vrunaway03.sns
  000000003998f575 1024       EN_Chuck_A_Vrunaway02.sns
  000000003998fa95 1024       EN_Chuck_A_Vrunaway01.sns
  000000003998ffb5 1024       EN_Chuck_A_Vrun04.sns
  00000000399904d5 1024       EN_Chuck_A_Vrun03.sns
  00000000399909f5 1024       EN_Chuck_A_Vrun02.sns
  0000000039990f15 1024       EN_Chuck_A_Vscript02.sns
  0000000039991435 1024       EN_Chuck_A_Vscript01.sns
  0000000039991955 1024       EN_Chuck_A_Runaway01.sns
  0000000039991e75 1024       EN_Chang_V_Nakrun01.sns
  0000000039992395 1024       EN_Chang_V_Suspicious01.sns
  00000000399928b5 1024       EN_Chang_V_VRunaway03.sns
  0000000039992dd5 1024       EN_Chang_V_Suspicious02.sns
  00000000399932f5 1024       EN_Chang_V_Runaway04.sns
  0000000039993815 1024       EN_Chang_V_Runaway03.sns
  0000000039993d35 1024       EN_Chang_V_VExplode01.sns
  0000000039994255 1024       EN_Chang_V_Runaway02.sns
  0000000039994775 1024       EN_Chang_V_VExplode02.sns
  0000000039994c95 1024       EN_Chang_V_VHit01.sns
  00000000399951b5 1024       EN_Chang_V_Nakrun04.sns
  00000000399956d5 1024       EN_Chang_V_VHit02.sns
  0000000039995bf5 1024       EN_Chang_V_Nakrun03.sns
  0000000039996115 1024       EN_Chang_V_VJump01.sns
  0000000039996635 1024       EN_Chang_V_Nakrun02.sns
  0000000039996b55 1024       EN_Chang_V_VJump02.sns
  0000000039997075 1024       EN_Chang_V_Nakhide02.sns
  0000000039997595 1024       EN_Chang_V_VRun02.sns
  0000000039997ab5 1024       EN_Chang_V_Nakhide01.sns
  0000000039997fd5 1024       EN_Chang_V_VRun03.sns
  00000000399984f5 1024       EN_Chang_V_VRun04.sns
  0000000039998a15 1024       EN_Chang_V_Baahed02.sns
  0000000039998f35 1024       EN_Chang_V_VRunaway01.sns
  0000000039999455 1024       EN_Chang_V_Baahed01.sns
  0000000039999975 1024       EN_Chang_V_VRunaway02.sns
  0000000039999e95 1024       EN_Chang_V_VScript02.sns
  000000003999a3b5 1024       EN_Chang_V_VRunaway04.sns
  000000003999a8d5 1024       EN_Chang_V_Runaway01.sns
  000000003999adf5 1024       EN_Chang_V_VRun01.sns
  000000003999b315 1024       EN_Chang_V_VScript01.sns
  000000003999b835 1024       EN_Chuck_V_Nakhide01.sns
  000000003999bd55 1024       EN_Chuck_V_VScript01.sns
  000000003999c275 1024       EN_Chuck_V_VScript02.sns
  000000003999c795 1024       EN_Chuck_V_VExplode02.sns
  000000003999ccb5 1024       EN_Chuck_V_VHit02.sns
  000000003999d1d5 1024       EN_Chuck_V_Nakrun02.sns
  000000003999d6f5 1024       EN_Chuck_V_VRunaway04.sns
  000000003999dc15 1024       EN_Chuck_V_VRunaway02.sns
  000000003999e135 1024       EN_Chuck_V_Suspicious02.sns
  000000003999e655 1024       EN_Chuck_V_Baahed01.sns
  000000003999eb75 1024       EN_Chuck_V_Nakhide02.sns
  000000003999f095 1024       EN_Chuck_V_Suspicious01.sns
  000000003999f5b5 1024       EN_Chuck_V_VRunaway01.sns
  000000003999fad5 1024       EN_Chuck_V_VRun04.sns
  000000003999fff5 1024       EN_Chuck_V_Nakrun03.sns
  00000000399a0515 1024       EN_Chuck_V_VJump02.sns
  00000000399a0a35 1024       EN_Chuck_V_VRun03.sns
  00000000399a0f55 1024       EN_Chuck_V_Nakrun01.sns
  00000000399a1475 1024       EN_Chuck_V_Runaway04.sns
  00000000399a1995 1024       EN_Chuck_V_VHit01.sns
  00000000399a1eb5 1024       EN_Chuck_V_Baahed02.sns
  00000000399a23d5 1024       EN_Chuck_V_Runaway01.sns
  00000000399a28f5 1024       EN_Chuck_V_VJump01.sns
  00000000399a2e15 1024       EN_Chuck_V_VRun02.sns
  00000000399a3335 1024       EN_Chuck_V_Runaway02.sns
  00000000399a3855 1024       EN_Chuck_V_Nakrun04.sns
  00000000399a3d75 1024       EN_Chuck_V_VExplode01.sns
  00000000399a4295 1024       EN_Doctor_NakRun04.sns
  00000000399a47b5 1024       EN_Doctor_NakRun03.sns
  00000000399a4cd5 1024       EN_Doctor_NakRun02.sns
  00000000399a51f5 1024       EN_Doctor_NakRun01.sns
  00000000399a5715 1024       EN_Doctor_NakHide02.sns
  00000000399a5c35 1024       EN_Doctor_NakHide01.sns
  00000000399a6155 1024       EN_Doctor_Baahed02.sns
  00000000399a6675 1024       EN_Doctor_Baahed01.sns
  00000000399a6b95 1024       EN_DoctorHlp_Hospital_B8.sns
  00000000399a70b5 1024       EN_Doctor_Suspicious01.sns
  00000000399a75d5 1024       EN_Doctor_Suspicious02.sns
  00000000399a7af5 1024       EN_Doctor_Runaway04.sns
  00000000399a8015 1024       EN_Doctor_Runaway03.sns
  00000000399a8535 1024       EN_Doctor_Runaway02.sns
  00000000399a8a55 1024       EN_Doctor_Runaway01.sns
  00000000399a8f75 1024       EN_Chang_J_VRun04.sns
  00000000399a9495 1024       EN_Chang_J_VRunaway01.sns
  00000000399a99b5 1024       EN_Chang_J_VRunaway02.sns
  00000000399a9ed5 1024       EN_Chang_J_VRunaway03.sns
  00000000399aa3f5 1024       EN_Chang_J_VRunaway04.sns
  00000000399aa915 1024       EN_Chang_J_VScript01.sns
  00000000399aae35 1024       EN_Chang_J_VScript02.sns
  00000000399ab355 1024       EN_Chang_J_VJump02.sns
  00000000399ab875 1024       EN_Chang_J_Vreactor01.sns
  00000000399abd95 1024       EN_Chang_J_Vreactor02.sns
  00000000399ac2b5 1024       EN_Chang_J_Vreactor03.sns
  00000000399ac7d5 1024       EN_Chang_J_VRun01.sns
  00000000399accf5 1024       EN_Chang_J_VRun02.sns
  00000000399ad215 1024       EN_Chang_J_VRun03.sns
  00000000399ad735 1024       EN_Chang_J_VExplode01.sns
  00000000399adc55 1024       EN_Chang_J_VExplode02.sns
  00000000399ae175 1024       EN_Chang_J_VHit01.sns
  00000000399ae695 1024       EN_Chang_J_VHit02.sns
  00000000399aebb5 1024       EN_Chang_J_VJump01.sns
  00000000399af0d5 1024       EN_Chang_J_reactor02.sns
  00000000399af5f5 1024       EN_Chang_J_reactor03.sns
  00000000399afb15 1024       EN_Chang_J_Runaway01.sns
  00000000399b0035 1024       EN_Chang_J_Runaway02.sns
  00000000399b0555 1024       EN_Chang_J_Runaway03.sns
  00000000399b0a75 1024       EN_Chang_J_Runaway04.sns
  00000000399b0f95 1024       EN_Chang_J_Suspicious01.sns
  00000000399b14b5 1024       EN_Chang_J_Suspicious02.sns
  00000000399b19d5 1024       EN_Chang_J_NakHide01.sns
  00000000399b1ef5 1024       EN_Chang_J_NakHide02.sns
  00000000399b2415 1024       EN_Chang_J_NakRun01.sns
  00000000399b2935 1024       EN_Chang_J_NakRun02.sns
  00000000399b2e55 1024       EN_Chang_J_NakRun03.sns
  00000000399b3375 1024       EN_Chang_J_NakRun04.sns
  00000000399b3895 1024       EN_Chang_J_reactor01.sns
  00000000399b3db5 1024       EN_Chang_J_Baahed01.sns
  00000000399b42d5 1024       EN_Chang_J_Baahed02.sns
  00000000399b47f5 1024       EN_Chuck_J_Vrun04.sns
  00000000399b4d15 1024       EN_Chuck_J_Nakrun02.sns
  00000000399b5235 1024       EN_Chuck_J_Runaway03.sns
  00000000399b5755 1024       EN_Chuck_J_Runaway01.sns
  00000000399b5c75 1024       EN_Chuck_J_Vexplode01.sns
  00000000399b6195 1024       EN_Chuck_J_Nakhide01.sns
  00000000399b66b5 1024       EN_Chuck_J_Vrun01.sns
  00000000399b6bd5 1024       EN_Chuck_J_Runaway04.sns
  00000000399b70f5 1024       EN_Chuck_J_reactor03.sns
  00000000399b7615 1024       EN_Chuck_J_Vexplode02.sns
  00000000399b7b35 1024       EN_Chuck_J_reactor02.sns
  00000000399b8055 1024       EN_Chuck_J_Vhit01.sns
  00000000399b8575 1024       EN_Chuck_J_reactor01.sns
  00000000399b8a95 1024       EN_Chuck_J_Vhit02.sns
  00000000399b8fb5 1024       EN_Chuck_J_Nakrun04.sns
  00000000399b94d5 1024       EN_Chuck_J_Vjump01.sns
  00000000399b99f5 1024       EN_Chuck_J_Nakrun03.sns
  00000000399b9f15 1024       EN_Chuck_J_Vjump02.sns
  00000000399ba435 1024       EN_Chuck_J_Vrun02.sns
  00000000399ba955 1024       EN_Chuck_J_Baahed02.sns
  00000000399bae75 1024       EN_Chuck_J_Vrun03.sns
  00000000399bb395 1024       EN_Chuck_J_Baahed01.sns
  00000000399bb8b5 1024       EN_Chuck_J_Vrunaway02.sns
  00000000399bbdd5 1024       EN_Chuck_J_Vscript01.sns
  00000000399bc2f5 1024       EN_Chuck_J_Nakhide02.sns
  00000000399bc815 1024       EN_Chuck_J_Vreactor02.sns
  00000000399bcd35 1024       EN_Chuck_J_Nakrun01.sns
  00000000399bd255 1024       EN_Chuck_J_Vrunaway01.sns
  00000000399bd775 1024       EN_Chuck_J_Vreactor03.sns
  00000000399bdc95 1024       EN_Chuck_J_Vrunaway04.sns
  00000000399be1b5 1024       EN_Chuck_J_Vscript02.sns
  00000000399be6d5 1024       EN_Chuck_J_Vreactor01.sns
  00000000399bebf5 1024       EN_Chuck_J_Suspicious02.sns
  00000000399bf115 1024       EN_Chuck_J_Suspicious01.sns
  00000000399bf635 1024       EN_Chuck_J_Vrunaway03.sns
  00000000399bfb55 1024       EN_Chuck_J_Runaway02.sns
  00000000399c0075 1024       EN_CharlesHenri_A_Runaway04.sns
  00000000399c0595 1024       EN_CharlesHenri_A_Suspicious01.sns
  00000000399c0ab5 1024       EN_CharlesHenri_A_Runaway03.sns
  00000000399c0fd5 1024       EN_CharlesHenri_A_Suspicious02.sns
  00000000399c14f5 1024       EN_CharlesHenri_A_Runaway02.sns
  00000000399c1a15 1024       EN_CharlesHenri_A_Runaway01.sns
  00000000399c1f35 1024       EN_CharlesHenri_A_Nakrun04.sns
  00000000399c2455 1024       EN_CharlesHenri_A_Nakrun03.sns
  00000000399c2975 1024       EN_CharlesHenri_A_Nakrun02.sns
  00000000399c2e95 1024       EN_CharlesHenri_A_Nakrun01.sns
  00000000399c33b5 1024       EN_CharlesHenri_A_VExplode01.sns
  00000000399c38d5 1024       EN_CharlesHenri_A_Nakhide02.sns
  00000000399c3df5 1024       EN_CharlesHenri_A_VExplode02.sns
  00000000399c4315 1024       EN_CharlesHenri_A_Nakhide01.sns
  00000000399c4835 1024       EN_CharlesHenri_A_VHit01.sns
  00000000399c4d55 1024       EN_CharlesHenri_A_VHit02.sns
  00000000399c5275 1024       EN_CharlesHenri_A_Baahed02.sns
  00000000399c5795 1024       EN_CharlesHenri_A_VJump01.sns
  00000000399c5cb5 1024       EN_CharlesHenri_A_Baahed01.sns
  00000000399c61d5 1024       EN_CharlesHenri_A_VJump02.sns
  00000000399c66f5 1024       EN_CharlesHenri_A_VScript02.sns
  00000000399c6c15 1024       EN_CharlesHenri_A_VRun01.sns
  00000000399c7135 1024       EN_CharlesHenri_A_VScript01.sns
  00000000399c7655 1024       EN_CharlesHenri_A_VRun02.sns
  00000000399c7b75 1024       EN_CharlesHenri_A_VRunaway04.sns
  00000000399c8095 1024       EN_CharlesHenri_A_VRun03.sns
  00000000399c85b5 1024       EN_CharlesHenri_A_VRunaway03.sns
  00000000399c8ad5 1024       EN_CharlesHenri_A_VRun04.sns
  00000000399c8ff5 1024       EN_CharlesHenri_A_VRunaway02.sns
  00000000399c9515 1024       EN_CharlesHenri_A_VRunaway01.sns
  00000000399c9a35 1024       EN_Ching_V_VRunaway02.sns
  00000000399c9f55 1024       EN_Ching_V_VRunaway03.sns
  00000000399ca475 1024       EN_Ching_V_VRunaway04.sns
  00000000399ca995 1024       EN_Ching_V_VExplode01.sns
  00000000399caeb5 1024       EN_Ching_V_Runaway02.sns
  00000000399cb3d5 1024       EN_Ching_V_Nakrun01.sns
  00000000399cb8f5 1024       EN_Ching_V_Baahed02.sns
  00000000399cbe15 1024       EN_Ching_V_Nakhide01.sns
  00000000399cc335 1024       EN_Ching_V_Nakrun02.sns
  00000000399cc855 1024       EN_Ching_V_Nakrun03.sns
  00000000399ccd75 1024       EN_Ching_V_Nakrun04.sns
  00000000399cd295 1024       EN_Ching_V_Runaway01.sns
  00000000399cd7b5 1024       EN_Ching_V_Nakhide02.sns
  00000000399cdcd5 1024       EN_Ching_V_Baahed01.sns
  00000000399ce1f5 1024       EN_Ching_V_VExplode02.sns
  00000000399ce715 1024       EN_Ching_V_VHit01.sns
  00000000399cec35 1024       EN_Ching_V_Suspicious02.sns
  00000000399cf155 1024       EN_Ching_V_Runaway04.sns
  00000000399cf675 1024       EN_Ching_V_Suspicious01.sns
  00000000399cfb95 1024       EN_Ching_V_Runaway03.sns
  00000000399d00b5 1024       EN_Ching_V_VScript01.sns
  00000000399d05d5 1024       EN_Ching_V_VRun01.sns
  00000000399d0af5 1024       EN_Ching_V_VJump01.sns
  00000000399d1015 1024       EN_Ching_V_VRun02.sns
  00000000399d1535 1024       EN_Ching_V_VRun03.sns
  00000000399d1a55 1024       EN_Ching_V_VRun04.sns
  00000000399d1f75 1024       EN_Ching_V_VRunaway01.sns
  00000000399d2495 1024       EN_Ching_V_VScript02.sns
  00000000399d29b5 1024       EN_Ching_V_VHit02.sns
  00000000399d2ed5 1024       EN_Ching_V_VJump02.sns
  00000000399d33f5 1024       EN_CharlesHenri_V_Suspicious01.sns
  00000000399d3915 1024       EN_CharlesHenri_V_Suspicious02.sns
  00000000399d3e35 1024       EN_CharlesHenri_V_Runaway04.sns
  00000000399d4355 1024       EN_CharlesHenri_V_Runaway03.sns
  00000000399d4875 1024       EN_CharlesHenri_V_Runaway02.sns
  00000000399d4d95 1024       EN_CharlesHenri_V_Runaway01.sns
  00000000399d52b5 1024       EN_CharlesHenri_V_NakRun04.sns
  00000000399d57d5 1024       EN_CharlesHenri_V_Vexplode01.sns
  00000000399d5cf5 1024       EN_CharlesHenri_V_NakRun03.sns
  00000000399d6215 1024       EN_CharlesHenri_V_Vexplode02.sns
  00000000399d6735 1024       EN_CharlesHenri_V_NakRun02.sns
  00000000399d6c55 1024       EN_CharlesHenri_V_Vhit01.sns
  00000000399d7175 1024       EN_CharlesHenri_V_NakRun01.sns
  00000000399d7695 1024       EN_CharlesHenri_V_Vhit02.sns
  00000000399d7bb5 1024       EN_CharlesHenri_V_NakHide02.sns
  00000000399d80d5 1024       EN_CharlesHenri_V_Vrunaway03.sns
  00000000399d85f5 1024       EN_CharlesHenri_V_Vrunaway04.sns
  00000000399d8b15 1024       EN_CharlesHenri_V_Vrunaway02.sns
  00000000399d9035 1024       EN_CharlesHenri_V_Vscript01.sns
  00000000399d9555 1024       EN_CharlesHenri_V_Vrunaway01.sns
  00000000399d9a75 1024       EN_CharlesHenri_V_Vscript02.sns
  00000000399d9f95 1024       EN_CharlesHenri_V_Vrun04.sns
  00000000399da4b5 1024       EN_CharlesHenri_V_Baahed02.sns
  00000000399da9d5 1024       EN_CharlesHenri_V_NakHide01.sns
  00000000399daef5 1024       EN_CharlesHenri_V_Vrun03.sns
  00000000399db415 1024       EN_CharlesHenri_V_Baahed01.sns
  00000000399db935 1024       EN_CharlesHenri_V_Vrun02.sns
  00000000399dbe55 1024       EN_CharlesHenri_V_Vjump02.sns
  00000000399dc375 1024       EN_CharlesHenri_V_Vjump01.sns
  00000000399dc895 1024       EN_CharlesHenri_V_Vrun01.sns
  00000000399dcdb5 1024       EN_Ching_A_VRunaway03.sns
  00000000399dd2d5 1024       EN_Ching_A_VRunaway02.sns
  00000000399dd7f5 1024       EN_Ching_A_VRunaway01.sns
  00000000399ddd15 1024       EN_Ching_A_VRun04.sns
  00000000399de235 1024       EN_Ching_A_VRun03.sns
  00000000399de755 1024       EN_Ching_A_Baahed02.sns
  00000000399dec75 1024       EN_Ching_A_Baahed01.sns
  00000000399df195 1024       EN_Ching_A_Runaway01.sns
  00000000399df6b5 1024       EN_Ching_A_Nakrun04.sns
  00000000399dfbd5 1024       EN_Ching_A_Nakrun03.sns
  00000000399e00f5 1024       EN_Ching_A_Nakrun02.sns
  00000000399e0615 1024       EN_Ching_A_Nakrun01.sns
  00000000399e0b35 1024       EN_Ching_A_Nakhide02.sns
  00000000399e1055 1024       EN_Ching_A_Nakhide01.sns
  00000000399e1575 1024       EN_Ching_A_VRunaway04.sns
  00000000399e1a95 1024       EN_Ching_A_VRun01.sns
  00000000399e1fb5 1024       EN_Ching_A_VScript02.sns
  00000000399e24d5 1024       EN_Ching_A_VRun02.sns
  00000000399e29f5 1024       EN_Ching_A_Suspicious01.sns
  00000000399e2f15 1024       EN_Ching_A_Runaway04.sns
  00000000399e3435 1024       EN_Ching_A_Suspicious02.sns
  00000000399e3955 1024       EN_Ching_A_VScript01.sns
  00000000399e3e75 1024       EN_Ching_A_VExplode01.sns
  00000000399e4395 1024       EN_Ching_A_VHit01.sns
  00000000399e48b5 1024       EN_Ching_A_VExplode02.sns
  00000000399e4dd5 1024       EN_Ching_A_VHit02.sns
  00000000399e52f5 1024       EN_Ching_A_VJump02.sns
  00000000399e5815 1024       EN_Ching_A_Runaway03.sns
  00000000399e5d35 1024       EN_Ching_A_VJump01.sns
  00000000399e6255 1024       EN_Ching_A_Runaway02.sns
  00000000399e6775 1024       EN_CharlesHenri_J_reactor03.sns
  00000000399e6c95 1024       EN_CharlesHenri_J_VScript01.sns
  00000000399e71b5 1024       EN_CharlesHenri_J_VScript02.sns
  00000000399e76d5 1024       EN_CharlesHenri_J_Baahed01.sns
  00000000399e7bf5 1024       EN_CharlesHenri_J_Baahed02.sns
  00000000399e8115 1024       EN_CharlesHenri_J_NakHide01.sns
  00000000399e8635 1024       EN_CharlesHenri_J_NakHide02.sns
  00000000399e8b55 1024       EN_CharlesHenri_J_NakRun01.sns
  00000000399e9075 1024       EN_CharlesHenri_J_NakRun02.sns
  00000000399e9595 1024       EN_CharlesHenri_J_NakRun03.sns
  00000000399e9ab5 1024       EN_CharlesHenri_J_NakRun04.sns
  00000000399e9fd5 1024       EN_CharlesHenri_J_reactor01.sns
  00000000399ea4f5 1024       EN_CharlesHenri_J_reactor02.sns
  00000000399eaa15 1024       EN_CharlesHenri_J_Runaway01.sns
  00000000399eaf35 1024       EN_CharlesHenri_J_Runaway02.sns
  00000000399eb455 1024       EN_CharlesHenri_J_Runaway03.sns
  00000000399eb975 1024       EN_CharlesHenri_J_Runaway04.sns
  00000000399ebe95 1024       EN_CharlesHenri_J_Suspicious01.sns
  00000000399ec3b5 1024       EN_CharlesHenri_J_Suspicious02.sns
  00000000399ec8d5 1024       EN_CharlesHenri_J_VRunAway04.sns
  00000000399ecdf5 1024       EN_CharlesHenri_J_VRunAway03.sns
  00000000399ed315 1024       EN_CharlesHenri_J_VRunAway02.sns
  00000000399ed835 1024       EN_CharlesHenri_J_VRunAway01.sns
  00000000399edd55 1024       EN_CharlesHenri_J_VRun03.sns
  00000000399ee275 1024       EN_CharlesHenri_J_VRun02.sns
  00000000399ee795 1024       EN_CharlesHenri_J_VRun01.sns
  00000000399eecb5 1024       EN_CharlesHenri_J_Vreactor03.sns
  00000000399ef1d5 1024       EN_CharlesHenri_J_Vreactor02.sns
  00000000399ef6f5 1024       EN_CharlesHenri_J_Vreactor01.sns
  00000000399efc15 1024       EN_CharlesHenri_J_VJump02.sns
  00000000399f0135 1024       EN_CharlesHenri_J_VJump01.sns
  00000000399f0655 1024       EN_CharlesHenri_J_VHit02.sns
  00000000399f0b75 1024       EN_CharlesHenri_J_VHit01.sns
  00000000399f1095 1024       EN_CharlesHenri_J_VExplode02.sns
  00000000399f15b5 1024       EN_CharlesHenri_J_VExplode01.sns
  00000000399f1ad5 1024       SP_Air_hostess_Baahed01.sns
  00000000399f1f95 1024       SP_Air_hostess_Baahed02.sns
  00000000399f2455 1024       SP_Air_hostess_NakHide01.sns
  00000000399f2915 1024       SP_Air_hostess_NakHide02.sns
  00000000399f2dd5 1024       SP_Air_hostess_NakRun01.sns
  00000000399f3295 1024       SP_Air_hostess_NakRun02.sns
  00000000399f3755 1024       SP_Air_hostess_NakRun03.sns
  00000000399f3c15 1024       SP_Air_hostess_NakRun04.sns
  00000000399f40d5 1024       SP_Air_hostess_Runaway01.sns
  00000000399f4595 1024       SP_Air_hostess_Runaway02.sns
  00000000399f4a55 1024       SP_Air_hostess_Runaway03.sns
  00000000399f4f15 1024       SP_Air_hostess_Runaway04.sns
  00000000399f53d5 1024       SP_Air_hostess_Suspicious01.sns
  00000000399f5895 1024       SP_Air_hostess_Suspicious02.sns
  00000000399f5d55 1024       SP_Airport_gardian1_baahed01.sns
  00000000399f6215 1024       SP_Airport_gardian1_baahed02.sns
  00000000399f66d5 1024       SP_Airport_gardian1_nakhide01.sns
  00000000399f6b95 1024       SP_Airport_gardian1_nakhide02.sns
  00000000399f7055 1024       SP_Airport_gardian1_nakrun01.sns
  00000000399f7515 1024       SP_Airport_gardian1_nakrun02.sns
  00000000399f79d5 1024       SP_Airport_gardian1_nakrun03.sns
  00000000399f7e95 1024       SP_Airport_gardian1_nakrun04.sns
  00000000399f8355 1024       SP_Airport_gardian1_runaway01.sns
  00000000399f8815 1024       SP_Airport_gardian1_runaway02.sns
  00000000399f8cd5 1024       SP_Airport_gardian1_runaway03.sns
  00000000399f9195 1024       SP_Airport_gardian1_runaway04.sns
  00000000399f9655 1024       SP_Airport_gardian1_suspicious01.sns
  00000000399f9b15 1024       SP_Airport_gardian1_suspicious02.sns
  00000000399f9fd5 1024       SP_Airport_gardian2_baahed01.sns
  00000000399fa495 1024       SP_Airport_gardian2_baahed02.sns
  00000000399fa955 1024       SP_Airport_gardian2_nakhide01.sns
  00000000399fae15 1024       SP_Airport_gardian2_nakhide02.sns
  00000000399fb2d5 1024       SP_Airport_gardian2_nakrun01.sns
  00000000399fb795 1024       SP_Airport_gardian2_nakrun02.sns
  00000000399fbc55 1024       SP_Airport_gardian2_nakrun03.sns
  00000000399fc115 1024       SP_Airport_gardian2_nakrun04.sns
  00000000399fc5d5 1024       SP_Airport_gardian2_runaway01.sns
  00000000399fca95 1024       SP_Airport_gardian2_runaway02.sns
  00000000399fcf55 1024       SP_Airport_gardian2_runaway03.sns
  00000000399fd415 1024       SP_Airport_gardian2_runaway04.sns
  00000000399fd8d5 1024       SP_Airport_gardian2_suspicious01.sns
  00000000399fdd95 1024       SP_Airport_gardian2_suspicious02.sns
  00000000399fe255 1024       SP_Airport_worker1_baahed01.sns
  00000000399fe715 1024       SP_Airport_worker1_baahed02.sns
  00000000399febd5 1024       SP_Airport_worker1_nakhide01.sns
  00000000399ff095 1024       SP_Airport_worker1_nakhide02.sns
  00000000399ff555 1024       SP_Airport_worker1_nakrun01.sns
  00000000399ffa15 1024       SP_Airport_worker1_nakrun02.sns
  00000000399ffed5 1024       SP_Airport_worker1_nakrun03.sns
  0000000039a00395 1024       SP_Airport_worker1_nakrun04.sns
  0000000039a00855 1024       SP_Airport_worker1_runaway01.sns
  0000000039a00d15 1024       SP_Airport_worker1_runaway02.sns
  0000000039a011d5 1024       SP_Airport_worker1_runaway03.sns
  0000000039a01695 1024       SP_Airport_worker1_runaway04.sns
  0000000039a01b55 1024       SP_Airport_worker1_suspicious01.sns
  0000000039a02015 1024       SP_Airport_worker1_suspicious02.sns
  0000000039a024d5 1024       SP_Airport_worker2_baahed01.sns
  0000000039a02995 1024       SP_Airport_worker2_baahed02.sns
  0000000039a02e55 1024       SP_Airport_worker2_nakhide01.sns
  0000000039a03315 1024       SP_Airport_worker2_nakhide02.sns
  0000000039a037d5 1024       SP_Airport_worker2_nakrun01.sns
  0000000039a03c95 1024       SP_Airport_worker2_nakrun02.sns
  0000000039a04155 1024       SP_Airport_worker2_nakrun03.sns
  0000000039a04615 1024       SP_Airport_worker2_nakrun04.sns
  0000000039a04ad5 1024       SP_Airport_worker2_runaway01.sns
  0000000039a04f95 1024       SP_Airport_worker2_runaway02.sns
  0000000039a05455 1024       SP_Airport_worker2_runaway03.sns
  0000000039a05915 1024       SP_Airport_worker2_runaway04.sns
  0000000039a05dd5 1024       SP_Airport_worker2_suspicious01.sns
  0000000039a06295 1024       SP_Airport_worker2_suspicious02.sns
  0000000039a06755 1024       SP_Armchair2_ Busy01.sns
  0000000039a06c15 1024       SP_Armchair2_ Panic01.sns
  0000000039a070d5 1024       SP_Armchair2_ Panic02.sns
  0000000039a07595 1024       SP_Armchair2_Baahed01.sns
  0000000039a07a55 1024       SP_Armchair2_Baahed02.sns
  0000000039a07f15 1024       SP_Armchair2_Turn01.sns
  0000000039a083d5 1024       SP_Armchair2_Turn02.sns
  0000000039a08895 1024       SP_Armchair1_Baahed01.sns
  0000000039a08d55 1024       SP_Armchair1_Baahed02.sns
  0000000039a09215 1024       SP_Armchair1_Busy.sns
  0000000039a096d5 1024       SP_Armchair1_Panic01.sns
  0000000039a09b95 1024       SP_Armchair1_Panic02.sns
  0000000039a0a055 1024       SP_Armchair1_Turn01.sns
  0000000039a0a515 1024       SP_Armchair1_Turn02.sns
  0000000039a0a9d5 1024       SP_Barak_A_Baahed01.sns
  0000000039a0ae95 1024       SP_Barak_A_Baahed02.sns
  0000000039a0b355 1024       SP_Barak_A_Cannonballed01.sns
  0000000039a0b815 1024       SP_Barak_A_NakHide01.sns
  0000000039a0bcd5 1024       SP_Barak_A_NakHide02.sns
  0000000039a0c195 1024       SP_Barak_A_NakRun01.sns
  0000000039a0c655 1024       SP_Barak_A_NakRun02.sns
  0000000039a0cb15 1024       SP_Barak_A_NakRun03.sns
  0000000039a0cfd5 1024       SP_Barak_A_NakRun04.sns
  0000000039a0d495 1024       SP_Barak_A_reactor01.sns
  0000000039a0d955 1024       SP_Barak_A_reactor03.sns
  0000000039a0de15 1024       SP_Barak_A_Runaway01.sns
  0000000039a0e2d5 1024       SP_Barak_A_Runaway02.sns
  0000000039a0e795 1024       SP_Barak_A_Runaway03.sns
  0000000039a0ec55 1024       SP_Barak_A_Runaway04.sns
  0000000039a0f115 1024       SP_Barak_A_Suspicious01.sns
  0000000039a0f5d5 1024       SP_Barak_A_Suspicious02.sns
  0000000039a0fa95 1024       SP_barak_A_Vcannonballed01.sns
  0000000039a0ff55 1024       SP_Barak_A_VExplode01.sns
  0000000039a10415 1024       SP_Barak_A_VExplode02.sns
  0000000039a108d5 1024       SP_Barak_A_VHit01.sns
  0000000039a10d95 1024       SP_Barak_A_VHit02.sns
  0000000039a11255 1024       SP_Barak_A_VJump01.sns
  0000000039a11715 1024       SP_Barak_A_VJump02.sns
  0000000039a11bd5 1024       SP_Barak_A_Vreactor01.sns
  0000000039a12095 1024       SP_Barak_A_Vreactor02.sns
  0000000039a12555 1024       SP_Barak_A_Vreactor03.sns
  0000000039a12a15 1024       SP_Barak_A_VRun01.sns
  0000000039a12ed5 1024       SP_Barak_A_VRun02.sns
  0000000039a13395 1024       SP_Barak_A_VRun03.sns
  0000000039a13855 1024       SP_Barak_A_VRun04.sns
  0000000039a13d15 1024       SP_Barak_A_VRunaway01.sns
  0000000039a141d5 1024       SP_Barak_A_VRunaway02.sns
  0000000039a14695 1024       SP_Barak_A_VRunaway03.sns
  0000000039a14b55 1024       SP_Barak_A_VRunaway04.sns
  0000000039a15015 1024       SP_Barak_A_VScript01.sns
  0000000039a154d5 1024       SP_Barak_A_VScript02.sns
  0000000039a15995 1024       SP_Barak_J_Baahed01.sns
  0000000039a15e55 1024       SP_Barak_J_Baahed02.sns
  0000000039a16315 1024       SP_Barak_J_Nakhide01.sns
  0000000039a167d5 1024       SP_Barak_J_Nakhide02.sns
  0000000039a16c95 1024       SP_Barak_J_Nakrun01.sns
  0000000039a17155 1024       SP_Barak_J_Nakrun02.sns
  0000000039a17615 1024       SP_Barak_J_Nakrun03.sns
  0000000039a17ad5 1024       SP_Barak_J_Nakrun04.sns
  0000000039a17f95 1024       SP_Barak_J_Runaway01.sns
  0000000039a18455 1024       SP_Barak_J_Runaway02.sns
  0000000039a18915 1024       SP_Barak_J_Runaway03.sns
  0000000039a18dd5 1024       SP_Barak_J_Suspicious01.sns
  0000000039a19295 1024       SP_Barak_J_Suspicious02.sns
  0000000039a19755 1024       SP_Barak_J_VExplode01.sns
  0000000039a19c15 1024       SP_Barak_J_VExplode02.sns
  0000000039a1a0d5 1024       SP_Barak_J_VHit01.sns
  0000000039a1a595 1024       SP_Barak_J_VHit02.sns
  0000000039a1aa55 1024       SP_Barak_J_VJump01.sns
  0000000039a1af15 1024       SP_Barak_J_VJump02.sns
  0000000039a1b3d5 1024       SP_Barak_J_VRun01.sns
  0000000039a1b895 1024       SP_Barak_J_VRun02.sns
  0000000039a1bd55 1024       SP_Barak_J_VRun03.sns
  0000000039a1c215 1024       SP_Barak_J_VRun04.sns
  0000000039a1c6d5 1024       SP_Barak_J_VRunaway01.sns
  0000000039a1cb95 1024       SP_Barak_J_VRunaway02.sns
  0000000039a1d055 1024       SP_Barak_J_VRunaway03.sns
  0000000039a1d515 1024       SP_Barak_J_VRunaway04.sns
  0000000039a1d9d5 1024       SP_Barak_J_VScript02.sns
  0000000039a1de95 1024       SP_Barak_V_Baahed01.sns
  0000000039a1e355 1024       SP_Barak_V_Baahed02.sns
  0000000039a1e815 1024       SP_Barak_V_NakHide01.sns
  0000000039a1ecd5 1024       SP_Barak_V_NakHide02.sns
  0000000039a1f195 1024       SP_Barak_V_NakRun01.sns
  0000000039a1f655 1024       SP_Barak_V_NakRun02.sns
  0000000039a1fb15 1024       SP_Barak_V_NakRun03.sns
  0000000039a1ffd5 1024       SP_Barak_V_NakRun04.sns
  0000000039a20495 1024       SP_Barak_V_Runaway01.sns
  0000000039a20955 1024       SP_Barak_V_Runaway02.sns
  0000000039a20e15 1024       SP_Barak_V_Runaway03.sns
  0000000039a212d5 1024       SP_Barak_V_Runaway04.sns
  0000000039a21795 1024       SP_Barak_V_Suspicious01.sns
  0000000039a21c55 1024       SP_Barak_V_Suspicious02.sns
  0000000039a22115 1024       SP_Barak_V_VExplode01.sns
  0000000039a225d5 1024       SP_Barak_V_VExplode02.sns
  0000000039a22a95 1024       SP_Barak_V_VHit01.sns
  0000000039a22f55 1024       SP_Barak_V_VHit02.sns
  0000000039a23415 1024       SP_Barak_V_VJump01.sns
  0000000039a238d5 1024       SP_Barak_V_VJump02.sns
  0000000039a23d95 1024       SP_Barak_V_VRun01.sns
  0000000039a24255 1024       SP_Barak_V_VRun02.sns
  0000000039a24715 1024       SP_Barak_V_VRun03.sns
  0000000039a24bd5 1024       SP_Barak_V_VRun04.sns
  0000000039a25095 1024       SP_Barak_V_VRunaway01.sns
  0000000039a25555 1024       SP_Barak_V_VRunaway02.sns
  0000000039a25a15 1024       SP_Barak_V_VRunaway03.sns
  0000000039a25ed5 1024       SP_Barak_V_VRunaway04.sns
  0000000039a26395 1024       SP_Barak_V_VScript01.sns
  0000000039a26855 1024       SP_Barak_V_VScript02.sns
  0000000039a26d15 1024       SP_Barney_A_Baahed01.sns
  0000000039a271d5 1024       SP_Barney_A_Baahed02.sns
  0000000039a27695 1024       SP_Barney_A_Nakhide01.sns
  0000000039a27b55 1024       SP_Barney_A_Nakrun01.sns
  0000000039a28015 1024       SP_Barney_A_Nakrun02.sns
  0000000039a284d5 1024       SP_Barney_A_Nakrun03.sns
  0000000039a28995 1024       SP_Barney_A_Nakrun04.sns
  0000000039a28e55 1024       SP_Barney_A_Runaway01.sns
  0000000039a29315 1024       SP_Barney_A_Runaway03.sns
  0000000039a297d5 1024       SP_Barney_A_Runaway04.sns
  0000000039a29c95 1024       SP_Barney_A_Suspicious01.sns
  0000000039a2a155 1024       SP_Barney_A_Suspicious02.sns
  0000000039a2a615 1024       SP_Barney_A_VExplode01.sns
  0000000039a2aad5 1024       SP_Barney_A_VExplode02.sns
  0000000039a2af95 1024       SP_Barney_A_VHit01.sns
  0000000039a2b455 1024       SP_Barney_A_VHit02.sns
  0000000039a2b915 1024       SP_Barney_A_VJump01.sns
  0000000039a2bdd5 1024       SP_Barney_A_VJump02.sns
  0000000039a2c295 1024       SP_Barney_A_VRun01.sns
  0000000039a2c755 1024       SP_Barney_A_VRun02.sns
  0000000039a2cc15 1024       SP_Barney_A_VRun03.sns
  0000000039a2d0d5 1024       SP_Barney_A_VRun04.sns
  0000000039a2d595 1024       SP_Barney_A_VRunaway01.sns
  0000000039a2da55 1024       SP_Barney_A_VRunaway02.sns
  0000000039a2df15 1024       SP_Barney_A_VRunaway03.sns
  0000000039a2e3d5 1024       SP_Barney_A_VRunaway04.sns
  0000000039a2e895 1024       SP_Barney_A_VScript01.sns
  0000000039a2ed55 1024       SP_Barney_A_VScript02.sns
  0000000039a2f215 1024       SP_bed_woman1_jumped01.sns
  0000000039a2f6d5 1024       SP_bed_woman1_jumped02.sns
  0000000039a2fb95 1024       SP_bed_woman1_jumped03.sns
  0000000039a30055 1024       SP_bed_woman1_quiet01.sns
  0000000039a30515 1024       SP_bed_woman1_quiet02.sns
  0000000039a309d5 1024       SP_bed_woman1_quiet03.sns
  0000000039a30e95 1024       SP_Bed_woman2_jumped01.sns
  0000000039a31355 1024       SP_Bed_woman2_jumped02.sns
  0000000039a31815 1024       SP_Bed_woman2_jumped03.sns
  0000000039a31cd5 1024       SP_Bed_woman2_quiet01.sns
  0000000039a32195 1024       SP_Bed_woman2_quiet02.sns
  0000000039a32655 1024       SP_Bed_woman2_quiet03.sns
  0000000039a32b15 1024       SP_Bed_man1_jumped_01.sns
  0000000039a32fd5 1024       SP_Bed_man1_jumped_02.sns
  0000000039a33495 1024       SP_Bed_man1_jumped_03.sns
  0000000039a33955 1024       SP_Bed_man1_quiet_01.sns
  0000000039a33e15 1024       SP_Bed_man1_quiet_02.sns
  0000000039a342d5 1024       SP_Bed_man1_quiet_03.sns
  0000000039a34795 1024       SP_Bed_man2_jumped01.sns
  0000000039a34c55 1024       SP_Bed_man2_jumped02.sns
  0000000039a35115 1024       SP_Bed_man2_jumped03.sns
  0000000039a355d5 1024       SP_Bed_man2_quiet_01.sns
  0000000039a35a95 1024       SP_Bed_man2_quiet_02.sns
  0000000039a35f55 1024       SP_Bed_man2_quiet_03.sns
  0000000039a36415 1024       SP_Benedicte1_baahed01.sns
  0000000039a368d5 1024       SP_Benedicte1_baahed02.sns
  0000000039a36d95 1024       SP_Benedicte1_Nakhide01.sns
  0000000039a37255 1024       SP_Benedicte1_Nakhide02.sns
  0000000039a37715 1024       SP_Benedicte1_Nakrun02.sns
  0000000039a37bd5 1024       SP_Benedicte1_Nakrun03.sns
  0000000039a38095 1024       SP_Benedicte1_Nakrun04.sns
  0000000039a38555 1024       SP_Benedicte1_Runaway01.sns
  0000000039a38a15 1024       SP_Benedicte1_Runaway02.sns
  0000000039a38ed5 1024       SP_Benedicte1_Runaway03.sns
  0000000039a39395 1024       SP_Benedicte1_Runaway04.sns
  0000000039a39855 1024       SP_Benedicte1_Suspicious01.sns
  0000000039a39d15 1024       SP_Benedicte1_Suspicious02.sns
  0000000039a3a1d5 1024       SP_Benedicte1_Vexplode01.sns
  0000000039a3a695 1024       SP_Benedicte1_Vexplode02.sns
  0000000039a3ab55 1024       SP_Benedicte1_Vhit01.sns
  0000000039a3b015 1024       SP_Benedicte1_Vhit02.sns
  0000000039a3b4d5 1024       SP_Benedicte1_Vjump01.sns
  0000000039a3b995 1024       SP_Benedicte1_Vjump02.sns
  0000000039a3be55 1024       SP_Benedicte1_Vrun01.sns
  0000000039a3c315 1024       SP_Benedicte1_Vrun02.sns
  0000000039a3c7d5 1024       SP_Benedicte1_Vrun03.sns
  0000000039a3cc95 1024       SP_Benedicte1_Vrun04.sns
  0000000039a3d155 1024       SP_Benedicte1_Vrunaway01.sns
  0000000039a3d615 1024       SP_Benedicte1_Vrunaway02.sns
  0000000039a3dad5 1024       SP_Benedicte1_Vrunaway03.sns
  0000000039a3df95 1024       SP_Benedicte1_Vrunaway04.sns
  0000000039a3e455 1024       SP_Benedicte1_Vscript01.sns
  0000000039a3e915 1024       SP_Benedicte1_Vscript02.sns
  0000000039a3edd5 1024       SP_Benedicte2_B9_Baahed01.sns
  0000000039a3f295 1024       SP_Benedicte2_B9_Baahed02.sns
  0000000039a3f755 1024       SP_Benedicte2_B9_Nakhide01.sns
  0000000039a3fc15 1024       SP_Benedicte2_B9_Nakhide02.sns
  0000000039a400d5 1024       SP_Benedicte2_B9_Nakrun01.sns
  0000000039a40595 1024       SP_Benedicte2_B9_Nakrun02.sns
  0000000039a40a55 1024       SP_Benedicte2_B9_Nakrun03.sns
  0000000039a40f15 1024       SP_Benedicte2_B9_Nakrun04.sns
  0000000039a413d5 1024       SP_Benedicte2_B9_Runaway01.sns
  0000000039a41895 1024       SP_Benedicte2_B9_Runaway02.sns
  0000000039a41d55 1024       SP_Benedicte2_B9_Runaway03.sns
  0000000039a42215 1024       SP_Benedicte2_B9_Runaway04.sns
  0000000039a426d5 1024       SP_Benedicte2_B9_Suspicious01.sns
  0000000039a42b95 1024       SP_Benedicte2_B9_Suspicious02.sns
  0000000039a43055 1024       SP_Benedicte3_Baahed01.sns
  0000000039a43515 1024       SP_Benedicte3_Baahed02.sns
  0000000039a439d5 1024       SP_Benedicte3_Nakhide01.sns
  0000000039a43e95 1024       SP_Benedicte3_Nakhide02.sns
  0000000039a44355 1024       SP_Benedicte3_Nakrun03.sns
  0000000039a44815 1024       SP_Benedicte3_Nakrun04.sns
  0000000039a44cd5 1024       SP_Benedicte3_Runaway01.sns
  0000000039a45195 1024       SP_Benedicte3_Runaway02.sns
  0000000039a45655 1024       SP_Benedicte3_Runaway03.sns
  0000000039a45b15 1024       SP_Benedicte3_Runaway04.sns
  0000000039a45fd5 1024       SP_Benedicte3_Suspicious01.sns
  0000000039a46495 1024       SP_Benedicte3_Suspicious02.sns
  0000000039a46955 1024       SP_Boss2_B9_Baahed01.sns
  0000000039a46e15 1024       SP_Boss2_B9_Baahed02.sns
  0000000039a472d5 1024       SP_Boss2_B9_Nakhide01.sns
  0000000039a47795 1024       SP_Boss2_B9_Nakhide02.sns
  0000000039a47c55 1024       SP_Boss2_B9_Nakrun01.sns
  0000000039a48115 1024       SP_Boss2_B9_Nakrun02.sns
  0000000039a485d5 1024       SP_Boss2_B9_Nakrun03.sns
  0000000039a48a95 1024       SP_Boss2_B9_Nakrun04.sns
  0000000039a48f55 1024       SP_Boss2_B9_Runaway01.sns
  0000000039a49415 1024       SP_Boss2_B9_Runaway03.sns
  0000000039a498d5 1024       SP_Boss2_B9_Runaway04.sns
  0000000039a49d95 1024       SP_Boss2_B9_Suspicious01.sns
  0000000039a4a255 1024       SP_Boss2_B9_Suspicious02.sns
  0000000039a4a715 1024       SP_Boss3_Baahed01.sns
  0000000039a4abd5 1024       SP_Boss3_Baahed02.sns
  0000000039a4b095 1024       SP_Boss3_Nakhide01.sns
  0000000039a4b555 1024       SP_Boss3_Nakhide02.sns
  0000000039a4ba15 1024       SP_Boss3_Nakrun01.sns
  0000000039a4bed5 1024       SP_Boss3_Nakrun02.sns
  0000000039a4c395 1024       SP_Boss3_Nakrun03.sns
  0000000039a4c855 1024       SP_Boss3_Nakrun04.sns
  0000000039a4cd15 1024       SP_Boss3_Runaway01.sns
  0000000039a4d1d5 1024       SP_Boss3_Runaway02.sns
  0000000039a4d695 1024       SP_Boss3_Runaway03.sns
  0000000039a4db55 1024       SP_Boss3_Runaway04.sns
  0000000039a4e015 1024       SP_Boss3_Suspicious01.sns
  0000000039a4e4d5 1024       SP_Boss3_Suspicious02.sns
  0000000039a4e995 1024       SP_Boss_B2_Baahed01.sns
  0000000039a4ee55 1024       SP_Boss_B2_Baahed02.sns
  0000000039a4f315 1024       SP_Boss_B2_Nakrun01.sns
  0000000039a4f7d5 1024       SP_Boss_B2_Nakrun03.sns
  0000000039a4fc95 1024       SP_Boss_B2_Nakrun04.sns
  0000000039a50155 1024       SP_Boss_B2_Runaway01.sns
  0000000039a50615 1024       SP_Boss_B2_Runaway02.sns
  0000000039a50ad5 1024       SP_Boss_B2_Runaway03.sns
  0000000039a50f95 1024       SP_Boss_B2_Runaway04.sns
  0000000039a51455 1024       SP_Boss_B2_Suspicious01.sns
  0000000039a51915 1024       SP_Boss_B2_Suspicious02.sns
  0000000039a51dd5 1024       SP_Boss_B2_Vexplode01.sns
  0000000039a52295 1024       SP_Boss_B2_Vexplode02.sns
  0000000039a52755 1024       SP_Boss_B2_Vhit01.sns
  0000000039a52c15 1024       SP_Boss_B2_Vhit02.sns
  0000000039a530d5 1024       SP_Boss_B2_Vjump01.sns
  0000000039a53595 1024       SP_Boss_B2_Vjump02.sns
  0000000039a53a55 1024       SP_Boss_B2_Vrun01.sns
  0000000039a53f15 1024       SP_Boss_B2_Vrun02.sns
  0000000039a543d5 1024       SP_Boss_B2_Vrun03.sns
  0000000039a54895 1024       SP_Boss_B2_Vrun04.sns
  0000000039a54d55 1024       SP_Boss_B2_Vrunaway01.sns
  0000000039a55215 1024       SP_Boss_B2_Vrunaway02.sns
  0000000039a556d5 1024       SP_Boss_B2_Vrunaway03.sns
  0000000039a55b95 1024       SP_Boss_B2_Vrunaway04.sns
  0000000039a56055 1024       SP_Boss_B2_Vscript01.sns
  0000000039a56515 1024       SP_Boss_B2_Vscript02.sns
  0000000039a569d5 1024       SP_Carla_A_Baahed01.sns
  0000000039a56e95 1024       SP_Carla_A_Baahed02.sns
  0000000039a57355 1024       SP_Carla_A_Nakhide01.sns
  0000000039a57815 1024       SP_Carla_A_Nakhide02.sns
  0000000039a57cd5 1024       SP_Carla_A_Nakrun01.sns
  0000000039a58195 1024       SP_Carla_A_Nakrun02.sns
  0000000039a58655 1024       SP_Carla_A_Nakrun03.sns
  0000000039a58b15 1024       SP_Carla_A_Nakrun04.sns
  0000000039a58fd5 1024       SP_Carla_A_Runaway01.sns
  0000000039a59495 1024       SP_Carla_A_Runaway02.sns
  0000000039a59955 1024       SP_Carla_A_Runaway03.sns
  0000000039a59e15 1024       SP_Carla_A_Runaway04.sns
  0000000039a5a2d5 1024       SP_Carla_A_Suspicious01.sns
  0000000039a5a795 1024       SP_Carla_A_Suspicious02.sns
  0000000039a5ac55 1024       SP_Carla_A_VExplode01.sns
  0000000039a5b115 1024       SP_Carla_A_VExplode02.sns
  0000000039a5b5d5 1024       SP_Carla_A_VHit01.sns
  0000000039a5ba95 1024       SP_Carla_A_VHit02.sns
  0000000039a5bf55 1024       SP_Carla_A_VJump01.sns
  0000000039a5c415 1024       SP_Carla_A_VJump02.sns
  0000000039a5c8d5 1024       SP_Carla_A_VRun01.sns
  0000000039a5cd95 1024       SP_Carla_A_VRun02.sns
  0000000039a5d255 1024       SP_Carla_A_VRun03.sns
  0000000039a5d715 1024       SP_Carla_A_VRun04.sns
  0000000039a5dbd5 1024       SP_Carla_A_VRunaway01.sns
  0000000039a5e095 1024       SP_Carla_A_VRunaway02.sns
  0000000039a5e555 1024       SP_Carla_A_VRunaway03.sns
  0000000039a5ea15 1024       SP_Carla_A_VRunaway04.sns
  0000000039a5eed5 1024       SP_Carla_A_VScript01.sns
  0000000039a5f395 1024       SP_Carla_J_Baahed01.sns
  0000000039a5f855 1024       SP_Carla_J_Baahed02.sns
  0000000039a5fd15 1024       SP_Carla_J_NakHide01.sns
  0000000039a601d5 1024       SP_Carla_J_NakHide02.sns
  0000000039a60695 1024       SP_Carla_J_NakRun01.sns
  0000000039a60b55 1024       SP_Carla_J_NakRun02.sns
  0000000039a61015 1024       SP_Carla_J_Nakrun03.sns
  0000000039a614d5 1024       SP_Carla_J_Nakrun04.sns
  0000000039a61995 1024       SP_Carla_J_Runaway01.sns
  0000000039a61e55 1024       SP_Carla_J_Runaway02.sns
  0000000039a62315 1024       SP_Carla_J_Runaway03.sns
  0000000039a627d5 1024       SP_Carla_J_Runaway04.sns
  0000000039a62c95 1024       SP_Carla_J_Suspicious01.sns
  0000000039a63155 1024       SP_Carla_J_Suspicious02.sns
  0000000039a63615 1024       SP_Carla_J_VExplode01.sns
  0000000039a63ad5 1024       SP_Carla_J_VExplode02.sns
  0000000039a63f95 1024       SP_Carla_J_VHit01.sns
  0000000039a64455 1024       SP_Carla_J_VHit02.sns
  0000000039a64915 1024       SP_Carla_J_VJump01.sns
  0000000039a64dd5 1024       SP_Carla_J_VJump02.sns
  0000000039a65295 1024       SP_Carla_J_VRun01.sns
  0000000039a65755 1024       SP_Carla_J_VRun02.sns
  0000000039a65c15 1024       SP_Carla_J_VRun03.sns
  0000000039a660d5 1024       SP_Carla_J_VRun04.sns
  0000000039a66595 1024       SP_Carla_J_VRunaway01.sns
  0000000039a66a55 1024       SP_Carla_J_VRunaway02.sns
  0000000039a66f15 1024       SP_Carla_J_VRunaway03.sns
  0000000039a673d5 1024       SP_Carla_J_VRunaway04.sns
  0000000039a67895 1024       SP_Carla_J_VScript01.sns
  0000000039a67d55 1024       SP_Carla_J_VScript02.sns
  0000000039a68215 1024       SP_Carla_V_Baahed01.sns
  0000000039a686d5 1024       SP_Carla_V_Baahed02.sns
  0000000039a68b95 1024       SP_Carla_V_NakHide01.sns
  0000000039a69055 1024       SP_Carla_V_NakHide02.sns
  0000000039a69515 1024       SP_Carla_V_NakRun01.sns
  0000000039a699d5 1024       SP_Carla_V_NakRun02.sns
  0000000039a69e95 1024       SP_Carla_V_NakRun03.sns
  0000000039a6a355 1024       SP_Carla_V_NakRun04.sns
  0000000039a6a815 1024       SP_Carla_V_reactor01.sns
  0000000039a6acd5 1024       SP_Carla_V_reactor02.sns
  0000000039a6b195 1024       SP_Carla_V_reactor03.sns
  0000000039a6b655 1024       SP_Carla_V_Runaway01.sns
  0000000039a6bb15 1024       SP_Carla_V_Runaway02.sns
  0000000039a6bfd5 1024       SP_Carla_V_Runaway03.sns
  0000000039a6c495 1024       SP_Carla_V_Runaway04.sns
  0000000039a6c955 1024       SP_Carla_V_Suspicious01.sns
  0000000039a6ce15 1024       SP_Carla_V_Suspicious02.sns
  0000000039a6d2d5 1024       SP_Carla_V_Vexplode01.sns
  0000000039a6d795 1024       SP_Carla_V_Vexplode02.sns
  0000000039a6dc55 1024       SP_Carla_V_Vhit01.sns
  0000000039a6e115 1024       SP_Carla_V_Vhit02.sns
  0000000039a6e5d5 1024       SP_Carla_V_Vjump01.sns
  0000000039a6ea95 1024       SP_Carla_V_Vjump02.sns
  0000000039a6ef55 1024       SP_Carla_V_Vreactor01.sns
  0000000039a6f415 1024       SP_Carla_V_Vreactor02.sns
  0000000039a6f8d5 1024       SP_Carla_V_Vreactor03.sns
  0000000039a6fd95 1024       SP_Carla_V_Vrun01.sns
  0000000039a70255 1024       SP_Carla_V_Vrun02.sns
  0000000039a70715 1024       SP_Carla_V_Vrun03.sns
  0000000039a70bd5 1024       SP_Carla_V_Vrun04.sns
  0000000039a71095 1024       SP_Carla_V_Vrunaway01.sns
  0000000039a71555 1024       SP_Carla_V_Vrunaway02.sns
  0000000039a71a15 1024       SP_Carla_V_Vrunaway03.sns
  0000000039a71ed5 1024       SP_Carla_V_Vrunaway04.sns
  0000000039a72395 1024       SP_Carla_V_Vscript01.sns
  0000000039a72855 1024       SP_Carla_V_Vscript02.sns
  0000000039a72d15 1024       SP_Chang_J_Baahed01.sns
  0000000039a731d5 1024       SP_Chang_J_Baahed02.sns
  0000000039a73695 1024       SP_Chang_J_NakHide01.sns
  0000000039a73b55 1024       SP_Chang_J_NakHide02.sns
  0000000039a74015 1024       SP_Chang_J_NakRun01.sns
  0000000039a744d5 1024       SP_Chang_J_NakRun02.sns
  0000000039a74995 1024       SP_Chang_J_NakRun03.sns
  0000000039a74e55 1024       SP_Chang_J_NakRun04.sns
  0000000039a75315 1024       SP_Chang_J_reactor01.sns
  0000000039a757d5 1024       SP_Chang_J_reactor02.sns
  0000000039a75c95 1024       SP_Chang_J_reactor03.sns
  0000000039a76155 1024       SP_Chang_J_Runaway01.sns
  0000000039a76615 1024       SP_Chang_J_Runaway02.sns
  0000000039a76ad5 1024       SP_Chang_J_Runaway03.sns
  0000000039a76f95 1024       SP_Chang_J_Runaway04.sns
  0000000039a77455 1024       SP_Chang_J_Suspicious01.sns
  0000000039a77915 1024       SP_Chang_J_Suspicious02.sns
  0000000039a77dd5 1024       SP_Chang_J_VExplode01.sns
  0000000039a78295 1024       SP_Chang_J_VExplode02.sns
  0000000039a78755 1024       SP_Chang_J_VHit01.sns
  0000000039a78c15 1024       SP_Chang_J_VHit02.sns
  0000000039a790d5 1024       SP_Chang_J_VJump01.sns
  0000000039a79595 1024       SP_Chang_J_VJump02.sns
  0000000039a79a55 1024       SP_Chang_J_Vreactor01.sns
  0000000039a79f15 1024       SP_Chang_J_Vreactor02.sns
  0000000039a7a3d5 1024       SP_Chang_J_Vreactor03.sns
  0000000039a7a895 1024       SP_Chang_J_VRun01.sns
  0000000039a7ad55 1024       SP_Chang_J_VRun02.sns
  0000000039a7b215 1024       SP_Chang_J_VRun03.sns
  0000000039a7b6d5 1024       SP_Chang_J_VRun04.sns
  0000000039a7bb95 1024       SP_Chang_J_VRunaway01.sns
  0000000039a7c055 1024       SP_Chang_J_VRunaway02.sns
  0000000039a7c515 1024       SP_Chang_J_VRunaway03.sns
  0000000039a7c9d5 1024       SP_Chang_J_VRunaway04.sns
  0000000039a7ce95 1024       SP_Chang_J_VScript01.sns
  0000000039a7d355 1024       SP_Chang_J_VScript02.sns
  0000000039a7d815 1024       SP_Chang_V_Baahed01.sns
  0000000039a7dcd5 1024       SP_Chang_V_Baahed02.sns
  0000000039a7e195 1024       SP_Chang_V_Nakhide01.sns
  0000000039a7e655 1024       SP_Chang_V_Nakhide02.sns
  0000000039a7eb15 1024       SP_Chang_V_Nakrun01.sns
  0000000039a7efd5 1024       SP_Chang_V_Nakrun02.sns
  0000000039a7f495 1024       SP_Chang_V_Nakrun03.sns
  0000000039a7f955 1024       SP_Chang_V_Nakrun04.sns
  0000000039a7fe15 1024       SP_Chang_V_Runaway01.sns
  0000000039a802d5 1024       SP_Chang_V_Runaway02.sns
  0000000039a80795 1024       SP_Chang_V_Runaway03.sns
  0000000039a80c55 1024       SP_Chang_V_Runaway04.sns
  0000000039a81115 1024       SP_Chang_V_Suspicious01.sns
  0000000039a815d5 1024       SP_Chang_V_Suspicious02.sns
  0000000039a81a95 1024       SP_Chang_V_VExplode01.sns
  0000000039a81f55 1024       SP_Chang_V_VExplode02.sns
  0000000039a82415 1024       SP_Chang_V_VHit01.sns
  0000000039a828d5 1024       SP_Chang_V_VHit02.sns
  0000000039a82d95 1024       SP_Chang_V_VJump01.sns
  0000000039a83255 1024       SP_Chang_V_VJump02.sns
  0000000039a83715 1024       SP_Chang_V_VRun01.sns
  0000000039a83bd5 1024       SP_Chang_V_VRun02.sns
  0000000039a84095 1024       SP_Chang_V_VRun03.sns
  0000000039a84555 1024       SP_Chang_V_VRun04.sns
  0000000039a84a15 1024       SP_Chang_V_VRunaway01.sns
  0000000039a84ed5 1024       SP_Chang_V_VRunaway02.sns
  0000000039a85395 1024       SP_Chang_V_VRunaway03.sns
  0000000039a85855 1024       SP_Chang_V_VRunaway04.sns
  0000000039a85d15 1024       SP_Chang_V_VScript01.sns
  0000000039a861d5 1024       SP_Chang_V_VScript02.sns
  0000000039a86695 1024       SP_CharlesHenri_A_Baahed01.sns
  0000000039a86b55 1024       SP_CharlesHenri_A_Baahed02.sns
  0000000039a87015 1024       SP_CharlesHenri_A_Nakhide01.sns
  0000000039a874d5 1024       SP_CharlesHenri_A_Nakhide02.sns
  0000000039a87995 1024       SP_CharlesHenri_A_Nakrun01.sns
  0000000039a87e55 1024       SP_CharlesHenri_A_Nakrun02.sns
  0000000039a88315 1024       SP_CharlesHenri_A_Nakrun03.sns
  0000000039a887d5 1024       SP_CharlesHenri_A_Nakrun04.sns
  0000000039a88c95 1024       SP_CharlesHenri_A_Runaway01.sns
  0000000039a89155 1024       SP_CharlesHenri_A_Runaway02.sns
  0000000039a89615 1024       SP_CharlesHenri_A_Runaway03.sns
  0000000039a89ad5 1024       SP_CharlesHenri_A_Runaway04.sns
  0000000039a89f95 1024       SP_CharlesHenri_A_Suspicious01.sns
  0000000039a8a455 1024       SP_CharlesHenri_A_Suspicious02.sns
  0000000039a8a915 1024       SP_CharlesHenri_A_VExplode01.sns
  0000000039a8add5 1024       SP_CharlesHenri_A_VExplode02.sns
  0000000039a8b295 1024       SP_CharlesHenri_A_VHit01.sns
  0000000039a8b755 1024       SP_CharlesHenri_A_VHit02.sns
  0000000039a8bc15 1024       SP_CharlesHenri_A_VJump01.sns
  0000000039a8c0d5 1024       SP_CharlesHenri_A_VJump02.sns
  0000000039a8c595 1024       SP_CharlesHenri_A_VRun01.sns
  0000000039a8ca55 1024       SP_CharlesHenri_A_VRun02.sns
  0000000039a8cf15 1024       SP_CharlesHenri_A_VRun03.sns
  0000000039a8d3d5 1024       SP_CharlesHenri_A_VRun04.sns
  0000000039a8d895 1024       SP_CharlesHenri_A_VRunaway01.sns
  0000000039a8dd55 1024       SP_CharlesHenri_A_VRunaway02.sns
  0000000039a8e215 1024       SP_CharlesHenri_A_VRunaway03.sns
  0000000039a8e6d5 1024       SP_CharlesHenri_A_VRunaway04.sns
  0000000039a8eb95 1024       SP_CharlesHenri_A_VScript01.sns
  0000000039a8f055 1024       SP_CharlesHenri_A_VScript02.sns
  0000000039a8f515 1024       SP_CharlesHenri_J_Baahed01.sns
  0000000039a8f9d5 1024       SP_CharlesHenri_J_Baahed02.sns
  0000000039a8fe95 1024       SP_CharlesHenri_J_NakHide01.sns
  0000000039a90355 1024       SP_CharlesHenri_J_NakHide02.sns
  0000000039a90815 1024       SP_CharlesHenri_J_NakRun01.sns
  0000000039a90cd5 1024       SP_CharlesHenri_J_NakRun02.sns
  0000000039a91195 1024       SP_CharlesHenri_J_NakRun03.sns
  0000000039a91655 1024       SP_CharlesHenri_J_NakRun04.sns
  0000000039a91b15 1024       SP_CharlesHenri_J_reactor01.sns
  0000000039a91fd5 1024       SP_CharlesHenri_J_reactor02.sns
  0000000039a92495 1024       SP_CharlesHenri_J_reactor03.sns
  0000000039a92955 1024       SP_CharlesHenri_J_Runaway01.sns
  0000000039a92e15 1024       SP_CharlesHenri_J_Runaway02.sns
  0000000039a932d5 1024       SP_CharlesHenri_J_Runaway03.sns
  0000000039a93795 1024       SP_CharlesHenri_J_Runaway04.sns
  0000000039a93c55 1024       SP_CharlesHenri_J_Suspicious01.sns
  0000000039a94115 1024       SP_CharlesHenri_J_Suspicious02.sns
  0000000039a945d5 1024       SP_CharlesHenri_J_VExplode01.sns
  0000000039a94a95 1024       SP_CharlesHenri_J_VExplode02.sns
  0000000039a94f55 1024       SP_CharlesHenri_J_VHit01.sns
  0000000039a95415 1024       SP_CharlesHenri_J_VHit02.sns
  0000000039a958d5 1024       SP_CharlesHenri_J_VJump01.sns
  0000000039a95d95 1024       SP_CharlesHenri_J_VJump02.sns
  0000000039a96255 1024       SP_CharlesHenri_J_Vreactor01.sns
  0000000039a96715 1024       SP_CharlesHenri_J_Vreactor02.sns
  0000000039a96bd5 1024       SP_CharlesHenri_J_Vreactor03.sns
  0000000039a97095 1024       SP_CharlesHenri_J_VRun01.sns
  0000000039a97555 1024       SP_CharlesHenri_J_VRun02.sns
  0000000039a97a15 1024       SP_CharlesHenri_J_VRun03.sns
  0000000039a97ed5 1024       SP_CharlesHenri_J_VRunAway01.sns
  0000000039a98395 1024       SP_CharlesHenri_J_VRunAway02.sns
  0000000039a98855 1024       SP_CharlesHenri_J_VRunAway03.sns
  0000000039a98d15 1024       SP_CharlesHenri_J_VRunAway04.sns
  0000000039a991d5 1024       SP_CharlesHenri_J_VScript01.sns
  0000000039a99695 1024       SP_CharlesHenri_J_VScript02.sns
  0000000039a99b55 1024       SP_CharlesHenri_V_Baahed01.sns
  0000000039a9a015 1024       SP_CharlesHenri_V_Baahed02.sns
  0000000039a9a4d5 1024       SP_CharlesHenri_V_NakHide01.sns
  0000000039a9a995 1024       SP_CharlesHenri_V_NakHide02.sns
  0000000039a9ae55 1024       SP_CharlesHenri_V_NakRun01.sns
  0000000039a9b315 1024       SP_CharlesHenri_V_NakRun02.sns
  0000000039a9b7d5 1024       SP_CharlesHenri_V_NakRun03.sns
  0000000039a9bc95 1024       SP_CharlesHenri_V_NakRun04.sns
  0000000039a9c155 1024       SP_CharlesHenri_V_Runaway01.sns
  0000000039a9c615 1024       SP_CharlesHenri_V_Runaway02.sns
  0000000039a9cad5 1024       SP_CharlesHenri_V_Runaway03.sns
  0000000039a9cf95 1024       SP_CharlesHenri_V_Runaway04.sns
  0000000039a9d455 1024       SP_CharlesHenri_V_Suspicious01.sns
  0000000039a9d915 1024       SP_CharlesHenri_V_Suspicious02.sns
  0000000039a9ddd5 1024       SP_CharlesHenri_V_Vexplode01.sns
  0000000039a9e295 1024       SP_CharlesHenri_V_Vexplode02.sns
  0000000039a9e755 1024       SP_CharlesHenri_V_Vhit01.sns
  0000000039a9ec15 1024       SP_CharlesHenri_V_Vhit02.sns
  0000000039a9f0d5 1024       SP_CharlesHenri_V_Vjump01.sns
  0000000039a9f595 1024       SP_CharlesHenri_V_Vjump02.sns
  0000000039a9fa55 1024       SP_CharlesHenri_V_Vrun01.sns
  0000000039a9ff15 1024       SP_CharlesHenri_V_Vrun02.sns
  0000000039aa03d5 1024       SP_CharlesHenri_V_Vrun03.sns
  0000000039aa0895 1024       SP_CharlesHenri_V_Vrun04.sns
  0000000039aa0d55 1024       SP_CharlesHenri_V_Vrunaway01.sns
  0000000039aa1215 1024       SP_CharlesHenri_V_Vrunaway02.sns
  0000000039aa16d5 1024       SP_CharlesHenri_V_Vrunaway03.sns
  0000000039aa1b95 1024       SP_CharlesHenri_V_Vrunaway04.sns
  0000000039aa2055 1024       SP_CharlesHenri_V_Vscript01.sns
  0000000039aa2515 1024       SP_CharlesHenri_V_Vscript02.sns
  0000000039aa29d5 1024       SP_Ching_A_Baahed01.sns
  0000000039aa2e95 1024       SP_Ching_A_Baahed02.sns
  0000000039aa3355 1024       SP_Ching_A_Nakhide01.sns
  0000000039aa3815 1024       SP_Ching_A_Nakhide02.sns
  0000000039aa3cd5 1024       SP_Ching_A_Nakrun01.sns
  0000000039aa4195 1024       SP_Ching_A_Nakrun02.sns
  0000000039aa4655 1024       SP_Ching_A_Nakrun03.sns
  0000000039aa4b15 1024       SP_Ching_A_Nakrun04.sns
  0000000039aa4fd5 1024       SP_Ching_A_Runaway01.sns
  0000000039aa5495 1024       SP_Ching_A_Runaway02.sns
  0000000039aa5955 1024       SP_Ching_A_Runaway03.sns
  0000000039aa5e15 1024       SP_Ching_A_Runaway04.sns
  0000000039aa62d5 1024       SP_Ching_A_Suspicious01.sns
  0000000039aa6795 1024       SP_Ching_A_Suspicious02.sns
  0000000039aa6c55 1024       SP_Ching_A_VExplode01.sns
  0000000039aa7115 1024       SP_Ching_A_VExplode02.sns
  0000000039aa75d5 1024       SP_Ching_A_VHit01.sns
  0000000039aa7a95 1024       SP_Ching_A_VHit02.sns
  0000000039aa7f55 1024       SP_Ching_A_VJump01.sns
  0000000039aa8415 1024       SP_Ching_A_VJump02.sns
  0000000039aa88d5 1024       SP_Ching_A_VRun01.sns
  0000000039aa8d95 1024       SP_Ching_A_VRun02.sns
  0000000039aa9255 1024       SP_Ching_A_VRun03.sns
  0000000039aa9715 1024       SP_Ching_A_VRun04.sns
  0000000039aa9bd5 1024       SP_Ching_A_VRunaway01.sns
  0000000039aaa095 1024       SP_Ching_A_VRunaway02.sns
  0000000039aaa555 1024       SP_Ching_A_VRunaway03.sns
  0000000039aaaa15 1024       SP_Ching_A_VRunaway04.sns
  0000000039aaaed5 1024       SP_Ching_A_VScript01.sns
  0000000039aab395 1024       SP_Ching_A_VScript02.sns
  0000000039aab855 1024       SP_Ching_V_Baahed01.sns
  0000000039aabd15 1024       SP_Ching_V_Baahed02.sns
  0000000039aac1d5 1024       SP_Ching_V_Nakhide01.sns
  0000000039aac695 1024       SP_Ching_V_Nakhide02.sns
  0000000039aacb55 1024       SP_Ching_V_Nakrun01.sns
  0000000039aad015 1024       SP_Ching_V_Nakrun02.sns
  0000000039aad4d5 1024       SP_Ching_V_Nakrun03.sns
  0000000039aad995 1024       SP_Ching_V_Nakrun04.sns
  0000000039aade55 1024       SP_Ching_V_Runaway01.sns
  0000000039aae315 1024       SP_Ching_V_Runaway02.sns
  0000000039aae7d5 1024       SP_Ching_V_Runaway03.sns
  0000000039aaec95 1024       SP_Ching_V_Runaway04.sns
  0000000039aaf155 1024       SP_Ching_V_Suspicious01.sns
  0000000039aaf615 1024       SP_Ching_V_Suspicious02.sns
  0000000039aafad5 1024       SP_Ching_V_VExplode01.sns
  0000000039aaff95 1024       SP_Ching_V_VExplode02.sns
  0000000039ab0455 1024       SP_Ching_V_VHit01.sns
  0000000039ab0915 1024       SP_Ching_V_VHit02.sns
  0000000039ab0dd5 1024       SP_Ching_V_VJump01.sns
  0000000039ab1295 1024       SP_Ching_V_VJump02.sns
  0000000039ab1755 1024       SP_Ching_V_VRun01.sns
  0000000039ab1c15 1024       SP_Ching_V_VRun02.sns
  0000000039ab20d5 1024       SP_Ching_V_VRun03.sns
  0000000039ab2595 1024       SP_Ching_V_VRun04.sns
  0000000039ab2a55 1024       SP_Ching_V_VRunaway01.sns
  0000000039ab2f15 1024       SP_Ching_V_VRunaway02.sns
  0000000039ab33d5 1024       SP_Ching_V_VRunaway03.sns
  0000000039ab3895 1024       SP_Ching_V_VRunaway04.sns
  0000000039ab3d55 1024       SP_Ching_V_VScript01.sns
  0000000039ab4215 1024       SP_Ching_V_VScript02.sns
  0000000039ab46d5 1024       SP_Chuck_A_Baahed01.sns
  0000000039ab4b95 1024       SP_Chuck_A_Baahed02.sns
  0000000039ab5055 1024       SP_Chuck_A_NakHide01.sns
  0000000039ab5515 1024       SP_Chuck_A_NakHide02.sns
  0000000039ab59d5 1024       SP_Chuck_A_Nakrun01.sns
  0000000039ab5e95 1024       SP_Chuck_A_Nakrun02.sns
  0000000039ab6355 1024       SP_Chuck_A_Nakrun03.sns
  0000000039ab6815 1024       SP_Chuck_A_Nakrun04.sns
  0000000039ab6cd5 1024       SP_Chuck_A_Runaway01.sns
  0000000039ab7195 1024       SP_Chuck_A_Runaway02.sns
  0000000039ab7655 1024       SP_Chuck_A_Runaway03.sns
  0000000039ab7b15 1024       SP_Chuck_A_Runaway04.sns
  0000000039ab7fd5 1024       SP_Chuck_A_Suspicious01.sns
  0000000039ab8495 1024       SP_Chuck_A_Suspicious02.sns
  0000000039ab8955 1024       SP_Chuck_A_Vexplode01.sns
  0000000039ab8e15 1024       SP_Chuck_A_Vexplode02.sns
  0000000039ab92d5 1024       SP_Chuck_A_Vhit01.sns
  0000000039ab9795 1024       SP_Chuck_A_Vhit02.sns
  0000000039ab9c55 1024       SP_Chuck_A_Vjump01.sns
  0000000039aba115 1024       SP_Chuck_A_Vjump02.sns
  0000000039aba5d5 1024       SP_Chuck_A_Vrun01.sns
  0000000039abaa95 1024       SP_Chuck_A_Vrun02.sns
  0000000039abaf55 1024       SP_Chuck_A_Vrun03.sns
  0000000039abb415 1024       SP_Chuck_A_Vrun04.sns
  0000000039abb8d5 1024       SP_Chuck_A_Vrunaway01.sns
  0000000039abbd95 1024       SP_Chuck_A_Vrunaway02.sns
  0000000039abc255 1024       SP_Chuck_A_Vrunaway03.sns
  0000000039abc715 1024       SP_Chuck_A_Vrunaway04.sns
  0000000039abcbd5 1024       SP_Chuck_A_Vscript01.sns
  0000000039abd095 1024       SP_Chuck_A_Vscript02.sns
  0000000039abd555 1024       SP_Chuck_J_Baahed01.sns
  0000000039abda15 1024       SP_Chuck_J_Baahed02.sns
  0000000039abded5 1024       SP_Chuck_J_Nakhide01.sns
  0000000039abe395 1024       SP_Chuck_J_Nakhide02.sns
  0000000039abe855 1024       SP_Chuck_J_Nakrun01.sns
  0000000039abed15 1024       SP_Chuck_J_Nakrun02.sns
  0000000039abf1d5 1024       SP_Chuck_J_Nakrun03.sns
  0000000039abf695 1024       SP_Chuck_J_Nakrun04.sns
  0000000039abfb55 1024       SP_Chuck_J_reactor01.sns
  0000000039ac0015 1024       SP_Chuck_J_reactor02.sns
  0000000039ac04d5 1024       SP_Chuck_J_reactor03.sns
  0000000039ac0995 1024       SP_Chuck_J_Runaway01.sns
  0000000039ac0e55 1024       SP_Chuck_J_Runaway02.sns
  0000000039ac1315 1024       SP_Chuck_J_Runaway03.sns
  0000000039ac17d5 1024       SP_Chuck_J_Runaway04.sns
  0000000039ac1c95 1024       SP_Chuck_J_Suspicious01.sns
  0000000039ac2155 1024       SP_Chuck_J_Suspicious02.sns
  0000000039ac2615 1024       SP_Chuck_J_Vexplode01.sns
  0000000039ac2ad5 1024       SP_Chuck_J_Vexplode02.sns
  0000000039ac2f95 1024       SP_Chuck_J_Vhit01.sns
  0000000039ac3455 1024       SP_Chuck_J_Vhit02.sns
  0000000039ac3915 1024       SP_Chuck_J_Vjump01.sns
  0000000039ac3dd5 1024       SP_Chuck_J_Vjump02.sns
  0000000039ac4295 1024       SP_Chuck_J_Vreactor01.sns
  0000000039ac4755 1024       SP_Chuck_J_Vreactor02.sns
  0000000039ac4c15 1024       SP_Chuck_J_Vreactor03.sns
  0000000039ac50d5 1024       SP_Chuck_J_Vrun01.sns
  0000000039ac5595 1024       SP_Chuck_J_Vrun02.sns
  0000000039ac5a55 1024       SP_Chuck_J_Vrun03.sns
  0000000039ac5f15 1024       SP_Chuck_J_Vrun04.sns
  0000000039ac63d5 1024       SP_Chuck_J_Vrunaway01.sns
  0000000039ac6895 1024       SP_Chuck_J_Vrunaway02.sns
  0000000039ac6d55 1024       SP_Chuck_J_Vrunaway03.sns
  0000000039ac7215 1024       SP_Chuck_J_Vrunaway04.sns
  0000000039ac76d5 1024       SP_Chuck_J_Vscript01.sns
  0000000039ac7b95 1024       SP_Chuck_J_Vscript02.sns
  0000000039ac8055 1024       SP_Chuck_V_Baahed01.sns
  0000000039ac8515 1024       SP_Chuck_V_Baahed02.sns
  0000000039ac89d5 1024       SP_Chuck_V_Nakhide01.sns
  0000000039ac8e95 1024       SP_Chuck_V_Nakhide02.sns
  0000000039ac9355 1024       SP_Chuck_V_Nakrun01.sns
  0000000039ac9815 1024       SP_Chuck_V_Nakrun02.sns
  0000000039ac9cd5 1024       SP_Chuck_V_Nakrun03.sns
  0000000039aca195 1024       SP_Chuck_V_Nakrun04.sns
  0000000039aca655 1024       SP_Chuck_V_Runaway01.sns
  0000000039acab15 1024       SP_Chuck_V_Runaway02.sns
  0000000039acafd5 1024       SP_Chuck_V_Runaway04.sns
  0000000039acb495 1024       SP_Chuck_V_Suspicious01.sns
  0000000039acb955 1024       SP_Chuck_V_Suspicious02.sns
  0000000039acbe15 1024       SP_Chuck_V_VExplode01.sns
  0000000039acc2d5 1024       SP_Chuck_V_VExplode02.sns
  0000000039acc795 1024       SP_Chuck_V_VHit01.sns
  0000000039accc55 1024       SP_Chuck_V_VHit02.sns
  0000000039acd115 1024       SP_Chuck_V_VJump01.sns
  0000000039acd5d5 1024       SP_Chuck_V_VJump02.sns
  0000000039acda95 1024       SP_Chuck_V_VRun02.sns
  0000000039acdf55 1024       SP_Chuck_V_VRun03.sns
  0000000039ace415 1024       SP_Chuck_V_VRun04.sns
  0000000039ace8d5 1024       SP_Chuck_V_VRunaway01.sns
  0000000039aced95 1024       SP_Chuck_V_VRunaway02.sns
  0000000039acf255 1024       SP_Chuck_V_VRunaway04.sns
  0000000039acf715 1024       SP_Chuck_V_VScript01.sns
  0000000039acfbd5 1024       SP_Chuck_V_VScript02.sns
  0000000039ad0095 1024       SP_Office_controltower_worker_backbusy01.sns
  0000000039ad0555 1024       SP_Office_controltower_worker_backbusy02.sns
  0000000039ad0a15 1024       SP_Office_controltower_worker_backbusy03.sns
  0000000039ad0ed5 1024       SP_Office_controltower_worker_backbusy04.sns
  0000000039ad1395 1024       SP_Office_controltower_worker_turn01.sns
  0000000039ad1855 1024       SP_Office_controltower_worker_turn02.sns
  0000000039ad1d15 1024       SP_Diver_Baahed01.sns
  0000000039ad21d5 1024       SP_Diver_Baahed02.sns
  0000000039ad2695 1024       SP_Diver_NakHide01.sns
  0000000039ad2b55 1024       SP_Diver_NakHide02.sns
  0000000039ad3015 1024       SP_Diver_NakRun01.sns
  0000000039ad34d5 1024       SP_Diver_NakRun02.sns
  0000000039ad3995 1024       SP_Diver_NakRun03.sns
  0000000039ad3e55 1024       SP_Diver_NakRun04.sns
  0000000039ad4315 1024       SP_Diver_Runaway01.sns
  0000000039ad47d5 1024       SP_Diver_Runaway02.sns
  0000000039ad4c95 1024       SP_Diver_Runaway03.sns
  0000000039ad5155 1024       SP_Diver_Runaway04.sns
  0000000039ad5615 1024       SP_Diver_Suspicious01.sns
  0000000039ad5ad5 1024       SP_Diver_Suspicious02.sns
  0000000039ad5f95 1024       SP_Doctor_Baahed01.sns
  0000000039ad6455 1024       SP_Doctor_Baahed02.sns
  0000000039ad6915 1024       SP_Doctor_NakHide01.sns
  0000000039ad6dd5 1024       SP_Doctor_NakHide02.sns
  0000000039ad7295 1024       SP_Doctor_NakRun01.sns
  0000000039ad7755 1024       SP_Doctor_NakRun02.sns
  0000000039ad7c15 1024       SP_Doctor_NakRun03.sns
  0000000039ad80d5 1024       SP_Doctor_NakRun04.sns
  0000000039ad8595 1024       SP_Doctor_Runaway01.sns
  0000000039ad8a55 1024       SP_Doctor_Runaway02.sns
  0000000039ad8f15 1024       SP_Doctor_Runaway03.sns
  0000000039ad93d5 1024       SP_Doctor_Runaway04.sns
  0000000039ad9895 1024       SP_Doctor_Suspicious01.sns
  0000000039ad9d55 1024       SP_Doctor_Suspicious02.sns
  0000000039ada215 1024       SP_DogwomanOld_Baahed01.sns
  0000000039ada6d5 1024       SP_DogwomanOld_Baahed02.sns
  0000000039adab95 1024       SP_DogwomanOld_dogattack01.sns
  0000000039adb055 1024       SP_DogwomanOld_dogattack02.sns
  0000000039adb515 1024       SP_DogwomanOld_dogattack03.sns
  0000000039adb9d5 1024       SP_DogwomanOld_dogattack04.sns
  0000000039adbe95 1024       SP_DogwomanOld_Nakhide01.sns
  0000000039adc355 1024       SP_DogwomanOld_Nakhide02.sns
  0000000039adc815 1024       SP_DogwomanOld_Nakrun01.sns
  0000000039adccd5 1024       SP_DogwomanOld_Nakrun02.sns
  0000000039add195 1024       SP_DogwomanOld_Nakrun03.sns
  0000000039add655 1024       SP_DogwomanOld_Nakrun04.sns
  0000000039addb15 1024       SP_DogwomanOld_Runaway01.sns
  0000000039addfd5 1024       SP_DogwomanOld_Runaway02.sns
  0000000039ade495 1024       SP_DogwomanOld_Runaway03.sns
  0000000039ade955 1024       SP_DogwomanOld_Runaway04.sns
  0000000039adee15 1024       SP_DogwomanOld_Suspicious01.sns
  0000000039adf2d5 1024       SP_DogwomanOld_Suspicious02.sns
  0000000039adf795 1024       SP_Dogman_baahed01.sns
  0000000039adfc55 1024       SP_Dogman_baahed02.sns
  0000000039ae0115 1024       SP_Dogman_dogattack01.sns
  0000000039ae05d5 1024       SP_Dogman_dogattack02.sns
  0000000039ae0a95 1024       SP_Dogman_dogattack03.sns
  0000000039ae0f55 1024       SP_Dogman_dogattack04.sns
  0000000039ae1415 1024       SP_Dogman_nakhide01.sns
  0000000039ae18d5 1024       SP_Dogman_nakhide02.sns
  0000000039ae1d95 1024       SP_Dogman_nakrun01.sns
  0000000039ae2255 1024       SP_Dogman_nakrun02.sns
  0000000039ae2715 1024       SP_Dogman_nakrun03.sns
  0000000039ae2bd5 1024       SP_Dogman_nakrun04.sns
  0000000039ae3095 1024       SP_Dogman_runaway01.sns
  0000000039ae3555 1024       SP_Dogman_runaway02.sns
  0000000039ae3a15 1024       SP_Dogman_runaway03.sns
  0000000039ae3ed5 1024       SP_Dogman_runaway04.sns
  0000000039ae4395 1024       SP_Dogman_suspicious01.sns
  0000000039ae4855 1024       SP_Dogman_suspicious02.sns
  0000000039ae4d15 1024       SP_dogwoman_Baahed01.sns
  0000000039ae51d5 1024       SP_dogwoman_Baahed02.sns
  0000000039ae5695 1024       SP_dogwoman_NakHide01.sns
  0000000039ae5b55 1024       SP_dogwoman_NakHide02.sns
  0000000039ae6015 1024       SP_dogwoman_NakRun01.sns
  0000000039ae64d5 1024       SP_dogwoman_NakRun02.sns
  0000000039ae6995 1024       SP_dogwoman_NakRun03.sns
  0000000039ae6e55 1024       SP_dogwoman_NakRun04.sns
  0000000039ae7315 1024       SP_dogwoman_Runaway01.sns
  0000000039ae77d5 1024       SP_dogwoman_Runaway04.sns
  0000000039ae7c95 1024       SP_dogwoman_Suspicious01.sns
  0000000039ae8155 1024       SP_dogwoman_Suspicious02.sns
  0000000039ae8615 1024       SP_Employee1_Baahed01.sns
  0000000039ae8ad5 1024       SP_Employee1_Baahed02.sns
  0000000039ae8f95 1024       SP_Employee1_Nakhide01.sns
  0000000039ae9455 1024       SP_Employee1_Nakhide02.sns
  0000000039ae9915 1024       SP_Employee1_Nakrun01.sns
  0000000039ae9dd5 1024       SP_Employee1_Nakrun02.sns
  0000000039aea295 1024       SP_Employee1_Nakrun03.sns
  0000000039aea755 1024       SP_Employee1_Nakrun04.sns
  0000000039aeac15 1024       SP_Employee1_Runaway01.sns
  0000000039aeb0d5 1024       SP_Employee1_Runaway02.sns
  0000000039aeb595 1024       SP_Employee1_Runaway03.sns
  0000000039aeba55 1024       SP_Employee1_Runaway04.sns
  0000000039aebf15 1024       SP_Employee1_Suspicious01.sns
  0000000039aec3d5 1024       SP_Employee1_Suspicious02.sns
  0000000039aec895 1024       SP_Employee2_Baahed01.sns
  0000000039aecd55 1024       SP_Employee2_Baahed02.sns
  0000000039aed215 1024       SP_Employee2_Nakhide01.sns
  0000000039aed6d5 1024       SP_Employee2_Nakhide02.sns
  0000000039aedb95 1024       SP_Employee2_Nakrun01.sns
  0000000039aee055 1024       SP_Employee2_Nakrun02.sns
  0000000039aee515 1024       SP_Employee2_Nakrun03.sns
  0000000039aee9d5 1024       SP_Employee2_Nakrun04.sns
  0000000039aeee95 1024       SP_Employee2_Runaway01.sns
  0000000039aef355 1024       SP_Employee2_Runaway02.sns
  0000000039aef815 1024       SP_Employee2_Runaway03.sns
  0000000039aefcd5 1024       SP_Employee2_Runaway04.sns
  0000000039af0195 1024       SP_Employee2_Suspicious01.sns
  0000000039af0655 1024       SP_Employee2_Suspicious02.sns
  0000000039af0b15 1024       SP_Francois_A_Baahed01.sns
  0000000039af0fd5 1024       SP_Francois_A_Baahed02.sns
  0000000039af1495 1024       SP_Francois_A_Nakhide01.sns
  0000000039af1955 1024       SP_Francois_A_Nakhide02.sns
  0000000039af1e15 1024       SP_Francois_A_Nakrun01.sns
  0000000039af22d5 1024       SP_Francois_A_Nakrun02.sns
  0000000039af2795 1024       SP_Francois_A_Nakrun03.sns
  0000000039af2c55 1024       SP_Francois_A_Nakrun04.sns
  0000000039af3115 1024       SP_Francois_A_reactor01.sns
  0000000039af35d5 1024       SP_Francois_A_reactor02.sns
  0000000039af3a95 1024       SP_Francois_A_reactor03.sns
  0000000039af3f55 1024       SP_Francois_A_Runaway01.sns
  0000000039af4415 1024       SP_Francois_A_Runaway02.sns
  0000000039af48d5 1024       SP_Francois_A_Runaway03.sns
  0000000039af4d95 1024       SP_Francois_A_Runaway04.sns
  0000000039af5255 1024       SP_Francois_A_Suspicious01.sns
  0000000039af5715 1024       SP_Francois_A_Suspicious02.sns
  0000000039af5bd5 1024       SP_Francois_A_Vexplode01.sns
  0000000039af6095 1024       SP_Francois_A_Vexplode02.sns
  0000000039af6555 1024       SP_Francois_A_Vhit01.sns
  0000000039af6a15 1024       SP_Francois_A_Vhit02.sns
  0000000039af6ed5 1024       SP_Francois_A_Vjump01.sns
  0000000039af7395 1024       SP_Francois_A_Vjump02.sns
  0000000039af7855 1024       SP_Francois_A_Vreactor01.sns
  0000000039af7d15 1024       SP_Francois_A_Vreactor02.sns
  0000000039af81d5 1024       SP_Francois_A_Vreactor03.sns
  0000000039af8695 1024       SP_Francois_A_Vrun01.sns
  0000000039af8b55 1024       SP_Francois_A_Vrun02.sns
  0000000039af9015 1024       SP_Francois_A_Vrun03.sns
  0000000039af94d5 1024       SP_Francois_A_Vrun04.sns
  0000000039af9995 1024       SP_Francois_A_Vrunaway01.sns
  0000000039af9e55 1024       SP_Francois_A_Vrunaway02.sns
  0000000039afa315 1024       SP_Francois_A_Vrunaway03.sns
  0000000039afa7d5 1024       SP_Francois_A_Vrunaway04.sns
  0000000039afac95 1024       SP_Francois_A_Vscript01.sns
  0000000039afb155 1024       SP_Francois_A_Vscript02.sns
  0000000039afb615 1024       SP_Francois_J_Baahed01.sns
  0000000039afbad5 1024       SP_Francois_J_Baahed02.sns
  0000000039afbf95 1024       SP_Francois_J_NakHide01.sns
  0000000039afc455 1024       SP_Francois_J_NakHide02.sns
  0000000039afc915 1024       SP_Francois_J_NakRun01.sns
  0000000039afcdd5 1024       SP_Francois_J_NakRun02.sns
  0000000039afd295 1024       SP_Francois_J_NakRun03.sns
  0000000039afd755 1024       SP_Francois_J_NakRun04.sns
  0000000039afdc15 1024       SP_Francois_J_Runaway01.sns
  0000000039afe0d5 1024       SP_Francois_J_Runaway02.sns
  0000000039afe595 1024       SP_Francois_J_Runaway03.sns
  0000000039afea55 1024       SP_Francois_J_Runaway04.sns
  0000000039afef15 1024       SP_Francois_J_Suspicious01.sns
  0000000039aff3d5 1024       SP_Francois_J_Suspicious02.sns
  0000000039aff895 1024       SP_Francois_J_Vexplode01.sns
  0000000039affd55 1024       SP_Francois_J_Vexplode02.sns
  0000000039b00215 1024       SP_Francois_J_Vhit01.sns
  0000000039b006d5 1024       SP_Francois_J_Vhit02.sns
  0000000039b00b95 1024       SP_Francois_J_Vjump01.sns
  0000000039b01055 1024       SP_Francois_J_Vjump02.sns
  0000000039b01515 1024       SP_Francois_J_Vrun01.sns
  0000000039b019d5 1024       SP_Francois_J_Vrun02.sns
  0000000039b01e95 1024       SP_Francois_J_Vrun03.sns
  0000000039b02355 1024       SP_Francois_J_Vrun04.sns
  0000000039b02815 1024       SP_Francois_J_Vrunaway01.sns
  0000000039b02cd5 1024       SP_Francois_J_Vrunaway02.sns
  0000000039b03195 1024       SP_Francois_J_Vrunaway03.sns
  0000000039b03655 1024       SP_Francois_J_Vrunaway04.sns
  0000000039b03b15 1024       SP_Francois_J_Vscript01.sns
  0000000039b03fd5 1024       SP_Francois_J_Vscript02.sns
  0000000039b04495 1024       SP_Francois_V_Baahed01.sns
  0000000039b04955 1024       SP_Francois_V_Baahed02.sns
  0000000039b04e15 1024       SP_Francois_V_Nakhide01.sns
  0000000039b052d5 1024       SP_Francois_V_Nakhide02.sns
  0000000039b05795 1024       SP_Francois_V_Nakrun01.sns
  0000000039b05c55 1024       SP_Francois_V_Nakrun02.sns
  0000000039b06115 1024       SP_Francois_V_Nakrun03.sns
  0000000039b065d5 1024       SP_Francois_V_Nakrun04.sns
  0000000039b06a95 1024       SP_Francois_V_Runaway01.sns
  0000000039b06f55 1024       SP_Francois_V_Runaway02.sns
  0000000039b07415 1024       SP_Francois_V_Runaway03.sns
  0000000039b078d5 1024       SP_Francois_V_Runaway04.sns
  0000000039b07d95 1024       SP_Francois_V_Suspicious01.sns
  0000000039b08255 1024       SP_Francois_V_Suspicious02.sns
  0000000039b08715 1024       SP_Francois_V_VExplode01.sns
  0000000039b08bd5 1024       SP_Francois_V_VExplode02.sns
  0000000039b09095 1024       SP_Francois_V_VHit01.sns
  0000000039b09555 1024       SP_Francois_V_VHit02.sns
  0000000039b09a15 1024       SP_Francois_V_VJump01.sns
  0000000039b09ed5 1024       SP_Francois_V_VJump02.sns
  0000000039b0a395 1024       SP_Francois_V_VRun01.sns
  0000000039b0a855 1024       SP_Francois_V_VRun02.sns
  0000000039b0ad15 1024       SP_Francois_V_VRun03.sns
  0000000039b0b1d5 1024       SP_Francois_V_VRun04.sns
  0000000039b0b695 1024       SP_Francois_V_VRunaway01.sns
  0000000039b0bb55 1024       SP_Francois_V_VRunaway02.sns
  0000000039b0c015 1024       SP_Francois_V_VRunaway03.sns
  0000000039b0c4d5 1024       SP_Francois_V_VRunaway04.sns
  0000000039b0c995 1024       SP_Francois_V_VScript01.sns
  0000000039b0ce55 1024       SP_Francois_V_VScript02.sns
  0000000039b0d315 1024       SP_Gardener_Baahed01.sns
  0000000039b0d7d5 1024       SP_Gardener_Baahed02.sns
  0000000039b0dc95 1024       SP_Gardener_Nakhide01.sns
  0000000039b0e155 1024       SP_Gardener_Nakhide02.sns
  0000000039b0e615 1024       SP_Gardener_Nakrun01.sns
  0000000039b0ead5 1024       SP_Gardener_Nakrun02.sns
  0000000039b0ef95 1024       SP_Gardener_Nakrun03.sns
  0000000039b0f455 1024       SP_Gardener_Nakrun04.sns
  0000000039b0f915 1024       SP_Gardener_Runaway01.sns
  0000000039b0fdd5 1024       SP_Gardener_Runaway02.sns
  0000000039b10295 1024       SP_Gardener_Runaway03.sns
  0000000039b10755 1024       SP_Gardener_Runaway04.sns
  0000000039b10c15 1024       SP_Gardener_Suspicious01.sns
  0000000039b110d5 1024       SP_Gardener_Suspicious02.sns
  0000000039b11595 1024       SP_Girlfriend2_C7_Baahed01.sns
  0000000039b11a55 1024       SP_Girlfriend2_C7_Baahed02.sns
  0000000039b11f15 1024       SP_Girlfriend2_C7_Nakhide01.sns
  0000000039b123d5 1024       SP_Girlfriend2_C7_Nakhide02.sns
  0000000039b12895 1024       SP_Girlfriend2_C7_Nakrun01.sns
  0000000039b12d55 1024       SP_Girlfriend2_C7_Nakrun02.sns
  0000000039b13215 1024       SP_Girlfriend2_C7_Nakrun03.sns
  0000000039b136d5 1024       SP_Girlfriend2_C7_Nakrun04.sns
  0000000039b13b95 1024       SP_Girlfriend2_C7_Runaway01.sns
  0000000039b14055 1024       SP_Girlfriend2_C7_Runaway02.sns
  0000000039b14515 1024       SP_Girlfriend2_C7_Runaway03.sns
  0000000039b149d5 1024       SP_Girlfriend2_C7_Runaway04.sns
  0000000039b14e95 1024       SP_Girlfriend2_C7_Suspicious01.sns
  0000000039b15355 1024       SP_Girlfriend2_C7_Suspicious02.sns
  0000000039b15815 1024       SP_Girlfriend3_C2_Nakhide01.sns
  0000000039b15cd5 1024       SP_Girlfriend3_C2_Nakrun03.sns
  0000000039b16195 1024       SP_Girlfriend3_C2_Vexplode01.sns
  0000000039b16655 1024       SP_Girlfriend3_C2_Vexplode02.sns
  0000000039b16b15 1024       SP_Girlfriend3_C2_Vhit01.sns
  0000000039b16fd5 1024       SP_Girlfriend3_C2_Vjump01.sns
  0000000039b17495 1024       SP_Girlfriend3_C2_Vjump02.sns
  0000000039b17955 1024       SP_Girlfriend3_C2_Vrun02.sns
  0000000039b17e15 1024       SP_Girlfriend3_C2_Vrun03.sns
  0000000039b182d5 1024       SP_Girlfriend3_C2_Vrun04.sns
  0000000039b18795 1024       SP_Girlfriend3_C2_Vrunaway01.sns
  0000000039b18c55 1024       SP_Girlfriend3_C2_Vrunaway03.sns
  0000000039b19115 1024       SP_Girlfriend3_C2_Vscript01.sns
  0000000039b195d5 1024       SP_Girlfriend3_C2_Vscript02.sns
  0000000039b19a95 1024       SP_Groom_Baahed01.sns
  0000000039b19f55 1024       SP_Groom_Baahed02.sns
  0000000039b1a415 1024       SP_Groom_NakHide01.sns
  0000000039b1a8d5 1024       SP_Groom_NakHide02.sns
  0000000039b1ad95 1024       SP_Groom_NakRun01.sns
  0000000039b1b255 1024       SP_Groom_NakRun02.sns
  0000000039b1b715 1024       SP_Groom_NakRun03.sns
  0000000039b1bbd5 1024       SP_Groom_NakRun04.sns
  0000000039b1c095 1024       SP_GRoom_Runaway01.sns
  0000000039b1c555 1024       SP_GRoom_Runaway02.sns
  0000000039b1ca15 1024       SP_GRoom_Runaway03.sns
  0000000039b1ced5 1024       SP_GRoom_Runaway04.sns
  0000000039b1d395 1024       SP_Groom_Suspicious01.sns
  0000000039b1d855 1024       SP_Groom_Suspicious02.sns
  0000000039b1dd15 1024       SP_HamsterJovial_Baahed01.sns
  0000000039b1e1d5 1024       SP_HamsterJovial_Baahed02.sns
  0000000039b1e695 1024       SP_HamsterJovial_Nakhide01.sns
  0000000039b1eb55 1024       SP_HamsterJovial_Nakhide02.sns
  0000000039b1f015 1024       SP_HamsterJovial_Nakrun01.sns
  0000000039b1f4d5 1024       SP_HamsterJovial_Nakrun02.sns
  0000000039b1f995 1024       SP_HamsterJovial_Nakrun03.sns
  0000000039b1fe55 1024       SP_HamsterJovial_Nakrun04.sns
  0000000039b20315 1024       SP_HamsterJovial_Runaway01.sns
  0000000039b207d5 1024       SP_HamsterJovial_Runaway02.sns
  0000000039b20c95 1024       SP_HamsterJovial_Runaway03.sns
  0000000039b21155 1024       SP_HamsterJovial_Runaway04.sns
  0000000039b21615 1024       SP_HamsterJovial_Suspicious01.sns
  0000000039b21ad5 1024       SP_HamsterJovial_Suspicious02.sns
  0000000039b21f95 1024       SP_Speaker_Yard01.sns
  0000000039b22455 1024       SP_Speaker_Yard02.sns
  0000000039b22915 1024       SP_Speaker_Yard03.sns
  0000000039b22dd5 1024       SP_Speaker_Yard04.sns
  0000000039b23295 1024       SP_Speaker_Yard05.sns
  0000000039b23755 1024       SP_Speaker_Yard06.sns
  0000000039b23c15 1024       SP_Speaker_Yard07.sns
  0000000039b240d5 1024       SP_Speaker_Yard08.sns
  0000000039b24595 1024       SP_Speaker_Yard09.sns
  0000000039b24a55 1024       SP_Speaker_Yard10.sns
  0000000039b24f15 1024       SP_Speaker_Yard11.sns
  0000000039b253d5 1024       SP_Speaker_Yard12.sns
  0000000039b25895 1024       SP_Kioskwoman_Supermarket01.sns
  0000000039b25d55 1024       SP_Kioskwoman_Supermarket02.sns
  0000000039b26215 1024       SP_Kioskwoman_Supermarket03.sns
  0000000039b266d5 1024       SP_Kioskwoman_Supermarket04.sns
  0000000039b26b95 1024       SP_Kioskwoman_Supermarket05.sns
  0000000039b27055 1024       SP_Kioskwoman_Supermarket06.sns
  0000000039b27515 1024       SP_Kioskwoman_Supermarket07.sns
  0000000039b279d5 1024       SP_Kioskwoman_Supermarket08.sns
  0000000039b27e95 1024       SP_Kioskwoman_Supermarket09.sns
  0000000039b28355 1024       SP_Kioskwoman_Supermarket10.sns
  0000000039b28815 1024       SP_Kioskwoman_Supermarket11.sns
  0000000039b28cd5 1024       SP_Kioskwoman_Supermarket12.sns
  0000000039b29195 1024       SP_Kioskwoman_Supermarket_B1_CI01.sns
  0000000039b29655 1024       SP_Kioskwoman_Supermarket_B1_CI02.sns
  0000000039b29b15 1024       SP_Kioskwoman_Supermarket_B1_CI03.sns
  0000000039b29fd5 1024       SP_Kioskwoman_Supermarket_B1_CI04.sns
  0000000039b2a495 1024       SP_Speaker_Riviera_NoGoArea01.sns
  0000000039b2a955 1024       SP_Speaker_Riviera_NoGoArea02.sns
  0000000039b2ae15 1024       SP_Speaker_Riviera_NoGoArea03.sns
  0000000039b2b2d5 1024       SP_Speaker_Riviera_NoGoArea04.sns
  0000000039b2b795 1024       SP_Speaker_Riviera_NoGoArea05.sns
  0000000039b2bc55 1024       SP_Speaker_Riviera_NoGoArea06.sns
  0000000039b2c115 1024       SP_Speaker_Riviera_NoGoArea07.sns
  0000000039b2c5d5 1024       SP_Speaker_PickUp_Hamburger01.sns
  0000000039b2ca95 1024       SP_Speaker_PickUp_Hamburger02.sns
  0000000039b2cf55 1024       SP_Speaker_PickUp_Hamburger03.sns
  0000000039b2d415 1024       SP_Speaker_PickUp_Hamburger04.sns
  0000000039b2d8d5 1024       SP_Speaker_PickUp_Hamburger05.sns
  0000000039b2dd95 1024       SP_Speaker_PickUp_Hamburger06.sns
  0000000039b2e255 1024       SP_Speaker_NuclearStation01.sns
  0000000039b2e715 1024       SP_Speaker_NuclearStation02.sns
  0000000039b2ebd5 1024       SP_Speaker_NuclearStation03.sns
  0000000039b2f095 1024       SP_Speaker_NuclearStation04.sns
  0000000039b2f555 1024       SP_Speaker_NuclearStation05.sns
  0000000039b2fa15 1024       SP_Speaker_NuclearStation06.sns
  0000000039b2fed5 1024       SP_Speaker_NuclearStation07.sns
  0000000039b30395 1024       SP_Speaker_NuclearStation08.sns
  0000000039b30855 1024       SP_Speaker_NuclearStation09.sns
  0000000039b30d15 1024       SP_Speaker_NuclearStation10.sns
  0000000039b311d5 1024       SP_Speaker_NuclearStation11.sns
  0000000039b31695 1024       SP_Speaker_NuclearStation_Alert1.sns
  0000000039b31b55 1024       SP_Speaker_NuclearStation_Alert2.sns
  0000000039b32015 1024       SP_Speaker_NuclearStation_Alert3.sns
  0000000039b324d5 1024       SP_Speaker_NuclearStation_Door01.sns
  0000000039b32995 1024       SP_Speaker_NuclearStation_Door02.sns
  0000000039b32e55 1024       SP_SpeakerLasvegas01.sns
  0000000039b33315 1024       SP_SpeakerLasvegas02.sns
  0000000039b337d5 1024       SP_SpeakerLasvegas03.sns
  0000000039b33c95 1024       SP_SpeakerLasvegas04.sns
  0000000039b34155 1024       SP_SpeakerLasvegas05.sns
  0000000039b34615 1024       SP_SpeakerLasvegas06.sns
  0000000039b34ad5 1024       SP_SpeakerLasvegas07.sns
  0000000039b34f95 1024       SP_SpeakerLasvegas08.sns
  0000000039b35455 1024       SP_SpeakerLasvegas09.sns
  0000000039b35915 1024       SP_SpeakerLasvegas10.sns
  0000000039b35dd5 1024       SP_SpeakerLasvegas11.sns
  0000000039b36295 1024       SP_Speaker_hospital_B3_CI01_01.sns
  0000000039b36755 1024       SP_Speaker_hospital_B5_pass.sns
  0000000039b36c15 1024       SP_Speaker_Hospital_Hygiene01.sns
  0000000039b370d5 1024       SP_Speaker_Hospital_Hygiene02.sns
  0000000039b37595 1024       SP_Speaker_Hospital_Hygiene03.sns
  0000000039b37a55 1024       SP_Speaker_Hospital_Hygiene04.sns
  0000000039b37f15 1024       SP_Speaker_Hospital_Hygiene05.sns
  0000000039b383d5 1024       SP_Speaker_Hospital_Hygiene06.sns
  0000000039b38895 1024       SP_Speaker_Hospital_Hygiene07.sns
  0000000039b38d55 1024       SP_Speaker_Hospital_Hygiene08.sns
  0000000039b39215 1024       SP_Speaker_Hospital_Hygiene09.sns
  0000000039b396d5 1024       SP_Speaker_Hospital_Intruders01.sns
  0000000039b39b95 1024       SP_Speaker_Hospital_Intruders02.sns
  0000000039b3a055 1024       SP_Speaker_Hospital_Intruders03.sns
  0000000039b3a515 1024       SP_Speaker_Hospital_Intruders04.sns
  0000000039b3a9d5 1024       SP_speaker_Factory01.sns
  0000000039b3ae95 1024       SP_speaker_Factory02.sns
  0000000039b3b355 1024       SP_speaker_Factory03.sns
  0000000039b3b815 1024       SP_speaker_Factory04.sns
  0000000039b3bcd5 1024       SP_speaker_Factory05.sns
  0000000039b3c195 1024       SP_speaker_Factory06.sns
  0000000039b3c655 1024       SP_speaker_Factory07.sns
  0000000039b3cb15 1024       SP_speaker_Factory08.sns
  0000000039b3cfd5 1024       SP_speaker_Factory09.sns
  0000000039b3d495 1024       SP_speaker_Factory10.sns
  0000000039b3d955 1024       SP_speaker_Factory11.sns
  0000000039b3de15 1024       SP_speaker_Factory12.sns
  0000000039b3e2d5 1024       SP_Speaker_Compagny_B2_CI1.sns
  0000000039b3e795 1024       SP_Speaker_Compagny_door_timer_finish.sns
  0000000039b3ec55 1024       SP_Speaker_Compagny_door_timer_hello.sns
  0000000039b3f115 1024       SP_Speaker_Compagny_door_timer_start.sns
  0000000039b3f5d5 1024       SP_Speaker_Compagny_Welcome01.sns
  0000000039b3fa95 1024       SP_Speaker_Compagny_Welcome02.sns
  0000000039b3ff55 1024       SP_Speaker_Compagny_Welcome03.sns
  0000000039b40415 1024       SP_Speaker_Compagny_Welcome04.sns
  0000000039b408d5 1024       SP_Speaker_Compagny_Welcome05.sns
  0000000039b40d95 1024       SP_Speaker_Compagny_Work01.sns
  0000000039b41255 1024       SP_Speaker_Compagny_Work02.sns
  0000000039b41715 1024       SP_Speaker_Compagny_Work03.sns
  0000000039b41bd5 1024       SP_Speaker_Compagny_Work04.sns
  0000000039b42095 1024       SP_Speaker_Compagny_Work05.sns
  0000000039b42555 1024       SP_Speaker_Compagny_Work06.sns
  0000000039b42a15 1024       SP_Speaker_Compagny_Work07.sns
  0000000039b42ed5 1024       SP_Speaker_Compagny_Work08.sns
  0000000039b43395 1024       SP_Speaker_Compagny_Work09.sns
  0000000039b43855 1024       SP_Speaker_Compagny_Work10.sns
  0000000039b43d15 1024       SP_Speaker_Compagny_Boss01.sns
  0000000039b441d5 1024       SP_Speaker_Compagny_Boss02.sns
  0000000039b44695 1024       SP_Speaker_Compagny_Boss03.sns
  0000000039b44b55 1024       SP_Speaker_Compagny_Boss04.sns
  0000000039b45015 1024       SP_Speaker_Compagny_Boss05.sns
  0000000039b454d5 1024       SP_Speaker_Compagny_Boss06.sns
  0000000039b45995 1024       SP_Speaker_Compagny_Boss07.sns
  0000000039b45e55 1024       SP_Speaker_Baltimore01.sns
  0000000039b46315 1024       SP_Speaker_Baltimore02.sns
  0000000039b467d5 1024       SP_Speaker_Baltimore03.sns
  0000000039b46c95 1024       SP_Speaker_Baltimore04.sns
  0000000039b47155 1024       SP_Speaker_Baltimore05.sns
  0000000039b47615 1024       SP_Speaker_Baltimore06.sns
  0000000039b47ad5 1024       SP_Speaker_Baltimore07.sns
  0000000039b47f95 1024       SP_Speaker_Baltimore08.sns
  0000000039b48455 1024       SP_Speaker_Baltimore09.sns
  0000000039b48915 1024       SP_Speaker_Baltimore10.sns
  0000000039b48dd5 1024       SP_Speaker_Baltimore11.sns
  0000000039b49295 1024       SP_Speaker_Baltimore12.sns
  0000000039b49755 1024       SP_Speaker_Baltimore13.sns
  0000000039b49c15 1024       SP_Speaker_Baltimore14.sns
  0000000039b4a0d5 1024       SP_Speaker_Baltimore15.sns
  0000000039b4a595 1024       SP_Speaker_Baltimore16.sns
  0000000039b4aa55 1024       SP_Speaker_Baltimore17.sns
  0000000039b4af15 1024       SP_Speaker_Baltimore18.sns
  0000000039b4b3d5 1024       SP_Speaker_Baltimore19.sns
  0000000039b4b895 1024       SP_Speaker_Baltimore_CI_entreprise.sns
  0000000039b4bd55 1024       SP_Speaker_Baltimore_CI_intro.sns
  0000000039b4c215 1024       SP_Speaker_Baltimore_hosp.sns
  0000000039b4c6d5 1024       SP_Speaker_tarmac_hang_01.sns
  0000000039b4cb95 1024       SP_Speaker_tarmac_hang_02.sns
  0000000039b4d055 1024       SP_Speaker_tarmac_hang_03.sns
  0000000039b4d515 1024       SP_Speaker_tarmac_hang_04.sns
  0000000039b4d9d5 1024       SP_Speaker_tarmac_hang_05.sns
  0000000039b4de95 1024       SP_Speaker_tarmac_hang_07.sns
  0000000039b4e355 1024       SP_Speaker_tarmac_hang_08.sns
  0000000039b4e815 1024       SP_Speaker_tarmac_hang_09.sns
  0000000039b4ecd5 1024       SP_Speaker_tarmac_hang_10.sns
  0000000039b4f195 1024       SP_Speaker_tarmac_hang_11.sns
  0000000039b4f655 1024       SP_Speaker_tarmac_hang_12.sns
  0000000039b4fb15 1024       SP_Speaker_tarmac_hang_13.sns
  0000000039b4ffd5 1024       SP_Speaker_Airport_01.sns
  0000000039b50495 1024       SP_Speaker_Airport_02.sns
  0000000039b50955 1024       SP_Speaker_Airport_03.sns
  0000000039b50e15 1024       SP_Speaker_Airport_04.sns
  0000000039b512d5 1024       SP_Speaker_Airport_05.sns
  0000000039b51795 1024       SP_Speaker_Airport_06.sns
  0000000039b51c55 1024       SP_Speaker_Airport_07.sns
  0000000039b52115 1024       SP_Speaker_Airport_08.sns
  0000000039b525d5 1024       SP_Speaker_Airport_09.sns
  0000000039b52a95 1024       SP_Speaker_Airport_10.sns
  0000000039b52f55 1024       SP_Speaker_Airport_C5_CI_01.sns
  0000000039b53415 1024       SP_Speaker_Pilote_C8_plane03.sns
  0000000039b538d5 1024       SP_Speaker_Pilote_C8_plane04.sns
  0000000039b53d95 1024       SP_Speaker_Pilote_C8_plane05.sns
  0000000039b54255 1024       SP_Speaker_Pilote_C8_plane06.sns
  0000000039b54715 1024       SP_SpeakerControlTower01.sns
  0000000039b54bd5 1024       SP_SpeakerControlTower02.sns
  0000000039b55095 1024       SP_SpeakerControlTower03.sns
  0000000039b55555 1024       SP_SpeakerControlTower04.sns
  0000000039b55a15 1024       SP_Betty_call01.sns
  0000000039b55ed5 1024       SP_Betty_call02.sns
  0000000039b56395 1024       SP_Betty_call03.sns
  0000000039b56855 1024       SP_Betty_D5_CI01_01.sns
  0000000039b56d15 1024       SP_Betty_D5_CI02_02.sns
  0000000039b571d5 1024       SP_Betty_D5_CI03_02.sns
  0000000039b57695 1024       SP_Betty_D5_CI03_04.sns
  0000000039b57b55 1024       SP_Betty_D5_CI04_01.sns
  0000000039b58015 1024       SP_Betty_D5_CI04_03.sns
  0000000039b584d5 1024       SP_Betty_E6_CI.sns
  0000000039b58995 1024       SP_BossHlp_End01.sns
  0000000039b58e55 1024       SP_BossHlp_End02.sns
  0000000039b59315 1024       SP_BossHlp_End03.sns
  0000000039b597d5 1024       SP_BossHlp_End04.sns
  0000000039b59c95 1024       SP_BossHlp_End05.sns
  0000000039b5a155 1024       SP_Charles_henri_J_Airport_CI_C5_02.sns
  0000000039b5a615 1024       SP_Charles_Henri_J_B4_CI7.sns
  0000000039b5aad5 1024       SP_Charles_henri_V_C3_CI01_02.sns
  0000000039b5af95 1024       SP_Charles_henri_V_C3_CI01_08.sns
  0000000039b5b455 1024       SP_CharlesHenri_J_B5_CI01_01.sns
  0000000039b5b915 1024       SP_CharlesHenri_J_B5_CI01_03.sns
  0000000039b5bdd5 1024       SP_CharlesHenri_J_B5_CI01_05.sns
  0000000039b5c295 1024       SP_CharlesHenri_J_B5_pass.sns
  0000000039b5c755 1024       SP_Chuck_A_B4_CI2.sns
  0000000039b5cc15 1024       SP_Chuck_A_B4_CI3.sns
  0000000039b5d0d5 1024       SP_Chuck_A_B4_CI4.sns
  0000000039b5d595 1024       SP_Chuck_A_B4_CI5.sns
  0000000039b5da55 1024       SP_Chuck_A_B4_CI7.sns
  0000000039b5df15 1024       SP_Chuck_A_NuclearStation_D6_Hlp01.sns
  0000000039b5e3d5 1024       SP_Chuck_A_NuclearStation_D6_Hlp02.sns
  0000000039b5e895 1024       SP_Chuck_A_NuclearStation_D6_Hlp03.sns
  0000000039b5ed55 1024       SP_Chuck_A_NuclearStation_D6_Hlp04.sns
  0000000039b5f215 1024       SP_Chuck_A_NuclearStation_D6_Hlp05.sns
  0000000039b5f6d5 1024       SP_Chuck_A_NuclearStation_D6_Hlp06.sns
  0000000039b5fb95 1024       SP_Chuck_A_NuclearStation_D6_Hlp07.sns
  0000000039b60055 1024       SP_Chuck_A_NuclearStation_D6_Hlp08.sns
  0000000039b60515 1024       SP_Chuck_A_NuclearStation_D6_Hlp09.sns
  0000000039b609d5 1024       SP_Chuck_A_NuclearStation_D6_Hlp10.sns
  0000000039b60e95 1024       SP_Chuck_A_NuclearStation_D6_Hlp11.sns
  0000000039b61355 1024       SP_Chuck_A_NuclearStation_D6_Hlp12.sns
  0000000039b61815 1024       SP_Chuck_A_NuclearStation_D6_Hlp13.sns
  0000000039b61cd5 1024       SP_Chuck_J_Airport_CI_04.sns
  0000000039b62195 1024       SP_Chuck_J_C3_CI01_03.sns
  0000000039b62655 1024       SP_Chuck_J_C3_CI01_07.sns
  0000000039b62b15 1024       SP_Chuck_J_C3_CI01_09.sns
  0000000039b62fd5 1024       SP_Chuck_J_C3_CI02_01.sns
  0000000039b63495 1024       SP_Chuck_J_C3_CI02_03.sns
  0000000039b63955 1024       SP_CookerHlp_Hospital_B8_01.sns
  0000000039b63e15 1024       SP_CookerHlp_Hospital_B8_02.sns
  0000000039b642d5 1024       SP_diver_introB7_CI1_03.sns
  0000000039b64795 1024       SP_DoctorHlp_Hospital_B8.sns
  0000000039b64c55 1024       SP_Dogwoman_introB7_CI1_02.sns
  0000000039b65115 1024       SP_Dogwoman_introB7_CI1_04.sns
  0000000039b655d5 1024       SP_Dogwoman_introB7_CI1_05.sns
  0000000039b65a95 1024       SP_Dogwoman_introB7_CI1_07.sns
  0000000039b65f55 1024       SP_Dogwoman_introB7_CI1_10.sns
  0000000039b66415 1024       SP_Dogwoman_introB7_CI1_11.sns
  0000000039b668d5 1024       SP_Dogwoman_introB7_CI2_04.sns
  0000000039b66d95 1024       SP_francois_J_plane_C5_CI02.sns
  0000000039b67255 1024       SP_Man_infectious_B3_CI01_02.sns
  0000000039b67715 1024       SP_Man_infectious_B3_CI02_01.sns
  0000000039b67bd5 1024       SP_Man_infectious_B3_CI02_03.sns
  0000000039b68095 1024       SP_Man_infectious_B3_CI02_05.sns
  0000000039b68555 1024       SP_Man_infectious_B5_CI02_00.sns
  0000000039b68a15 1024       SP_Man_infectious_B5_CI02_01.sns
  0000000039b68ed5 1024       SP_Man_infectious_B5_CI02_02.sns
  0000000039b69395 1024       SP_Man_infectious_call01.sns
  0000000039b69855 1024       SP_Man_infectious_call02.sns
  0000000039b69d15 1024       SP_Man_infectious_call03.sns
  0000000039b6a1d5 1024       SP_man_infectious_D5_CI01_02.sns
  0000000039b6a695 1024       SP_man_infectious_D5_CI02_01.sns
  0000000039b6ab55 1024       SP_man_infectious_D5_CI02_03.sns
  0000000039b6b015 1024       SP_man_infectious_D5_CI03_01.sns
  0000000039b6b4d5 1024       SP_man_infectious_D5_CI03_03.sns
  0000000039b6b995 1024       SP_man_infectious_D5_CI04_02.sns
  0000000039b6be55 1024       SP_man_infectious_D5_CI04_04.sns
  0000000039b6c315 1024       SP_Naomi_J_C5_Onplane.sns
  0000000039b6c7d5 1024       SP_NurseHlp_Hospital_B8.sns
  0000000039b6cc95 1024       SP_Peignoirman_introB7_CI1_01.sns
  0000000039b6d155 1024       SP_Peignoirman_introB7_CI1_06.sns
  0000000039b6d615 1024       SP_Peignoirman_introB7_CI2_02.sns
  0000000039b6dad5 1024       SP_Peignoirman_introB7_CI2_03.sns
  0000000039b6df95 1024       SP_Raymonde_J_B4_CI6.sns
  0000000039b6e455 1024       SP_Segolene_J_C3_CI01_01.sns
  0000000039b6e915 1024       SP_Segolene_J_C3_CI01_06.sns
  0000000039b6edd5 1024       SP_Segolene_J_C3_CI02_02.sns
  0000000039b6f295 1024       SP_Segolene_J_C3_CI02_04.sns
  0000000039b6f755 1024       SP_Speaker_Pilote_C5_plane01.sns
  0000000039b6fc15 1024       SP_Speaker_Pilote_C5_plane02.sns
  0000000039b700d5 1024       SP_Steward_C8_plane01.sns
  0000000039b70595 1024       SP_Steward_C8_plane02.sns
  0000000039b70a55 1024       SP_Steward_C8_plane03.sns
  0000000039b70f15 1024       SP_Steward_C8_plane04.sns
  0000000039b713d5 1024       SP_Steward_C8_plane05.sns
  0000000039b71895 1024       SP_Vermi_Attack_CI_00.sns
  0000000039b71d55 1024       SP_Vermi_Attack_CI_01.sns
  0000000039b72215 1024       SP_Vermi_Attack_CI_02.sns
  0000000039b726d5 1024       SP_Vermi_Attack_CI_03.sns
  0000000039b72b95 1024       SP_Vermi_Attack_CI_04.sns
  0000000039b73055 1024       SP_Vermi_Attack_CI_05.sns
  0000000039b73515 1024       SP_Vermi_Attack_CI_06.sns
  0000000039b739d5 1024       SP_Vermi_Attack_CI_07.sns
  0000000039b73e95 1024       SP_Vermi_Attack_CI_08.sns
  0000000039b74355 1024       SP_Vermi_Attack_CI_09.sns
  0000000039b74815 1024       SP_Vermi_Attack_CI_10.sns
  0000000039b74cd5 1024       SP_Vermi_Attack_CI_11.sns
  0000000039b75195 1024       SP_Vermi_Attack_CI_12.sns
  0000000039b75655 1024       SP_Vermi_Attack_CI_13.sns
  0000000039b75b15 1024       SP_Vermi_Attack_CI_14.sns
  0000000039b75fd5 1024       SP_Vermi_Attack_CI_15.sns
  0000000039b76495 1024       SP_Vermi_Attack_CI_16.sns
  0000000039b76955 1024       SP_Vermi_Attack_CI_17.sns
  0000000039b76e15 1024       SP_Vermi_Attack_CI_18.sns
  0000000039b772d5 1024       SP_Vermi_Attack_CI_19.sns
  0000000039b77795 1024       SP_Vermi_Attack_CI_20.sns
  0000000039b77c55 1024       SP_Wedding_CI01.sns
  0000000039b78115 1024       SP_wedding_CI02.sns
  0000000039b785d5 1024       SP_Wedding_CI03.sns
  0000000039b78a95 1024       SP_Wedding_CI04.sns
  0000000039b78f55 1024       SP_Answering_machine.sns
  0000000039b79415 1024       SP_Barak_A_B5_CI01_02.sns
  0000000039b798d5 1024       SP_Barak_A_B5_CI01_04.sns
  0000000039b79d95 1024       SP_Barak_A_B5_CI01_06.sns
  0000000039b7a255 1024       SP_Barak_A_plane_C5_CI01.sns
  0000000039b7a715 1024       SP_BenedicteHlp_Answer01.sns
  0000000039b7abd5 1024       SP_BenedicteHlp_Answer02.sns
  0000000039b7b095 1024       SP_BenedicteHlp_Answer03.sns
  0000000039b7b555 1024       SP_BenedicteHlp_Answer04.sns
  0000000039b7ba15 1024       SP_BenedicteHlp_Answer05.sns
  0000000039b7bed5 1024       SP_BenedicteHlp_Answer06.sns
  0000000039b7c395 1024       SP_BenedicteHlp_Answer07.sns
  0000000039b7c855 1024       SP_BeneHlp01.sns
  0000000039b7cd15 1024       SP_BeneHlp02.sns
  0000000039b7d1d5 1024       SP_Betty_B3_CI01_01.sns
  0000000039b7d695 1024       SP_Betty_B3_CI02_02.sns
  0000000039b7db55 1024       SP_Betty_B3_CI02_04.sns
  0000000039b7e015 1024       SP_Betty_B3_CI02_06.sns
  0000000039b7e4d5 1024       SP_Jamel_A_Baahed01.sns
  0000000039b7e995 1024       SP_Jamel_A_Baahed02.sns
  0000000039b7ee55 1024       SP_Jamel_A_Nakhide01.sns
  0000000039b7f315 1024       SP_Jamel_A_Nakhide02.sns
  0000000039b7f7d5 1024       SP_Jamel_A_Nakrun01.sns
  0000000039b7fc95 1024       SP_Jamel_A_Nakrun02.sns
  0000000039b80155 1024       SP_Jamel_A_Nakrun03.sns
  0000000039b80615 1024       SP_Jamel_A_Nakrun04.sns
  0000000039b80ad5 1024       SP_Jamel_A_Runaway01.sns
  0000000039b80f95 1024       SP_Jamel_A_Runaway02.sns
  0000000039b81455 1024       SP_Jamel_A_Runaway03.sns
  0000000039b81915 1024       SP_Jamel_A_Runaway04.sns
  0000000039b81dd5 1024       SP_Jamel_A_Suspicious01.sns
  0000000039b82295 1024       SP_Jamel_A_Suspicious02.sns
  0000000039b82755 1024       SP_Jamel_A_VExplode01.sns
  0000000039b82c15 1024       SP_Jamel_A_VExplode02.sns
  0000000039b830d5 1024       SP_Jamel_A_VHit01.sns
  0000000039b83595 1024       SP_Jamel_A_VHit02.sns
  0000000039b83a55 1024       SP_Jamel_A_VJump01.sns
  0000000039b83f15 1024       SP_Jamel_A_VJump02.sns
  0000000039b843d5 1024       SP_Jamel_A_VRun01.sns
  0000000039b84895 1024       SP_Jamel_A_VRun02.sns
  0000000039b84d55 1024       SP_Jamel_A_VRun03.sns
  0000000039b85215 1024       SP_Jamel_A_VRun04.sns
  0000000039b856d5 1024       SP_Jamel_A_VRunaway01.sns
  0000000039b85b95 1024       SP_Jamel_A_VRunaway02.sns
  0000000039b86055 1024       SP_Jamel_A_VRunaway03.sns
  0000000039b86515 1024       SP_Jamel_A_VRunaway04.sns
  0000000039b869d5 1024       SP_Jamel_A_VScript01.sns
  0000000039b86e95 1024       SP_Jamel_A_VScript02.sns
  0000000039b87355 1024       SP_Jamel_J_Baahed01.sns
  0000000039b87815 1024       SP_Jamel_J_Baahed02.sns
  0000000039b87cd5 1024       SP_Jamel_J_Nakhide01.sns
  0000000039b88195 1024       SP_Jamel_J_Nakhide02.sns
  0000000039b88655 1024       SP_Jamel_J_Nakrun02.sns
  0000000039b88b15 1024       SP_Jamel_J_Nakrun03.sns
  0000000039b88fd5 1024       SP_Jamel_J_Nakrun04.sns
  0000000039b89495 1024       SP_Jamel_J_reactor01.sns
  0000000039b89955 1024       SP_Jamel_J_reactor02.sns
  0000000039b89e15 1024       SP_Jamel_J_reactor03.sns
  0000000039b8a2d5 1024       SP_Jamel_J_Runaway01.sns
  0000000039b8a795 1024       SP_Jamel_J_Runaway02.sns
  0000000039b8ac55 1024       SP_Jamel_J_Runaway03.sns
  0000000039b8b115 1024       SP_Jamel_J_Runaway04.sns
  0000000039b8b5d5 1024       SP_Jamel_J_Suspicious01.sns
  0000000039b8ba95 1024       SP_Jamel_J_Suspicious02.sns
  0000000039b8bf55 1024       SP_Jamel_J_Vexplode01.sns
  0000000039b8c415 1024       SP_Jamel_J_Vexplode02.sns
  0000000039b8c8d5 1024       SP_Jamel_J_Vhit01.sns
  0000000039b8cd95 1024       SP_Jamel_J_Vhit02.sns
  0000000039b8d255 1024       SP_Jamel_J_Vjump02.sns
  0000000039b8d715 1024       SP_Jamel_J_Vreactor01.sns
  0000000039b8dbd5 1024       SP_Jamel_J_Vreactor02.sns
  0000000039b8e095 1024       SP_Jamel_J_Vreactor03.sns
  0000000039b8e555 1024       SP_Jamel_J_Vrun04.sns
  0000000039b8ea15 1024       SP_Jamel_J_Vrunaway01.sns
  0000000039b8eed5 1024       SP_Jamel_J_Vrunaway02.sns
  0000000039b8f395 1024       SP_Jamel_J_Vrunaway03.sns
  0000000039b8f855 1024       SP_Jamel_J_Vscript02.sns
  0000000039b8fd15 1024       SP_Jewish_Baahed01.sns
  0000000039b901d5 1024       SP_Jewish_Baahed02.sns
  0000000039b90695 1024       SP_Jewish_NakRun02.sns
  0000000039b90b55 1024       SP_Jewish_NakRun03.sns
  0000000039b91015 1024       SP_Jewish_Runaway01.sns
  0000000039b914d5 1024       SP_Jewish_Runaway02.sns
  0000000039b91995 1024       SP_Jewish_Suspicious01.sns
  0000000039b91e55 1024       SP_Jewish_Suspicious02.sns
  0000000039b92315 1024       SP_Kioskwoman_baahed01.sns
  0000000039b927d5 1024       SP_Kioskwoman_baahed02.sns
  0000000039b92c95 1024       SP_Kioskwoman_quiet01.sns
  0000000039b93155 1024       SP_Kioskwoman_quiet02.sns
  0000000039b93615 1024       SP_Kioskwoman_quiet03.sns
  0000000039b93ad5 1024       SP_Kioskwoman_quiet04.sns
  0000000039b93f95 1024       SP_Kioskwoman_quiet05.sns
  0000000039b94455 1024       SP_man_infectious_cough01.sns
  0000000039b94915 1024       SP_man_infectious_cough02.sns
  0000000039b94dd5 1024       SP_man_infectious_cough03.sns
  0000000039b95295 1024       SP_man_infectious_cough04.sns
  0000000039b95755 1024       SP_man_infectious_cough05.sns
  0000000039b95c15 1024       SP_man_infectious_cough06.sns
  0000000039b960d5 1024       SP_man_infectious_cough07.sns
  0000000039b96595 1024       SP_man_infectious_cough08.sns
  0000000039b96a55 1024       SP_Man_infectious_FLY01.sns
  0000000039b96f15 1024       SP_Man_infectious_FLY02.sns
  0000000039b973d5 1024       SP_Man_infectious_FLY03.sns
  0000000039b97895 1024       SP_Man_infectious_FLY04.sns
  0000000039b97d55 1024       SP_Man_infectious_FLY05.sns
  0000000039b98215 1024       SP_Man_infectious_FLY06.sns
  0000000039b986d5 1024       SP_Man_infectious_FLY07.sns
  0000000039b98b95 1024       SP_Man_infectious_FLY10.sns
  0000000039b99055 1024       SP_Man_infectious_FLY11.sns
  0000000039b99515 1024       SP_Man_infectious_FLY12.sns
  0000000039b999d5 1024       SP_Man_infectious_FLY13.sns
  0000000039b99e95 1024       SP_Man_infectious_FLY15.sns
  0000000039b9a355 1024       SP_Man_infectious_QUIET01.sns
  0000000039b9a815 1024       SP_Man_infectious_QUIET02.sns
  0000000039b9acd5 1024       SP_Man_infectious_WALK01.sns
  0000000039b9b195 1024       SP_Man_infectious_WALK02.sns
  0000000039b9b655 1024       SP_Man_infectious_WALK03.sns
  0000000039b9bb15 1024       SP_Man_infectious_WALK04.sns
  0000000039b9bfd5 1024       SP_Man_infectious_WALK05.sns
  0000000039b9c495 1024       SP_Man_infectious_WALK06.sns
  0000000039b9c955 1024       SP_Man_infectious_WALK07.sns
  0000000039b9ce15 1024       SP_Manshouting_Baahed01.sns
  0000000039b9d2d5 1024       SP_Manshouting_Baahed02.sns
  0000000039b9d795 1024       SP_Manshouting_Nakhide01.sns
  0000000039b9dc55 1024       SP_Manshouting_Nakhide02.sns
  0000000039b9e115 1024       SP_Manshouting_Nakrun01.sns
  0000000039b9e5d5 1024       SP_Manshouting_Nakrun02.sns
  0000000039b9ea95 1024       SP_Manshouting_Nakrun03.sns
  0000000039b9ef55 1024       SP_Manshouting_Nakrun04.sns
  0000000039b9f415 1024       SP_Manshouting_Reactor01.sns
  0000000039b9f8d5 1024       SP_Manshouting_Reactor02.sns
  0000000039b9fd95 1024       SP_Manshouting_Reactor03.sns
  0000000039ba0255 1024       SP_Manshouting_Runaway01.sns
  0000000039ba0715 1024       SP_Manshouting_Runaway02.sns
  0000000039ba0bd5 1024       SP_Manshouting_Runaway03.sns
  0000000039ba1095 1024       SP_Manshouting_Runaway04.sns
  0000000039ba1555 1024       SP_Manshouting_Suspicious01.sns
  0000000039ba1a15 1024       SP_Manshouting_Suspicious02.sns
  0000000039ba1ed5 1024       SP_Manshouting_VExplode01.sns
  0000000039ba2395 1024       SP_Manshouting_VExplode02.sns
  0000000039ba2855 1024       SP_Manshouting_VHit01.sns
  0000000039ba2d15 1024       SP_Manshouting_VHit02.sns
  0000000039ba31d5 1024       SP_Manshouting_VJump01.sns
  0000000039ba3695 1024       SP_Manshouting_VJump02.sns
  0000000039ba3b55 1024       SP_Manshouting_Vreactor01.sns
  0000000039ba4015 1024       SP_Manshouting_Vreactor02.sns
  0000000039ba44d5 1024       SP_Manshouting_Vreactor03.sns
  0000000039ba4995 1024       SP_Manshouting_VRun01.sns
  0000000039ba4e55 1024       SP_Manshouting_VRun02.sns
  0000000039ba5315 1024       SP_Manshouting_VRun03.sns
  0000000039ba57d5 1024       SP_Manshouting_VRun04.sns
  0000000039ba5c95 1024       SP_Manshouting_VRunaway01.sns
  0000000039ba6155 1024       SP_Manshouting_VRunaway02.sns
  0000000039ba6615 1024       SP_Manshouting_VRunaway03.sns
  0000000039ba6ad5 1024       SP_Manshouting_VRunaway04.sns
  0000000039ba6f95 1024       SP_Manshouting_VScript01.sns
  0000000039ba7455 1024       SP_Manshouting_VScript02.sns
  0000000039ba7915 1024       SP_Nadia_A_Baahed01.sns
  0000000039ba7dd5 1024       SP_Nadia_A_Baahed02.sns
  0000000039ba8295 1024       SP_Nadia_A_Nakhide01.sns
  0000000039ba8755 1024       SP_Nadia_A_Nakhide02.sns
  0000000039ba8c15 1024       SP_Nadia_A_Nakrun01.sns
  0000000039ba90d5 1024       SP_Nadia_A_Nakrun02.sns
  0000000039ba9595 1024       SP_Nadia_A_Nakrun03.sns
  0000000039ba9a55 1024       SP_Nadia_A_Nakrun04.sns
  0000000039ba9f15 1024       SP_Nadia_A_Runaway01.sns
  0000000039baa3d5 1024       SP_Nadia_A_Runaway02.sns
  0000000039baa895 1024       SP_Nadia_A_Runaway03.sns
  0000000039baad55 1024       SP_Nadia_A_Runaway04.sns
  0000000039bab215 1024       SP_Nadia_A_Suspicious01.sns
  0000000039bab6d5 1024       SP_Nadia_A_Suspicious02.sns
  0000000039babb95 1024       SP_Nadia_A_VExplode01.sns
  0000000039bac055 1024       SP_Nadia_A_VExplode02.sns
  0000000039bac515 1024       SP_Nadia_A_VHit01.sns
  0000000039bac9d5 1024       SP_Nadia_A_VHit02.sns
  0000000039bace95 1024       SP_Nadia_A_VJump01.sns
  0000000039bad355 1024       SP_Nadia_A_VJump02.sns
  0000000039bad815 1024       SP_Nadia_A_VRun01.sns
  0000000039badcd5 1024       SP_Nadia_A_VRun02.sns
  0000000039bae195 1024       SP_Nadia_A_VRun03.sns
  0000000039bae655 1024       SP_Nadia_A_VRun04.sns
  0000000039baeb15 1024       SP_Nadia_A_VRunaway01.sns
  0000000039baefd5 1024       SP_Nadia_A_VRunaway02.sns
  0000000039baf495 1024       SP_Nadia_A_VRunaway03.sns
  0000000039baf955 1024       SP_Nadia_A_VRunaway04.sns
  0000000039bafe15 1024       SP_Nadia_A_VScript01.sns
  0000000039bb02d5 1024       SP_Nadia_A_VScript02.sns
  0000000039bb0795 1024       SP_Nadia_J_Baahed01.sns
  0000000039bb0c55 1024       SP_Nadia_J_Baahed02.sns
  0000000039bb1115 1024       SP_Nadia_J_Nakhide01.sns
  0000000039bb15d5 1024       SP_Nadia_J_Nakhide02.sns
  0000000039bb1a95 1024       SP_Nadia_J_Nakrun01.sns
  0000000039bb1f55 1024       SP_Nadia_J_Nakrun02.sns
  0000000039bb2415 1024       SP_Nadia_J_Nakrun03.sns
  0000000039bb28d5 1024       SP_Nadia_J_Nakrun04.sns
  0000000039bb2d95 1024       SP_Nadia_J_Runaway01.sns
  0000000039bb3255 1024       SP_Nadia_J_Runaway02.sns
  0000000039bb3715 1024       SP_Nadia_J_Runaway03.sns
  0000000039bb3bd5 1024       SP_Nadia_J_Runaway04.sns
  0000000039bb4095 1024       SP_Nadia_J_Suspicious01.sns
  0000000039bb4555 1024       SP_Nadia_J_Suspicious02.sns
  0000000039bb4a15 1024       SP_Nadia_J_VExplode01.sns
  0000000039bb4ed5 1024       SP_Nadia_J_VExplode02.sns
  0000000039bb5395 1024       SP_Nadia_J_VHit01.sns
  0000000039bb5855 1024       SP_Nadia_J_VHit02.sns
  0000000039bb5d15 1024       SP_Nadia_J_VJump01.sns
  0000000039bb61d5 1024       SP_Nadia_J_VJump02.sns
  0000000039bb6695 1024       SP_Nadia_J_VRun01.sns
  0000000039bb6b55 1024       SP_Nadia_J_VRun02.sns
  0000000039bb7015 1024       SP_Nadia_J_VRun03.sns
  0000000039bb74d5 1024       SP_Nadia_J_VRun04.sns
  0000000039bb7995 1024       SP_Nadia_J_VRunaway01.sns
  0000000039bb7e55 1024       SP_Nadia_J_VRunaway02.sns
  0000000039bb8315 1024       SP_Nadia_J_VRunaway03.sns
  0000000039bb87d5 1024       SP_Nadia_J_VRunaway04.sns
  0000000039bb8c95 1024       SP_Nadia_J_VScript01.sns
  0000000039bb9155 1024       SP_Nadia_J_VScript02.sns
  0000000039bb9615 1024       SP_Naomi_A_Baahed01.sns
  0000000039bb9ad5 1024       SP_Naomi_A_Baahed02.sns
  0000000039bb9f95 1024       SP_Naomi_A_Nakhide01.sns
  0000000039bba455 1024       SP_Naomi_A_Nakhide02.sns
  0000000039bba915 1024       SP_Naomi_A_Nakrun02.sns
  0000000039bbadd5 1024       SP_Naomi_A_Nakrun03.sns
  0000000039bbb295 1024       SP_Naomi_A_Nakrun04.sns
  0000000039bbb755 1024       SP_Naomi_A_Runaway01.sns
  0000000039bbbc15 1024       SP_Naomi_A_Runaway02.sns
  0000000039bbc0d5 1024       SP_Naomi_A_Runaway03.sns
  0000000039bbc595 1024       SP_Naomi_A_Runaway04.sns
  0000000039bbca55 1024       SP_Naomi_A_Suspicious01.sns
  0000000039bbcf15 1024       SP_Naomi_A_Suspicious02.sns
  0000000039bbd3d5 1024       SP_Naomi_A_VExplode01.sns
  0000000039bbd895 1024       SP_Naomi_A_VExplode02.sns
  0000000039bbdd55 1024       SP_Naomi_A_VHit01.sns
  0000000039bbe215 1024       SP_Naomi_A_VHit02.sns
  0000000039bbe6d5 1024       SP_Naomi_A_VJump01.sns
  0000000039bbeb95 1024       SP_Naomi_A_VJump02.sns
  0000000039bbf055 1024       SP_Naomi_A_VRun01.sns
  0000000039bbf515 1024       SP_Naomi_A_VRun02.sns
  0000000039bbf9d5 1024       SP_Naomi_A_VRun03.sns
  0000000039bbfe95 1024       SP_Naomi_A_VRun04.sns
  0000000039bc0355 1024       SP_Naomi_A_VRunaway01.sns
  0000000039bc0815 1024       SP_Naomi_A_VRunaway02.sns
  0000000039bc0cd5 1024       SP_Naomi_A_VRunaway03.sns
  0000000039bc1195 1024       SP_Naomi_A_VRunaway04.sns
  0000000039bc1655 1024       SP_Naomi_A_VScript01.sns
  0000000039bc1b15 1024       SP_Naomi_A_VScript02.sns
  0000000039bc1fd5 1024       SP_Naomi_J_Baahed01.sns
  0000000039bc2495 1024       SP_Naomi_J_Baahed02.sns
  0000000039bc2955 1024       SP_Naomi_J_Nakhide01.sns
  0000000039bc2e15 1024       SP_Naomi_J_Nakhide02.sns
  0000000039bc32d5 1024       SP_Naomi_J_Nakrun01.sns
  0000000039bc3795 1024       SP_Naomi_J_Nakrun02.sns
  0000000039bc3c55 1024       SP_Naomi_J_Nakrun03.sns
  0000000039bc4115 1024       SP_Naomi_J_Nakrun04.sns
  0000000039bc45d5 1024       SP_Naomi_J_Runaway01.sns
  0000000039bc4a95 1024       SP_Naomi_J_Runaway02.sns
  0000000039bc4f55 1024       SP_Naomi_J_Runaway03.sns
  0000000039bc5415 1024       SP_Naomi_J_Runaway04.sns
  0000000039bc58d5 1024       SP_Naomi_J_Suspicious01.sns
  0000000039bc5d95 1024       SP_Naomi_J_Suspicious02.sns
  0000000039bc6255 1024       SP_Naomi_J_Vexplode01.sns
  0000000039bc6715 1024       SP_Naomi_J_Vexplode02.sns
  0000000039bc6bd5 1024       SP_Naomi_J_Vhit01.sns
  0000000039bc7095 1024       SP_Naomi_J_Vhit02.sns
  0000000039bc7555 1024       SP_Naomi_J_Vjump01.sns
  0000000039bc7a15 1024       SP_Naomi_J_Vjump02.sns
  0000000039bc7ed5 1024       SP_Naomi_J_Vrun01.sns
  0000000039bc8395 1024       SP_Naomi_J_Vrun02.sns
  0000000039bc8855 1024       SP_Naomi_J_Vrun03.sns
  0000000039bc8d15 1024       SP_Naomi_J_Vrun04.sns
  0000000039bc91d5 1024       SP_Naomi_J_Vrunaway01.sns
  0000000039bc9695 1024       SP_Naomi_J_Vrunaway02.sns
  0000000039bc9b55 1024       SP_Naomi_J_Vrunaway03.sns
  0000000039bca015 1024       SP_Naomi_J_Vrunaway04.sns
  0000000039bca4d5 1024       SP_Naomi_J_Vscript01.sns
  0000000039bca995 1024       SP_Naomi_J_Vscript02.sns
  0000000039bcae55 1024       SP_Naomi_V_Baahed01.sns
  0000000039bcb315 1024       SP_Naomi_V_Baahed02.sns
  0000000039bcb7d5 1024       SP_Naomi_V_Nakhide01.sns
  0000000039bcbc95 1024       SP_Naomi_V_Nakhide02.sns
  0000000039bcc155 1024       SP_Naomi_V_Nakrun01.sns
  0000000039bcc615 1024       SP_Naomi_V_Nakrun02.sns
  0000000039bccad5 1024       SP_Naomi_V_Nakrun03.sns
  0000000039bccf95 1024       SP_Naomi_V_Nakrun04.sns
  0000000039bcd455 1024       SP_Naomi_V_Runaway01.sns
  0000000039bcd915 1024       SP_Naomi_V_Runaway02.sns
  0000000039bcddd5 1024       SP_Naomi_V_Runaway03.sns
  0000000039bce295 1024       SP_Naomi_V_Runaway04.sns
  0000000039bce755 1024       SP_Naomi_V_Suspicious01.sns
  0000000039bcec15 1024       SP_Naomi_V_Suspicious02.sns
  0000000039bcf0d5 1024       SP_Naomi_V_VExplode01.sns
  0000000039bcf595 1024       SP_Naomi_V_VExplode02.sns
  0000000039bcfa55 1024       SP_Naomi_V_VHit01.sns
  0000000039bcff15 1024       SP_Naomi_V_VHit02.sns
  0000000039bd03d5 1024       SP_Naomi_V_VJump01.sns
  0000000039bd0895 1024       SP_Naomi_V_VJump02.sns
  0000000039bd0d55 1024       SP_Naomi_V_VRun01.sns
  0000000039bd1215 1024       SP_Naomi_V_VRun02.sns
  0000000039bd16d5 1024       SP_Naomi_V_VRun03.sns
  0000000039bd1b95 1024       SP_Naomi_V_VRun04.sns
  0000000039bd2055 1024       SP_Naomi_V_VRunaway01.sns
  0000000039bd2515 1024       SP_Naomi_V_VRunaway02.sns
  0000000039bd29d5 1024       SP_Naomi_V_VRunaway03.sns
  0000000039bd2e95 1024       SP_Naomi_V_VRunaway04.sns
  0000000039bd3355 1024       SP_Naomi_V_VScript01.sns
  0000000039bd3815 1024       SP_Naomi_V_VScript02.sns
  0000000039bd3cd5 1024       SP_Nurse_Baahed01.sns
  0000000039bd4195 1024       SP_Nurse_Baahed02.sns
  0000000039bd4655 1024       SP_Nurse_NakHide01.sns
  0000000039bd4b15 1024       SP_Nurse_NakHide02.sns
  0000000039bd4fd5 1024       SP_Nurse_NakRun01.sns
  0000000039bd5495 1024       SP_Nurse_NakRun02.sns
  0000000039bd5955 1024       SP_Nurse_NakRun03.sns
  0000000039bd5e15 1024       SP_Nurse_NakRun04.sns
  0000000039bd62d5 1024       SP_Nurse_Runaway01.sns
  0000000039bd6795 1024       SP_Nurse_Runaway02.sns
  0000000039bd6c55 1024       SP_Nurse_Runaway03.sns
  0000000039bd7115 1024       SP_Nurse_Runaway04.sns
  0000000039bd75d5 1024       SP_Nurse_Suspicious01.sns
  0000000039bd7a95 1024       SP_Nurse_Suspicious02.sns
  0000000039bd7f55 1024       SP_Office_worker1_backbusy01.sns
  0000000039bd8415 1024       SP_Office_worker1_backbusy02.sns
  0000000039bd88d5 1024       SP_Office_worker1_backbusy03.sns
  0000000039bd8d95 1024       SP_Office_worker1_backbusy04.sns
  0000000039bd9255 1024       SP_Office_worker1_turn02.sns
  0000000039bd9715 1024       SP_Office_worker2_backbusy01.sns
  0000000039bd9bd5 1024       SP_Office_worker2_backbusy02.sns
  0000000039bda095 1024       SP_Office_worker2_backbusy03.sns
  0000000039bda555 1024       SP_Office_worker2_backbusy04.sns
  0000000039bdaa15 1024       SP_Office_worker2_turn02.sns
  0000000039bdaed5 1024       SP_Office_worker3_backbusy01.sns
  0000000039bdb395 1024       SP_Office_worker3_backbusy02.sns
  0000000039bdb855 1024       SP_Office_worker3_backbusy03.sns
  0000000039bdbd15 1024       SP_Office_worker3_turn01.sns
  0000000039bdc1d5 1024       SP_Office_worker3_turn02.sns
  0000000039bdc695 1024       SP_Office_worker4_backbusy01.sns
  0000000039bdcb55 1024       SP_Office_worker4_backbusy02.sns
  0000000039bdd015 1024       SP_Office_worker4_backbusy03.sns
  0000000039bdd4d5 1024       SP_Office_worker4_backbusy04.sns
  0000000039bdd995 1024       SP_Office_worker4_turn01.sns
  0000000039bdde55 1024       SP_Office_worker4_turn02.sns
  0000000039bde315 1024       SP_Owner_Villa1_Baahed01.sns
  0000000039bde7d5 1024       SP_Owner_Villa1_Baahed02.sns
  0000000039bdec95 1024       SP_Owner_Villa1_Nakhide01.sns
  0000000039bdf155 1024       SP_Owner_Villa1_Nakhide02.sns
  0000000039bdf615 1024       SP_Owner_Villa1_Nakrun01.sns
  0000000039bdfad5 1024       SP_Owner_Villa1_Nakrun02.sns
  0000000039bdff95 1024       SP_Owner_Villa1_Nakrun03.sns
  0000000039be0455 1024       SP_Owner_Villa1_Nakrun04.sns
  0000000039be0915 1024       SP_Owner_Villa1_Runaway01.sns
  0000000039be0dd5 1024       SP_Owner_Villa1_Runaway02.sns
  0000000039be1295 1024       SP_Owner_Villa1_Runaway03.sns
  0000000039be1755 1024       SP_Owner_Villa1_Runaway04.sns
  0000000039be1c15 1024       SP_Owner_Villa1_Suspicious01.sns
  0000000039be20d5 1024       SP_Owner_Villa1_Suspicious02.sns
  0000000039be2595 1024       SP_Owner_Villa1_Vexplode01.sns
  0000000039be2a55 1024       SP_Owner_Villa1_Vexplode02.sns
  0000000039be2f15 1024       SP_Owner_Villa1_Vhit01.sns
  0000000039be33d5 1024       SP_Owner_Villa1_Vhit02.sns
  0000000039be3895 1024       SP_Owner_Villa1_Vjump01.sns
  0000000039be3d55 1024       SP_Owner_Villa1_Vjump02.sns
  0000000039be4215 1024       SP_Owner_Villa1_Vrun01.sns
  0000000039be46d5 1024       SP_Owner_Villa1_Vrun02.sns
  0000000039be4b95 1024       SP_Owner_Villa1_Vrun03.sns
  0000000039be5055 1024       SP_Owner_Villa1_Vrun04.sns
  0000000039be5515 1024       SP_Owner_Villa1_Vrunaway01.sns
  0000000039be59d5 1024       SP_Owner_Villa1_Vrunaway02.sns
  0000000039be5e95 1024       SP_Owner_Villa1_Vrunaway03.sns
  0000000039be6355 1024       SP_Owner_Villa1_Vrunaway04.sns
  0000000039be6815 1024       SP_Owner_Villa1_Vscript01.sns
  0000000039be6cd5 1024       SP_Owner_Villa1_Vscript02.sns
  0000000039be7195 1024       SP_Owner_Villa2_Baahed01.sns
  0000000039be7655 1024       SP_Owner_Villa2_Baahed02.sns
  0000000039be7b15 1024       SP_Owner_Villa2_Nakhide01.sns
  0000000039be7fd5 1024       SP_Owner_Villa2_Nakhide02.sns
  0000000039be8495 1024       SP_Owner_Villa2_Nakrun01.sns
  0000000039be8955 1024       SP_Owner_Villa2_Nakrun02.sns
  0000000039be8e15 1024       SP_Owner_Villa2_Nakrun03.sns
  0000000039be92d5 1024       SP_Owner_Villa2_Nakrun04.sns
  0000000039be9795 1024       SP_Owner_Villa2_Runaway01.sns
  0000000039be9c55 1024       SP_Owner_Villa2_Runaway02.sns
  0000000039bea115 1024       SP_Owner_Villa2_Runaway03.sns
  0000000039bea5d5 1024       SP_Owner_Villa2_Runaway04.sns
  0000000039beaa95 1024       SP_Owner_Villa2_Suspicious01.sns
  0000000039beaf55 1024       SP_Owner_Villa2_Suspicious02.sns
  0000000039beb415 1024       SP_Panicman_Baahed01.sns
  0000000039beb8d5 1024       SP_Panicman_Baahed02.sns
  0000000039bebd95 1024       SP_Panicman_NakHide01.sns
  0000000039bec255 1024       SP_Panicman_NakHide02.sns
  0000000039bec715 1024       SP_Panicman_NakRun01.sns
  0000000039becbd5 1024       SP_Panicman_NakRun02.sns
  0000000039bed095 1024       SP_Panicman_NakRun03.sns
  0000000039bed555 1024       SP_Panicman_NakRun04.sns
  0000000039beda15 1024       SP_Panicman_Runaway01.sns
  0000000039beded5 1024       SP_Panicman_Runaway02.sns
  0000000039bee395 1024       SP_Panicman_Runaway03.sns
  0000000039bee855 1024       SP_Panicman_Runaway04.sns
  0000000039beed15 1024       SP_Panicman_Suspicious01.sns
  0000000039bef1d5 1024       SP_Panicman_Suspicious02.sns
  0000000039bef695 1024       SP_Puppet_female_01.sns
  0000000039befb55 1024       SP_Puppet_female_02.sns
  0000000039bf0015 1024       SP_Puppet_female_03.sns
  0000000039bf04d5 1024       SP_Puppet_female_04.sns
  0000000039bf0995 1024       SP_Puppet_male_01.sns
  0000000039bf0e55 1024       SP_Puppet_male_02.sns
  0000000039bf1315 1024       SP_Puppet_male_03.sns
  0000000039bf17d5 1024       SP_Raymonde_A_Baahed01.sns
  0000000039bf1c95 1024       SP_Raymonde_A_Baahed02.sns
  0000000039bf2155 1024       SP_Raymonde_A_NakHide01.sns
  0000000039bf2615 1024       SP_Raymonde_A_NakHide02.sns
  0000000039bf2ad5 1024       SP_Raymonde_A_NakRun01.sns
  0000000039bf2f95 1024       SP_Raymonde_A_NakRun02.sns
  0000000039bf3455 1024       SP_Raymonde_A_NakRun03.sns
  0000000039bf3915 1024       SP_Raymonde_A_NakRun04.sns
  0000000039bf3dd5 1024       SP_Raymonde_A_reactor01.sns
  0000000039bf4295 1024       SP_Raymonde_A_reactor02.sns
  0000000039bf4755 1024       SP_Raymonde_A_reactor03.sns
  0000000039bf4c15 1024       SP_Raymonde_A_Runaway01.sns
  0000000039bf50d5 1024       SP_Raymonde_A_Runaway02.sns
  0000000039bf5595 1024       SP_Raymonde_A_Runaway03.sns
  0000000039bf5a55 1024       SP_Raymonde_A_Runaway04.sns
  0000000039bf5f15 1024       SP_Raymonde_A_Suspicious01.sns
  0000000039bf63d5 1024       SP_Raymonde_A_Suspicious02.sns
  0000000039bf6895 1024       SP_Raymonde_A_Vexplode01.sns
  0000000039bf6d55 1024       SP_Raymonde_A_Vexplode02.sns
  0000000039bf7215 1024       SP_Raymonde_A_Vhit01.sns
  0000000039bf76d5 1024       SP_Raymonde_A_Vhit02.sns
  0000000039bf7b95 1024       SP_Raymonde_A_Vjump01.sns
  0000000039bf8055 1024       SP_Raymonde_A_Vjump02.sns
  0000000039bf8515 1024       SP_Raymonde_A_Vreactor01.sns
  0000000039bf89d5 1024       SP_Raymonde_A_Vreactor02.sns
  0000000039bf8e95 1024       SP_Raymonde_A_Vreactor03.sns
  0000000039bf9355 1024       SP_Raymonde_A_Vrun01.sns
  0000000039bf9815 1024       SP_Raymonde_A_Vrun02.sns
  0000000039bf9cd5 1024       SP_Raymonde_A_Vrun03.sns
  0000000039bfa195 1024       SP_Raymonde_A_Vrun04.sns
  0000000039bfa655 1024       SP_Raymonde_A_Vrunaway01.sns
  0000000039bfab15 1024       SP_Raymonde_A_Vrunaway02.sns
  0000000039bfafd5 1024       SP_Raymonde_A_Vrunaway03.sns
  0000000039bfb495 1024       SP_Raymonde_A_Vrunaway04.sns
  0000000039bfb955 1024       SP_Raymonde_A_Vscript01.sns
  0000000039bfbe15 1024       SP_Raymonde_A_Vscript02.sns
  0000000039bfc2d5 1024       SP_Raymonde_J_Baahed01.sns
  0000000039bfc795 1024       SP_Raymonde_J_Baahed02.sns
  0000000039bfcc55 1024       SP_Raymonde_J_Nakhide01.sns
  0000000039bfd115 1024       SP_Raymonde_J_Nakhide02.sns
  0000000039bfd5d5 1024       SP_Raymonde_J_Nakrun01.sns
  0000000039bfda95 1024       SP_Raymonde_J_Nakrun02.sns
  0000000039bfdf55 1024       SP_Raymonde_J_Nakrun03.sns
  0000000039bfe415 1024       SP_Raymonde_J_Nakrun04.sns
  0000000039bfe8d5 1024       SP_Raymonde_J_Runaway01.sns
  0000000039bfed95 1024       SP_Raymonde_J_Runaway02.sns
  0000000039bff255 1024       SP_Raymonde_J_Runaway03.sns
  0000000039bff715 1024       SP_Raymonde_J_Runaway04.sns
  0000000039bffbd5 1024       SP_Raymonde_J_Suspicious01.sns
  0000000039c00095 1024       SP_Raymonde_J_Suspicious02.sns
  0000000039c00555 1024       SP_Raymonde_J_VExplode01.sns
  0000000039c00a15 1024       SP_Raymonde_J_VExplode02.sns
  0000000039c00ed5 1024       SP_Raymonde_J_VHit01.sns
  0000000039c01395 1024       SP_Raymonde_J_VHit02.sns
  0000000039c01855 1024       SP_Raymonde_J_VJump01.sns
  0000000039c01d15 1024       SP_Raymonde_J_VJump02.sns
  0000000039c021d5 1024       SP_Raymonde_J_VRun01.sns
  0000000039c02695 1024       SP_Raymonde_J_VRun02.sns
  0000000039c02b55 1024       SP_Raymonde_J_VRun03.sns
  0000000039c03015 1024       SP_Raymonde_J_VRun04.sns
  0000000039c034d5 1024       SP_Raymonde_J_VRunaway01.sns
  0000000039c03995 1024       SP_Raymonde_J_VRunaway02.sns
  0000000039c03e55 1024       SP_Raymonde_J_VRunaway03.sns
  0000000039c04315 1024       SP_Raymonde_J_VRunaway04.sns
  0000000039c047d5 1024       SP_Raymonde_J_VScript01.sns
  0000000039c04c95 1024       SP_Raymonde_J_VScript02.sns
  0000000039c05155 1024       SP_Raymonde_V_Baahed01.sns
  0000000039c05615 1024       SP_Raymonde_V_Baahed02.sns
  0000000039c05ad5 1024       SP_Raymonde_V_NakHide01.sns
  0000000039c05f95 1024       SP_Raymonde_V_NakHide02.sns
  0000000039c06455 1024       SP_Raymonde_V_NakRun01.sns
  0000000039c06915 1024       SP_Raymonde_V_NakRun02.sns
  0000000039c06dd5 1024       SP_Raymonde_V_NakRun03.sns
  0000000039c07295 1024       SP_Raymonde_V_NakRun04.sns
  0000000039c07755 1024       SP_Raymonde_V_Runaway01.sns
  0000000039c07c15 1024       SP_Raymonde_V_Runaway02.sns
  0000000039c080d5 1024       SP_Raymonde_V_Runaway03.sns
  0000000039c08595 1024       SP_Raymonde_V_Runaway04.sns
  0000000039c08a55 1024       SP_Raymonde_V_Suspicious01.sns
  0000000039c08f15 1024       SP_Raymonde_V_Suspicious02.sns
  0000000039c093d5 1024       SP_Raymonde_V_Vexplode01.sns
  0000000039c09895 1024       SP_Raymonde_V_Vexplode02.sns
  0000000039c09d55 1024       SP_Raymonde_V_Vhit01.sns
  0000000039c0a215 1024       SP_Raymonde_V_Vhit02.sns
  0000000039c0a6d5 1024       SP_Raymonde_V_Vjump01.sns
  0000000039c0ab95 1024       SP_Raymonde_V_Vjump02.sns
  0000000039c0b055 1024       SP_Raymonde_V_Vrun01.sns
  0000000039c0b515 1024       SP_Raymonde_V_Vrun02.sns
  0000000039c0b9d5 1024       SP_Raymonde_V_Vrun03.sns
  0000000039c0be95 1024       SP_Raymonde_V_Vrun04.sns
  0000000039c0c355 1024       SP_Raymonde_V_Vrunaway01.sns
  0000000039c0c815 1024       SP_Raymonde_V_Vrunaway02.sns
  0000000039c0ccd5 1024       SP_Raymonde_V_Vrunaway03.sns
  0000000039c0d195 1024       SP_Raymonde_V_Vrunaway04.sns
  0000000039c0d655 1024       SP_Raymonde_V_Vscript01.sns
  0000000039c0db15 1024       SP_Raymonde_V_Vscript02.sns
  0000000039c0dfd5 1024       SP_Robert_A_Baahed01.sns
  0000000039c0e495 1024       SP_Robert_A_Baahed02.sns
  0000000039c0e955 1024       SP_Robert_A_Nakhide01.sns
  0000000039c0ee15 1024       SP_Robert_A_Nakhide02.sns
  0000000039c0f2d5 1024       SP_Robert_A_Nakrun01.sns
  0000000039c0f795 1024       SP_Robert_A_Nakrun02.sns
  0000000039c0fc55 1024       SP_Robert_A_Nakrun03.sns
  0000000039c10115 1024       SP_Robert_A_Nakrun04.sns
  0000000039c105d5 1024       SP_Robert_A_Runaway01.sns
  0000000039c10a95 1024       SP_Robert_A_Runaway02.sns
  0000000039c10f55 1024       SP_Robert_A_Runaway03.sns
  0000000039c11415 1024       SP_Robert_A_Runaway04.sns
  0000000039c118d5 1024       SP_Robert_A_Suspicious01.sns
  0000000039c11d95 1024       SP_Robert_A_Suspicious02.sns
  0000000039c12255 1024       SP_Robert_A_VExplode01.sns
  0000000039c12715 1024       SP_Robert_A_VExplode02.sns
  0000000039c12bd5 1024       SP_Robert_A_VHit01.sns
  0000000039c13095 1024       SP_Robert_A_VHit02.sns
  0000000039c13555 1024       SP_Robert_A_VJump01.sns
  0000000039c13a15 1024       SP_Robert_A_VJump02.sns
  0000000039c13ed5 1024       SP_Robert_A_VRun01.sns
  0000000039c14395 1024       SP_Robert_A_VRun02.sns
  0000000039c14855 1024       SP_Robert_A_VRun03.sns
  0000000039c14d15 1024       SP_Robert_A_VRun04.sns
  0000000039c151d5 1024       SP_Robert_A_VRunaway01.sns
  0000000039c15695 1024       SP_Robert_A_VRunaway02.sns
  0000000039c15b55 1024       SP_Robert_A_VRunaway03.sns
  0000000039c16015 1024       SP_Robert_A_VRunaway04.sns
  0000000039c164d5 1024       SP_Robert_A_VScript01.sns
  0000000039c16995 1024       SP_Robert_A_VScript02.sns
  0000000039c16e55 1024       SP_Robert_J_Baahed01.sns
  0000000039c17315 1024       SP_Robert_J_Baahed02.sns
  0000000039c177d5 1024       SP_Robert_J_NakHide01.sns
  0000000039c17c95 1024       SP_Robert_J_NakHide02.sns
  0000000039c18155 1024       SP_Robert_J_NakRun01.sns
  0000000039c18615 1024       SP_Robert_J_NakRun02.sns
  0000000039c18ad5 1024       SP_Robert_J_NakRun03.sns
  0000000039c18f95 1024       SP_Robert_J_NakRun04.sns
  0000000039c19455 1024       SP_Robert_J_reactor01.sns
  0000000039c19915 1024       SP_Robert_J_reactor02.sns
  0000000039c19dd5 1024       SP_Robert_J_reactor03.sns
  0000000039c1a295 1024       SP_Robert_J_Runaway01.sns
  0000000039c1a755 1024       SP_Robert_J_Runaway02.sns
  0000000039c1ac15 1024       SP_Robert_J_Runaway03.sns
  0000000039c1b0d5 1024       SP_Robert_J_Runaway04.sns
  0000000039c1b595 1024       SP_Robert_J_Suspicious01.sns
  0000000039c1ba55 1024       SP_Robert_J_Suspicious02.sns
  0000000039c1bf15 1024       SP_Robert_J_Vexplode01.sns
  0000000039c1c3d5 1024       SP_Robert_J_Vhit01.sns
  0000000039c1c895 1024       SP_Robert_J_Vhit02.sns
  0000000039c1cd55 1024       SP_Robert_J_Vjump01.sns
  0000000039c1d215 1024       SP_Robert_J_Vjump02.sns
  0000000039c1d6d5 1024       SP_Robert_J_Vreactor01.sns
  0000000039c1db95 1024       SP_Robert_J_Vreactor02.sns
  0000000039c1e055 1024       SP_Robert_J_Vreactor03.sns
  0000000039c1e515 1024       SP_Robert_J_Vrun01.sns
  0000000039c1e9d5 1024       SP_Robert_J_Vrun02.sns
  0000000039c1ee95 1024       SP_Robert_J_Vrun03.sns
  0000000039c1f355 1024       SP_Robert_J_Vrun04.sns
  0000000039c1f815 1024       SP_Robert_J_Vrunaway01.sns
  0000000039c1fcd5 1024       SP_Robert_J_Vrunaway02.sns
  0000000039c20195 1024       SP_Robert_J_Vrunaway03.sns
  0000000039c20655 1024       SP_Robert_J_Vrunaway04.sns
  0000000039c20b15 1024       SP_Robert_J_Vscript01.sns
  0000000039c20fd5 1024       SP_Robert_J_Vscript02.sns
  0000000039c21495 1024       SP_Robert_V_Baahed01.sns
  0000000039c21955 1024       SP_Robert_V_Baahed02.sns
  0000000039c21e15 1024       SP_Robert_V_Nakhide01.sns
  0000000039c222d5 1024       SP_Robert_V_Nakhide02.sns
  0000000039c22795 1024       SP_Robert_V_Nakrun01.sns
  0000000039c22c55 1024       SP_Robert_V_Nakrun02.sns
  0000000039c23115 1024       SP_Robert_V_Nakrun03.sns
  0000000039c235d5 1024       SP_Robert_V_Nakrun04.sns
  0000000039c23a95 1024       SP_Robert_V_Runaway01.sns
  0000000039c23f55 1024       SP_Robert_V_Runaway02.sns
  0000000039c24415 1024       SP_Robert_V_Runaway03.sns
  0000000039c248d5 1024       SP_Robert_V_Runaway04.sns
  0000000039c24d95 1024       SP_Robert_V_Suspicious01.sns
  0000000039c25255 1024       SP_Robert_V_Suspicious02.sns
  0000000039c25715 1024       SP_Robert_V_VExplode01.sns
  0000000039c25bd5 1024       SP_Robert_V_VExplode02.sns
  0000000039c26095 1024       SP_Robert_V_VHit01.sns
  0000000039c26555 1024       SP_Robert_V_VHit02.sns
  0000000039c26a15 1024       SP_Robert_V_VJump01.sns
  0000000039c26ed5 1024       SP_Robert_V_VJump02.sns
  0000000039c27395 1024       SP_Robert_V_VRun01.sns
  0000000039c27855 1024       SP_Robert_V_VRun02.sns
  0000000039c27d15 1024       SP_Robert_V_VRun03.sns
  0000000039c281d5 1024       SP_Robert_V_VRun04.sns
  0000000039c28695 1024       SP_Robert_V_VRunaway01.sns
  0000000039c28b55 1024       SP_Robert_V_VRunaway02.sns
  0000000039c29015 1024       SP_Robert_V_VRunaway03.sns
  0000000039c294d5 1024       SP_Robert_V_VRunaway04.sns
  0000000039c29995 1024       SP_Robert_V_VScript01.sns
  0000000039c29e55 1024       SP_Robert_V_VScript02.sns
  0000000039c2a315 1024       SP_Sanibot_baahed.sns
  0000000039c2a7d5 1024       SP_Sanibot_catch.sns
  0000000039c2ac95 1024       SP_Sanibot_clean.sns
  0000000039c2b155 1024       SP_Sanibot_detect.sns
  0000000039c2b615 1024       SP_Sanibot_door.sns
  0000000039c2bad5 1024       SP_Sanibot_finish.sns
  0000000039c2bf95 1024       SP_SantaClaus_Baahed01.sns
  0000000039c2c455 1024       SP_SantaClaus_Baahed02.sns
  0000000039c2c915 1024       SP_SantaClaus_NakHide01.sns
  0000000039c2cdd5 1024       SP_SantaClaus_NakHide02.sns
  0000000039c2d295 1024       SP_SantaClaus_NakRun01.sns
  0000000039c2d755 1024       SP_SantaClaus_NakRun02.sns
  0000000039c2dc15 1024       SP_SantaClaus_NakRun03.sns
  0000000039c2e0d5 1024       SP_SantaClaus_NakRun04.sns
  0000000039c2e595 1024       SP_SantaClaus_Runaway01.sns
  0000000039c2ea55 1024       SP_SantaClaus_Runaway02.sns
  0000000039c2ef15 1024       SP_SantaClaus_Runaway03.sns
  0000000039c2f3d5 1024       SP_SantaClaus_Runaway04.sns
  0000000039c2f895 1024       SP_SantaClaus_Suspicious01.sns
  0000000039c2fd55 1024       SP_SantaClaus_Suspicious02.sns
  0000000039c30215 1024       SP_ScoutBoy_Baahed01.sns
  0000000039c306d5 1024       SP_ScoutBoy_Baahed02.sns
  0000000039c30b95 1024       SP_ScoutBoy_Nakhide01.sns
  0000000039c31055 1024       SP_ScoutBoy_Nakhide02.sns
  0000000039c31515 1024       SP_ScoutBoy_Nakrun01.sns
  0000000039c319d5 1024       SP_ScoutBoy_Nakrun02.sns
  0000000039c31e95 1024       SP_ScoutBoy_Nakrun03.sns
  0000000039c32355 1024       SP_ScoutBoy_Nakrun04.sns
  0000000039c32815 1024       SP_ScoutBoy_Runaway01.sns
  0000000039c32cd5 1024       SP_ScoutBoy_Runaway02.sns
  0000000039c33195 1024       SP_ScoutBoy_Runaway03.sns
  0000000039c33655 1024       SP_ScoutBoy_Runaway04.sns
  0000000039c33b15 1024       SP_ScoutBoy_Suspicious01.sns
  0000000039c33fd5 1024       SP_ScoutBoy_Suspicious02.sns
  0000000039c34495 1024       SP_ScoutGirl_Baahed01.sns
  0000000039c34955 1024       SP_ScoutGirl_Baahed02.sns
  0000000039c34e15 1024       SP_ScoutGirl_Nakhide01.sns
  0000000039c352d5 1024       SP_ScoutGirl_Nakhide02.sns
  0000000039c35795 1024       SP_ScoutGirl_Nakrun01.sns
  0000000039c35c55 1024       SP_ScoutGirl_Nakrun02.sns
  0000000039c36115 1024       SP_ScoutGirl_Nakrun03.sns
  0000000039c365d5 1024       SP_ScoutGirl_Nakrun04.sns
  0000000039c36a95 1024       SP_ScoutGirl_Runaway01.sns
  0000000039c36f55 1024       SP_ScoutGirl_Runaway02.sns
  0000000039c37415 1024       SP_ScoutGirl_Runaway03.sns
  0000000039c378d5 1024       SP_ScoutGirl_Runaway04.sns
  0000000039c37d95 1024       SP_ScoutGirl_Suspicious01.sns
  0000000039c38255 1024       SP_ScoutGirl_Suspicious02.sns
  0000000039c38715 1024       SP_Segolene_A_Baahed01.sns
  0000000039c38bd5 1024       SP_Segolene_A_Baahed02.sns
  0000000039c39095 1024       SP_Segolene_A_NakHide01.sns
  0000000039c39555 1024       SP_Segolene_A_NakHide02.sns
  0000000039c39a15 1024       SP_Segolene_A_NakRun01.sns
  0000000039c39ed5 1024       SP_Segolene_A_NakRun02.sns
  0000000039c3a395 1024       SP_Segolene_A_NakRun03.sns
  0000000039c3a855 1024       SP_Segolene_A_NakRun04.sns
  0000000039c3ad15 1024       SP_Segolene_A_Runaway01.sns
  0000000039c3b1d5 1024       SP_Segolene_A_Runaway02.sns
  0000000039c3b695 1024       SP_Segolene_A_Runaway03.sns
  0000000039c3bb55 1024       SP_Segolene_A_Runaway04.sns
  0000000039c3c015 1024       SP_Segolene_A_Suspicious01.sns
  0000000039c3c4d5 1024       SP_Segolene_A_Suspicious03.sns
  0000000039c3c995 1024       SP_Segolene_A_Vexplode01.sns
  0000000039c3ce55 1024       SP_Segolene_A_Vexplode02.sns
  0000000039c3d315 1024       SP_Segolene_A_Vhit01.sns
  0000000039c3d7d5 1024       SP_Segolene_A_Vhit02.sns
  0000000039c3dc95 1024       SP_Segolene_A_Vjump01.sns
  0000000039c3e155 1024       SP_Segolene_A_Vjump02.sns
  0000000039c3e615 1024       SP_Segolene_A_Vrun01.sns
  0000000039c3ead5 1024       SP_Segolene_A_Vrun02.sns
  0000000039c3ef95 1024       SP_Segolene_A_Vrun03.sns
  0000000039c3f455 1024       SP_Segolene_A_Vrun04.sns
  0000000039c3f915 1024       SP_Segolene_A_Vrunaway01.sns
  0000000039c3fdd5 1024       SP_Segolene_A_Vrunaway02.sns
  0000000039c40295 1024       SP_Segolene_A_Vrunaway03.sns
  0000000039c40755 1024       SP_Segolene_A_Vrunaway04.sns
  0000000039c40c15 1024       SP_Segolene_A_Vscript01.sns
  0000000039c410d5 1024       SP_Segolene_A_Vscript02.sns
  0000000039c41595 1024       SP_Segolene_J_Baahed01.sns
  0000000039c41a55 1024       SP_Segolene_J_Baahed02.sns
  0000000039c41f15 1024       SP_Segolene_J_Nakhide01.sns
  0000000039c423d5 1024       SP_Segolene_J_Nakhide02.sns
  0000000039c42895 1024       SP_Segolene_J_Nakrun01.sns
  0000000039c42d55 1024       SP_Segolene_J_Nakrun02.sns
  0000000039c43215 1024       SP_Segolene_J_Nakrun03.sns
  0000000039c436d5 1024       SP_Segolene_J_Nakrun04.sns
  0000000039c43b95 1024       SP_Segolene_J_Runaway01.sns
  0000000039c44055 1024       SP_Segolene_J_Runaway02.sns
  0000000039c44515 1024       SP_Segolene_J_Runaway03.sns
  0000000039c449d5 1024       SP_Segolene_J_Runaway04.sns
  0000000039c44e95 1024       SP_Segolene_J_Suspicious01.sns
  0000000039c45355 1024       SP_Segolene_J_Suspicious02.sns
  0000000039c45815 1024       SP_Segolene_J_VExplode01.sns
  0000000039c45cd5 1024       SP_Segolene_J_VExplode02.sns
  0000000039c46195 1024       SP_Segolene_J_VHit01.sns
  0000000039c46655 1024       SP_Segolene_J_VHit02.sns
  0000000039c46b15 1024       SP_Segolene_J_VJump01.sns
  0000000039c46fd5 1024       SP_Segolene_J_VJump02.sns
  0000000039c47495 1024       SP_Segolene_J_VRun01.sns
  0000000039c47955 1024       SP_Segolene_J_VRun02.sns
  0000000039c47e15 1024       SP_Segolene_J_VRun03.sns
  0000000039c482d5 1024       SP_Segolene_J_VRun04.sns
  0000000039c48795 1024       SP_Segolene_J_VRunaway01.sns
  0000000039c48c55 1024       SP_Segolene_J_VRunaway02.sns
  0000000039c49115 1024       SP_Segolene_J_VRunaway03.sns
  0000000039c495d5 1024       SP_Segolene_J_VRunaway04.sns
  0000000039c49a95 1024       SP_Segolene_J_VScript01.sns
  0000000039c49f55 1024       SP_Segolene_J_VScript02.sns
  0000000039c4a415 1024       SP_Segolene_V_Baahed01.sns
  0000000039c4a8d5 1024       SP_Segolene_V_Baahed02.sns
  0000000039c4ad95 1024       SP_Segolene_V_Nakhide01.sns
  0000000039c4b255 1024       SP_Segolene_V_Nakrun01.sns
  0000000039c4b715 1024       SP_Segolene_V_Nakrun02.sns
  0000000039c4bbd5 1024       SP_Segolene_V_Nakrun03.sns
  0000000039c4c095 1024       SP_Segolene_V_Nakrun04.sns
  0000000039c4c555 1024       SP_Segolene_V_Runaway01.sns
  0000000039c4ca15 1024       SP_Segolene_V_Runaway02.sns
  0000000039c4ced5 1024       SP_Segolene_V_Runaway03.sns
  0000000039c4d395 1024       SP_Segolene_V_Runaway04.sns
  0000000039c4d855 1024       SP_Segolene_V_Suspicious01.sns
  0000000039c4dd15 1024       SP_Segolene_V_Suspicious02.sns
  0000000039c4e1d5 1024       SP_Segolene_V_VExplode01.sns
  0000000039c4e695 1024       SP_Segolene_V_VExplode02.sns
  0000000039c4eb55 1024       SP_Segolene_V_VHit01.sns
  0000000039c4f015 1024       SP_Segolene_V_VHit02.sns
  0000000039c4f4d5 1024       SP_Segolene_V_VJump01.sns
  0000000039c4f995 1024       SP_Segolene_V_VJump02.sns
  0000000039c4fe55 1024       SP_Segolene_V_VRun01.sns
  0000000039c50315 1024       SP_Segolene_V_VRun02.sns
  0000000039c507d5 1024       SP_Segolene_V_VRun03.sns
  0000000039c50c95 1024       SP_Segolene_V_VRun04.sns
  0000000039c51155 1024       SP_Segolene_V_VRunaway01.sns
  0000000039c51615 1024       SP_Segolene_V_VRunaway02.sns
  0000000039c51ad5 1024       SP_Segolene_V_VRunaway03.sns
  0000000039c51f95 1024       SP_Segolene_V_VRunaway04.sns
  0000000039c52455 1024       SP_Segolene_V_VScript01.sns
  0000000039c52915 1024       SP_Segolene_V_VScript02.sns
  0000000039c52dd5 1024       SP_Servant_Baahed01.sns
  0000000039c53295 1024       SP_Servant_Baahed02.sns
  0000000039c53755 1024       SP_Servant_Nakhide01.sns
  0000000039c53c15 1024       SP_Servant_Nakhide02.sns
  0000000039c540d5 1024       SP_Servant_Nakrun01.sns
  0000000039c54595 1024       SP_Servant_Nakrun02.sns
  0000000039c54a55 1024       SP_Servant_Nakrun03.sns
  0000000039c54f15 1024       SP_Servant_Nakrun04.sns
  0000000039c553d5 1024       SP_Servant_Runaway01.sns
  0000000039c55895 1024       SP_Servant_Runaway02.sns
  0000000039c55d55 1024       SP_Servant_Runaway03.sns
  0000000039c56215 1024       SP_Servant_Runaway04.sns
  0000000039c566d5 1024       SP_Servant_Suspicious01.sns
  0000000039c56b95 1024       SP_Servant_Suspicious02.sns
  0000000039c57055 1024       SP_steward_Baahed01.sns
  0000000039c57515 1024       SP_steward_Baahed02.sns
  0000000039c579d5 1024       SP_steward_NakHide01.sns
  0000000039c57e95 1024       SP_steward_NakHide02.sns
  0000000039c58355 1024       SP_steward_NakRun01.sns
  0000000039c58815 1024       SP_steward_NakRun02.sns
  0000000039c58cd5 1024       SP_steward_NakRun03.sns
  0000000039c59195 1024       SP_steward_NakRun04.sns
  0000000039c59655 1024       SP_steward_Runaway01.sns
  0000000039c59b15 1024       SP_steward_Runaway02.sns
  0000000039c59fd5 1024       SP_steward_Runaway03.sns
  0000000039c5a495 1024       SP_steward_Runaway04.sns
  0000000039c5a955 1024       SP_steward_Suspicious01.sns
  0000000039c5ae15 1024       SP_steward_Suspicious02.sns
  0000000039c5b2d5 1024       SP_Supermarket-customer_baahed01.sns
  0000000039c5b795 1024       SP_Supermarket-customer_baahed02.sns
  0000000039c5bc55 1024       SP_Supermarket-customer_nakhide01.sns
  0000000039c5c115 1024       SP_Supermarket-customer_nakhide02.sns
  0000000039c5c5d5 1024       SP_Supermarket-customer_nakrun01.sns
  0000000039c5ca95 1024       SP_Supermarket-customer_nakrun02.sns
  0000000039c5cf55 1024       SP_Supermarket-customer_nakrun03.sns
  0000000039c5d415 1024       SP_Supermarket-customer_nakrun04.sns
  0000000039c5d8d5 1024       SP_Supermarket-customer_runaway01.sns
  0000000039c5dd95 1024       SP_Supermarket-customer_runaway02.sns
  0000000039c5e255 1024       SP_Supermarket-customer_runaway03.sns
  0000000039c5e715 1024       SP_Supermarket-customer_runaway04.sns
  0000000039c5ebd5 1024       SP_Supermarket-customer_suspicious01.sns
  0000000039c5f095 1024       SP_Supermarket-customer_suspicious02.sns
  0000000039c5f555 1024       SP_Tidy_Robot00.sns
  0000000039c5fa15 1024       SP_Tidy_Robot01.sns
  0000000039c5fed5 1024       SP_Tidy_Robot02.sns
  0000000039c60395 1024       SP_Tina_A_Baahed01.sns
  0000000039c60855 1024       SP_Tina_A_Baahed02.sns
  0000000039c60d15 1024       SP_Tina_A_NakHide01.sns
  0000000039c611d5 1024       SP_Tina_A_NakHide02.sns
  0000000039c61695 1024       SP_Tina_A_NakRun01.sns
  0000000039c61b55 1024       SP_Tina_A_NakRun02.sns
  0000000039c62015 1024       SP_Tina_A_NakRun03.sns
  0000000039c624d5 1024       SP_Tina_A_NakRun04.sns
  0000000039c62995 1024       SP_Tina_A_reactor01.sns
  0000000039c62e55 1024       SP_Tina_A_reactor02.sns
  0000000039c63315 1024       SP_Tina_A_reactor03.sns
  0000000039c637d5 1024       SP_Tina_A_Runaway01.sns
  0000000039c63c95 1024       SP_Tina_A_Runaway02.sns
  0000000039c64155 1024       SP_Tina_A_Runaway03.sns
  0000000039c64615 1024       SP_Tina_A_Runaway04.sns
  0000000039c64ad5 1024       SP_Tina_A_Suspicious01.sns
  0000000039c64f95 1024       SP_Tina_A_Suspicious02.sns
  0000000039c65455 1024       SP_Tina_A_Vexplode01.sns
  0000000039c65915 1024       SP_Tina_A_Vexplode02.sns
  0000000039c65dd5 1024       SP_Tina_A_Vhit01.sns
  0000000039c66295 1024       SP_Tina_A_Vhit02.sns
  0000000039c66755 1024       SP_Tina_A_Vjump01.sns
  0000000039c66c15 1024       SP_Tina_A_Vjump02.sns
  0000000039c670d5 1024       SP_Tina_A_Vreactor01.sns
  0000000039c67595 1024       SP_Tina_A_Vreactor02.sns
  0000000039c67a55 1024       SP_Tina_A_Vreactor03.sns
  0000000039c67f15 1024       SP_Tina_A_Vrun01.sns
  0000000039c683d5 1024       SP_Tina_A_Vrun02.sns
  0000000039c68895 1024       SP_Tina_A_Vrun03.sns
  0000000039c68d55 1024       SP_Tina_A_Vrun04.sns
  0000000039c69215 1024       SP_Tina_A_Vrunaway01.sns
  0000000039c696d5 1024       SP_Tina_A_Vrunaway02.sns
  0000000039c69b95 1024       SP_Tina_A_Vrunaway03.sns
  0000000039c6a055 1024       SP_Tina_A_Vrunaway04.sns
  0000000039c6a515 1024       SP_Tina_A_Vscript01.sns
  0000000039c6a9d5 1024       SP_Tina_A_Vscript02.sns
  0000000039c6ae95 1024       SP_tourist2_Baahed01.sns
  0000000039c6b355 1024       SP_tourist2_Baahed02.sns
  0000000039c6b815 1024       SP_tourist2_NakHide01.sns
  0000000039c6bcd5 1024       SP_tourist2_NakHide02.sns
  0000000039c6c195 1024       SP_tourist2_NakRun02.sns
  0000000039c6c655 1024       SP_tourist2_NakRun03.sns
  0000000039c6cb15 1024       SP_tourist2_NakRun04.sns
  0000000039c6cfd5 1024       SP_tourist2_Runaway01.sns
  0000000039c6d495 1024       SP_tourist2_Runaway02.sns
  0000000039c6d955 1024       SP_tourist2_Runaway03.sns
  0000000039c6de15 1024       SP_tourist2_Runaway04.sns
  0000000039c6e2d5 1024       SP_tourist2_Suspicious01.sns
  0000000039c6e795 1024       SP_tourist2_Suspicious02.sns
  0000000039c6ec55 1024       SP_Womanshouting_Baahed01.sns
  0000000039c6f115 1024       SP_Womanshouting_Baahed02.sns
  0000000039c6f5d5 1024       SP_Womanshouting_Nakhide01.sns
  0000000039c6fa95 1024       SP_Womanshouting_Nakhide02.sns
  0000000039c6ff55 1024       SP_Womanshouting_Nakrun01.sns
  0000000039c70415 1024       SP_Womanshouting_Nakrun02.sns
  0000000039c708d5 1024       SP_Womanshouting_Nakrun03.sns
  0000000039c70d95 1024       SP_Womanshouting_Nakrun04.sns
  0000000039c71255 1024       SP_Womanshouting_Reactor01.sns
  0000000039c71715 1024       SP_Womanshouting_Reactor02.sns
  0000000039c71bd5 1024       SP_Womanshouting_Reactor03.sns
  0000000039c72095 1024       SP_Womanshouting_Runaway01.sns
  0000000039c72555 1024       SP_Womanshouting_Runaway02.sns
  0000000039c72a15 1024       SP_Womanshouting_Runaway03.sns
  0000000039c72ed5 1024       SP_Womanshouting_Runaway04.sns
  0000000039c73395 1024       SP_Womanshouting_Suspicious01.sns
  0000000039c73855 1024       SP_Womanshouting_Suspicious02.sns
  0000000039c73d15 1024       SP_Womanshouting_VExplode01.sns
  0000000039c741d5 1024       SP_Womanshouting_VExplode02.sns
  0000000039c74695 1024       SP_Womanshouting_VHit01.sns
  0000000039c74b55 1024       SP_Womanshouting_VHit02.sns
  0000000039c75015 1024       SP_Womanshouting_VJump01.sns
  0000000039c754d5 1024       SP_Womanshouting_VJump02.sns
  0000000039c75995 1024       SP_Womanshouting_VReactor01.sns
  0000000039c75e55 1024       SP_Womanshouting_VReactor02.sns
  0000000039c76315 1024       SP_Womanshouting_VReactor03.sns
  0000000039c767d5 1024       SP_Womanshouting_VRun01.sns
  0000000039c76c95 1024       SP_Womanshouting_VRun02.sns
  0000000039c77155 1024       SP_Womanshouting_VRun03.sns
  0000000039c77615 1024       SP_Womanshouting_VRun04.sns
  0000000039c77ad5 1024       SP_Womanshouting_VRunaway01.sns
  0000000039c77f95 1024       SP_Womanshouting_VRunaway02.sns
  0000000039c78455 1024       SP_Womanshouting_VRunaway03.sns
  0000000039c78915 1024       SP_Womanshouting_VRunaway04.sns
  0000000039c78dd5 1024       SP_Womanshouting_VScript01.sns
  0000000039c79295 1024       SP_Womanshouting_VScript02.sns
  0000000039c79755 1024       Bun_Tuto_Read3.sns
  0000000039c79c15 1024       Bun_Tuto_Read2.sns
  0000000039c7a0d5 1024       Bun_Tuto_Read1.sns
  0000000039c7a595 1024       Bun_Group_Happy.sns
  0000000039c7aa55 1024       Amb_E2_Construction_Building.sns
  0000000039c7af15 1024       Mus_Wedding.sns
  0000000039c7b435 1024       Amb_E6_Vegas.sns
  0000000039c7b8f5 1024       Amb_E6_Volcano.sns
  0000000039c7bdb5 1024       Amb_E6_Space_Station.sns
  0000000039c7c275 1024       Amb_D4_Grotte.sns
  0000000039c7c715 1024       Amb_D4_Canyon.sns
  0000000039c7cbb5 1024       Amb_D5_Factory_Scales_Hall.sns
  0000000039c7d0d5 1024       Amb_D5_Factory_CirclingPlatform_Hall.sns
  0000000039c7d5f5 1024       Amb_D5_Factory_WetHall.sns
  0000000039c7db15 1024       Amb_D5_Factory_HallWay.sns
  0000000039c7e035 1024       Amb_D5_Swamp.sns
  0000000039c7e555 1024       Amb_D6_Dark_Hall.sns
  0000000039c7ea15 1024       Amb_D6_FirstHall.sns
  0000000039c7ee95 1024       Amb_TunnelWater_A4.sns
  0000000039c7f335 1024       Amb_A1_Wind.sns
  0000000039c7f855 1024       Amb_A1_Tas_nuit.sns
  0000000039c7fd75 1024       Amb_A1_Marecage.sns
  0000000039c80295 1024       Amb_C2_Architecte_House.sns
  0000000039c807b5 1024       Amb_C2_Canyon_Winter.sns
  0000000039c80cd5 1024       Amb_C10_Airport_Hall.sns
  0000000039c811f5 1024       Amb_C1_Tarmac.sns
  0000000039c81715 1024       Amb_C1_Underground_Hall.sns
  0000000039c81c35 1024       Amb_C1_Underground_Corridor.sns
  0000000039c82155 1024       Amb_C12_Bord_de_Mer.sns
  0000000039c82675 1024       Amb_C3_TechnicRoom.sns
  0000000039c82b95 1024       Amb_C3_ComputerRoom.sns
  0000000039c830b5 1024       Amb_BigTuyaux1.sns
  0000000039c835d5 1024       Amb_C6_machinerie.sns
  0000000039c83af5 1024       Amb_C6_machine_usine.sns
  0000000039c84015 1024       Amb_C6_couloir.sns
  0000000039c84535 1024       Amb_C6_big_salle.sns
  0000000039c84a55 1024       Amb_C6_bag_storage.sns
  0000000039c84f75 1024       Amb_Machinerie_final.sns
  0000000039c85495 1024       Amb_AirControl.sns
  0000000039c859b5 1024       Amb_CHUB_Tarmac_Sea.sns
  0000000039c85ed5 1024       Amb_CHUB_Plane_land.sns
  0000000039c863f5 1024       Amb_CHUB_Tarmac_Bright.sns
  0000000039c86915 1024       Amb_CHUB_Tarmac_Muffle.sns
  0000000039c86e35 1024       Amb_C7_Bord_Mer.sns
  0000000039c87355 1024       Amb_C7_Villa.sns
  0000000039c87875 1024       Amb_C7_Canal.sns
  0000000039c87d95 1024       Amb_C7_interieur_villa.sns
  0000000039c882b5 1024       Siren_ville.sns
  0000000039c887d5 1024       Amb_Airport_hall.sns
  0000000039c88cf5 1024       Amb_City_parc1.sns
  0000000039c89215 1024       Amb_Office01.sns
  0000000039c89735 1024       Amb_B1_Parking.sns
  0000000039c89bd5 1024       Amb_B11_Forest.sns
  0000000039c8a0f5 1024       Amb_B11_CountrySide.sns
  0000000039c8a615 1024       Amb_B4_ToysForKids_Shop.sns
  0000000039c8ab35 1024       Amb_B4_PetShop_Kennel.sns
  0000000039c8b055 1024       Amb_B4_PetShop_Store.sns
  0000000039c8b575 1024       Amb_B4_Supermarche_Main_Big_Hall.sns
  0000000039c8ba95 1024       Amb_B7_HallWay_Conveyor.sns
  0000000039c8bfb5 1024       Amb_B7_HallWay_Elevator.sns
  0000000039c8c4d5 1024       Amb_B7NatureShop.sns
  0000000039c8c9f5 1024       Amb_B7_Supermarche_TopOfRoof.sns
  0000000039c8cf15 1024       Amb_B7_Supermarche_Roof.sns
  0000000039c8d435 1024       Amb_B7_Supermarket_Checkout_Counters.sns
  0000000039c8d955 1024       Amb_B7_Supermarket_Department.sns
  0000000039c8de75 1024       Amb_B3_Hospital_roof_muffle.sns
  0000000039c8e395 1024       Amb_B3_Laboratory.sns
  0000000039c8e8b5 1024       Amb_Corridor.sns
  0000000039c8edd5 1024       Amb_Kitchen.sns
  0000000039c8f2f5 1024       Amb_WashingRoom.sns
  0000000039c8f815 1024       Amb_Morgue.sns
  0000000039c8fd35 1024       Amb_Hall_Underground.sns
  0000000039c90255 1024       Amb_TechnicRoom.sns
  0000000039c90775 1024       Mus_BHUB_Intro_layer2.sns
  0000000039c90c95 1024       Mus_BHUB_Intro_layer3.sns
  0000000039c911b5 1024       Amb_BHUB_Layer3_CityStreet.sns
  0000000039c916d5 1024       Amb_BHUB_Layer3_CityDistant.sns
  0000000039c91bf5 1024       Amb_BHUB_Layer3_CityPark.sns
  0000000039c92115 1024       Mus_BHUB_Introduction.sns
  0000000039c92635 1024       Amb_BHUB_Baltimore_CityPark.sns
  0000000039c92b55 1024       Amb_BHUB_Baltimore_CityDistant.sns
  0000000039c93075 1024       Amb_BHUB_Baltimore_CityStreet.sns
  0000000039c93595 1024       Amb_B5_IntensiveCare_ventile.sns
  0000000039c93ab5 1024       Amb_B5_IntensiveCare_2nd_area.sns
  0000000039c93fd5 1024       Amb_B5_IntensiveCare_1st_area.sns
  0000000039c944f5 1024       Amb_B5_Hospital_roof_muffle.sns
  0000000039c94a15 1024       Amb_B5_Hospital_roof_bright.sns
  0000000039c94f35 1024       Amb_B5_IntensiveCare_room.sns
  0000000039c95455 1024       Amb_B5_Geriatrics_lobby.sns
  0000000039c95975 1024       Amb_B5_Small_Lobby.sns
  0000000039c95e95 1024       Amb_B5_Hallway.sns
  0000000039c963b5 1024       Amb_B5_Dormitory.sns
  0000000039c968d5 1024       Amb_B5_NurseOffice.sns
  0000000039c96df5 1024       Amb_B5_Hall_Ground.sns
  0000000039c97315 1024       Amb_B5_Bridge.sns
  0000000039c97835 1024       Amb_B5_Cagibi.sns
  0000000039c97d55 1024       Amb_B2_Entreprise_Large_Entrance.sns
  0000000039c98275 1024       Amb_B9_Entreprise_Office_library.sns
  0000000039c98795 1024       Challenge_Win.sns
  0000000039c98c35 1024       Challenge_Record.sns
  0000000039c990d5 1024       Anim_RabbiJacob.sns
  0000000039c99575 1024       IZW_Shake_Music.sns
  0000000039c99a15 1024       IZW_Shake_Countdown.sns
  0000000039c99eb5 1024       IZW_Gramophone_Music_E.sns
  0000000039c9a3d5 1024       IZW_Gramophone_Music_G.sns
  0000000039c9a8f5 1024       IZW_Gramophone_Music_I.sns
  0000000039c9ae15 1024       IZW_Gramophone_Music_D.sns
  0000000039c9b335 1024       IZW_Gramophone_Music_F.sns
  0000000039c9b855 1024       IZW_Gramophone_Music_A.sns
  0000000039c9bd75 1024       IZW_Gramophone_Music_H.sns
  0000000039c9c295 1024       IZW_Gramophone_Music_B.sns
  0000000039c9c7b5 1024       IZW_Gramophone_Music_C.sns
  0000000039c9ccd5 1024       IZW_SAS_Intro.sns
  0000000039c9d175 1024       IZW_SAS_Outro.sns
  0000000039c9d615 1024       IZW_Sas_Bun_In_Aspiration.sns
  0000000039c9db35 1024       Tools_Bombombe_PutOn.sns
  0000000039c9e055 1024       IZW_Paint_Juge_total_Vox1.sns
  0000000039c9e575 1024       IZW_Bun_Wait_Circle.sns
  0000000039c9ea95 1024       IZW_Bun_Wait_Rodeo.sns
  0000000039c9efb5 1024       IZW_Condensator_Off.sns
  0000000039c9f4d5 1024       IZW_Lapin_Tweeter_Centrifugeuse.sns
  0000000039c9f9f5 1024       Custo_zik2.sns
  0000000039c9ff15 1024       IZW_Sas_Bun_Exit.sns
  0000000039ca0435 1024       Amb_wiimote.sns
  0000000039ca0955 1024       Custo_zik1.sns
  0000000039ca0e75 1024       Page_check_start.sns
  0000000039ca12f5 1024       C1_Plane_Land2.sns
  0000000039ca1795 1024       C1_Plane_Land.sns
  0000000039ca1cb5 1024       Amb_Wind_whistling.sns
  0000000039ca21d5 1024       Human_Drunk_In_Container2.sns
  0000000039ca26f5 1024       Radio_Tuner_Jam2.sns
  0000000039ca2c15 1024       Human_Drunk_In_Container1.sns
  0000000039ca3135 1024       Amb_TarmacParVitreCut500Hz1.sns
  0000000039ca3655 1024       Plane_TakeOff2.sns
  0000000039ca3b75 1024       Plane_TakeOff1.sns
  0000000039ca4095 1024       Amb_ExterieurParVitre_Cut1500Hz2.sns
  0000000039ca45b5 1024       Amb_ExterieurParVitre_Cut500Hz2.sns
  0000000039ca4ad5 1024       Amb_ExterieurParVitre_Cut500Hz1.sns
  0000000039ca4ff5 1024       Amb_IntRestaurantParVitre_Cut1500Hz1.sns
  0000000039ca5515 1024       Amb_IntRestaurantParVitre1.sns
  0000000039ca5a35 1024       Amb_IntCoffeeParVitrine_Cut1500Hz1.sns
  0000000039ca5f55 1024       Amb_IntMagasinParVitrine1.sns
  0000000039ca6475 1024       Radio_Tuner_Jam1.sns
  0000000039ca6995 1024       TV_News.sns
  0000000039ca6eb5 1024       Geiger_HighIntensity.sns
  0000000039ca73d5 1024       Growly_Burp_Canalisation.sns
  0000000039ca78f5 1024       Mus_06_Cantarea_Tobistuli.sns
  0000000039ca7e15 1024       Mus_06_Cantarea_Tobistuli_Part2.sns
  0000000039ca82b5 1024       Mus_06_Cantarea_Tobistuli_Part1.sns
  0000000039ca8755 1024       Mus_07_Ruseasca_Cu_Gigel_Part1.sns
  0000000039ca8bf5 1024       Mus_07_Ruseasca_Cu_Gigel_Part2.sns
  0000000039ca9095 1024       Mus_07_Ruseasca_Cu_Gigel_Part3.sns
  0000000039ca9535 1024       Mus_07_Ruseasca_Cu_Gigel_Part4.sns
  0000000039ca99d5 1024       Mus_Timer_35s1.sns
  0000000039ca9e75 1024       Mus_05_Costel_Solo_Part1.sns
  0000000039caa315 1024       Mus_05_Costel_Solo_Part2.sns
  0000000039caa7b5 1024       Mus_05_Costel_Solo_Part3.sns
  0000000039caac55 1024       Mus_Jingle_Win_Objectif.sns
  0000000039cab175 1024       Mus_08_Perinita_Part1.sns
  0000000039cab695 1024       Mus_08_Perinita_Part3.sns
  0000000039cabbb5 1024       Mus_08_Perinita_Part2.sns
  0000000039cac0d5 1024       Mus_Jingle_Score_C.sns
  0000000039cac5f5 1024       Mus_Jingle_Score_B.sns
  0000000039cacb15 1024       Mus_Jingle_Score_A.sns
  0000000039cad035 1024       Mus_Jingle_Score_S.sns
  0000000039cad555 1024       Mus_03_Manea_Tziganelor_part2.sns
  0000000039cada75 1024       Mus_03_Manea_Tziganelor_part1.sns
  0000000039cadf95 1024       Mus_03_Manea_Tziganelor_part3.sns
  0000000039cae4b5 1024       Mus_Get_Humans2.sns
  0000000039cae9d5 1024       Mus_11_Tsigane.sns
  0000000039caeef5 1024       Mus_Menu03.sns
  0000000039caf415 1024       Mus_01_Sane_Cusurgale.sns
  0000000039caf935 1024       Mus_08_Perinita.sns
  0000000039cafe55 1024       Mus_09_Sirba.sns
  0000000039cb0375 1024       Mus_02_Cantarea_Modoran.sns
  0000000039cb0895 1024       Mus_10_InimaDeTzighanes.sns
  0000000039cb0db5 1024       Mus_15_Doina.sns
  0000000039cb1255 1024       Mus_14_Florine.sns
  0000000039cb1775 1024       Mus_07_Ruseasca_Cu_Gigel.sns
  0000000039cb1c95 1024       Mus_05_Costel_Solo.sns
  0000000039cb21b5 1024       Mus_04_Batuta.sns
  0000000039cb26d5 1024       Mus_03_Manea_Tziganelor.sns
  0000000039cb2bf5 1024       Mus_13_Privi.sns
  0000000039cb3115 1024       Mus_credits.sns
  0000000039cb35b5 1024       Mus_Jingle_Win_Timer.sns
  0000000039cb3ad5 1024       Mus_Jingle_Win_Tiny.sns
  0000000039cb3ff5 1024       Mus_Soubassophone_Transfert.sns
  0000000039cb4515 1024       Mus_01_Sane_Cusurgale_cuted.sns
  0000000039cb4a35 1024       Mus_Timer_30s2.sns
  0000000039cb4f55 1024       Mus_Soubassophone.sns
  0000000039cb5475 1024       Mus_Soubassophone_plein.sns
  0000000039cb5995 1024       Mus_Trans_timbale_072s.sns
  0000000039cb5e55 1024       Mus_Timer_30s3.sns
  0000000039cb62d5 1024       Mus_Timer_30s1.sns
  0000000039cb67f5 1024       Radio_LetsWorkTogether_A.sns
  0000000039cb6c95 1024       Radio_LouieLouie_D.sns
  0000000039cb7135 1024       Radio_LetsWorkTogether_C.sns
  0000000039cb75d5 1024       Radio_Jetplane_1C.sns
  0000000039cb7af5 1024       Radio_IToldYouSo_A.sns
  0000000039cb7f95 1024       Radio_MeAndMrsJones_1D.sns
  0000000039cb84b5 1024       Radio_MeAndBobbyMcgee_2C.sns
  0000000039cb89d5 1024       Radio_BoogieWonderland_1A_cover.sns
  0000000039cb8ef5 1024       Radio_LouieLouie_C.sns
  0000000039cb9395 1024       Radio_IToldYouSo_C.sns
  0000000039cb9835 1024       Radio_ComeGoWithMe_C_ST.sns
  0000000039cb9cd5 1024       Radio_Vagabontu3.sns
  0000000039cba175 1024       Radio_Vagabontu2.sns
  0000000039cba615 1024       Radio_Vagabontu1.sns
  0000000039cbaab5 1024       Radio_LouieLouie_B.sns
  0000000039cbaf55 1024       Radio_LetsWorkTogether_E.sns
  0000000039cbb3f5 1024       Radio_Vegas1.sns
  0000000039cbb895 1024       Radio_RiversOfBabylon_1D.sns
  0000000039cbbdb5 1024       Radio_ComeGoWithMe_E.sns
  0000000039cbc2d5 1024       Radio_Jetplane_1A.sns
  0000000039cbc7f5 1024       Radio_Jetplane_1B.sns
  0000000039cbcd15 1024       Radio_ComeGoWithMe_A.sns
  0000000039cbd235 1024       Radio_Jetplane_2A.sns
  0000000039cbd755 1024       Radio_MistyBlue_A.sns
  0000000039cbdc75 1024       Radio_MistyBlue_D.sns
  0000000039cbe195 1024       Radio_RiversOfBabylon_2B.sns
  0000000039cbe6b5 1024       Radio_MeAndMrsJones_1B.sns
  0000000039cbebd5 1024       Radio_YellowRiver_1B.sns
  0000000039cbf0f5 1024       Radio_ComeGoWithMe_B.sns
  0000000039cbf615 1024       Radio_ComeGoWithMe_D.sns
  0000000039cbfb35 1024       Radio_YellowRiver_1D.sns
  0000000039cc0055 1024       Radio_MeAndBobbyMcgee_1C.sns
  0000000039cc0575 1024       Radio_SomebodyToLove_D.sns
  0000000039cc0a15 1024       Radio_MeAndBobbyMcgee_1D.sns
  0000000039cc0f35 1024       Radio_OyeComoVa_1D.sns
  0000000039cc1455 1024       Radio_OyeComoVa_2D.sns
  0000000039cc1975 1024       Radio_OyeComoVa_2E.sns
  0000000039cc1e95 1024       Radio_RiversOfBabylon_1A.sns
  0000000039cc23b5 1024       Radio_Jetplane_2C.sns
  0000000039cc28d5 1024       Radio_DarkTheme.sns
  0000000039cc2d75 1024       Radio_MistyBlue_C.sns
  0000000039cc3295 1024       Radio_OyeComoVa_2C.sns
  0000000039cc37b5 1024       Radio_YellowRiver_2C.sns
  0000000039cc3cd5 1024       Radio_JamaicaFarewell_A.sns
  0000000039cc4175 1024       Radio_RRR2_Farwest.sns
  0000000039cc4695 1024       Radio_LetsWorkTogether_D.sns
  0000000039cc4b35 1024       Radio_LetsWorkTogether_B.sns
  0000000039cc4fd5 1024       Radio_TakeMeHomeCountryRoads_2A.sns
  0000000039cc54f5 1024       Radio_JamaicaFarewell_C.sns
  0000000039cc5995 1024       Radio_SomebodyToLove_C.sns
  0000000039cc5e35 1024       Radio_MeAndBobbyMcgee_2A.sns
  0000000039cc6355 1024       Radio_JamaicaFarewell_D.sns
  0000000039cc67f5 1024       Radio_Redsteel.sns
  0000000039cc6d15 1024       Radio_YellowRiver_1A.sns
  0000000039cc7235 1024       Radio_SomebodyToLove_A.sns
  0000000039cc76d5 1024       Radio_BoogieWonderland_1E.sns
  0000000039cc7bf5 1024       Radio_BoogieWonderland_2C.sns
  0000000039cc8115 1024       Radio_MeAndBobbyMcgee_2D.sns
  0000000039cc8635 1024       Radio_BoogieWonderland_2E.sns
  0000000039cc8b55 1024       Radio_LouieLouie_E.sns
  0000000039cc8ff5 1024       Radio_JamaicaFarewell_B.sns
  0000000039cc9495 1024       Radio_IToldYouSo_D.sns
  0000000039cc9935 1024       Radio_French.sns
  0000000039cc9e55 1024       Radio_MistyBlue_B.sns
  0000000039cca375 1024       Radio_TakeMeHomeCountryRoads_1E.sns
  0000000039cca895 1024       Radio_TakeMeHomeCountryRoads_2B.sns
  0000000039ccadb5 1024       Radio_Burger.sns
  0000000039ccb2d5 1024       Radio_ComeGoWithMe_C.sns
  0000000039ccb7f5 1024       Radio_Luna_Lounge_C.sns
  0000000039ccbd15 1024       Radio_SomebodyToLove_E.sns
  0000000039ccc1b5 1024       Radio_Luna_Lounge_D.sns
  0000000039ccc6d5 1024       B3_Sanibot.sns
  0000000039cccb75 1024       B4_Presentation_Vermi.sns
  0000000039ccd015 1024       B8_Presentation_VermiFlyer.sns
  0000000039ccd4b5 1024       C1_Presentation_VermiRusher.sns
  0000000039ccd955 1024       B1_Teasing_Transfert.sns
  0000000039ccddf5 1024       B2_Changement_Piece.sns
  0000000039cce295 1024       B7_Plan_Vermis.sns
  0000000039cce735 1024       D1_Presentation_Verminadog.sns
  0000000039ccebd5 1024       D5_Fin_Combat.sns
  0000000039ccf075 1024       C2_Saut_Wahou.sns
  0000000039ccf515 1024       B9_Intro.sns
  0000000039ccf9b5 1024       E2_Prise_Vache.sns
  0000000039ccfe55 1024       D1_Decroche_Cuve_Part3.sns
  0000000039cd02f5 1024       B10_Boss_Fuite_Coffre.sns
  0000000039cd0795 1024       C10_Saut_Whaou.sns
  0000000039cd0c35 1024       B10_Final_Boss.sns
  0000000039cd10d5 1024       B1_Decroche_Kiosque.sns
  0000000039cd1575 1024       D4_Prise_Pneu.sns
  0000000039cd1a15 1024       D1_Decroche_Cuve_Part1.sns
  0000000039cd1eb5 1024       C10_Lap_Reacteur.sns
  0000000039cd2355 1024       A7_Combat.sns
  0000000039cd27f5 1024       C3_CI02_Hangar_Vermi.sns
  0000000039cd2c95 1024       C4_Teasing_Piano.sns
  0000000039cd3135 1024       A3_Vigie_Plongeoir.sns
  0000000039cd35d5 1024       A7_Prise_Vache.sns
  0000000039cd3a75 1024       A4_Vigie_Reacteur.sns
  0000000039cd3f15 1024       Gen_XS_collect_Basset.sns
  0000000039cd43b5 1024       A3_Tuto_Charge.sns
  0000000039cd4855 1024       A3_Tuto_Boost.sns
  0000000039cd4cf5 1024       E6_Final_Bernadete.sns
  0000000039cd5195 1024       Cine_GEN_XS_collecte_Casserole.sns
  0000000039cd5635 1024       C6_Intro_Vache.sns
  0000000039cd5ad5 1024       C2_Saut_Intro.sns
  0000000039cd5f75 1024       C3_CI01_Emfilage_Combi.sns
  0000000039cd6415 1024       C2_CI01_intro.sns
  0000000039cd68b5 1024       B9_Echec_Benedicte.sns
  0000000039cd6d55 1024       Cine_GEN_XS_collecte_Poulpe_Fluo.sns
  0000000039cd71f5 1024       Cine_GEN_XS_Collecte_Barbecue.sns
  0000000039cd7695 1024       B6_Decouverte_Benedicte.sns
  0000000039cd7b35 1024       A1_Vigie_Mission02.sns
  0000000039cd7fd5 1024       E6_CI01_Mariage.sns
  0000000039cd8475 1024       Cine_tuto_taggeur.sns
  0000000039cd8995 1024       A1_Monde01a.sns
  0000000039cd8eb5 1024       Cine_GEN_XS_Collecte_Coca.sns
  0000000039cd93d5 1024       Cine_GEN_XS_Collecte_Extincteur.sns
  0000000039cd98f5 1024       B4_CI05_Supermarche_Combi_Pecheur.sns
  0000000039cd9e15 1024       Gen_Dalle_Jump.sns
  0000000039cda335 1024       Gen_Jump.sns
  0000000039cda855 1024       Gen_Souffle_Tuyau.sns
  0000000039cdad75 1024       A1_Vigie_Mission01.sns
  0000000039cdb295 1024       B4_CI06_fin_Combat_Arene_Part01.sns
  0000000039cdb7b5 1024       B3_CI01_Arrivee_Urgence.sns
  0000000039cdbcd5 1024       Cine_GEN_XS_Collecte_Cone.sns
  0000000039cdc1f5 1024       Cine_GEN_XS_Collecte_Voiture.sns
  0000000039cdc715 1024       Cine_GEN_XS_Collecte_MarteauPiqueur.sns
  0000000039cdcc35 1024       Cine_GEN_XS_Collecte_Repondeur.sns
  0000000039cdd155 1024       Cine_GEN_XS_Collecte_Radio.sns
  0000000039cdd675 1024       Gen_Decouverte_XL.sns
  0000000039cddb95 1024       Cine_GEN_XS_collecte_Staff.sns
  0000000039cde0b5 1024       B4_CI01_Intro_Animalerie.sns
  0000000039cde5d5 1024       B2_Echec_Benedicte.sns
  0000000039cdeaf5 1024       B3_Teasing_Lit_Bulle.sns
  0000000039cdf015 1024       B4_CI02_Humain_Bwahe.sns
  0000000039cdf535 1024       C6_CI02_Ouverture_Porte.sns
  0000000039cdfa55 1024       B4_CI04_Vigile_Lance_Boudins.sns
  0000000039cdff75 1024       Cine_GEN_XS_Collecte_Poussette.sns
  0000000039ce0495 1024       B7_CI04_Teasing_Nacelle.sns
  0000000039ce09b5 1024       B7_CI05_Nacelle.sns
  0000000039ce0ed5 1024       Cine_GEN_XS_Collecte_Poupee.sns
  0000000039ce13f5 1024       Cine_GEN_XS_collecte_Poulpe.sns
  0000000039ce1915 1024       B7_CI01_Attaque_Proprio.sns
  0000000039ce1e35 1024       GEN_Cine_Mort_Reacteur_timer.sns
  0000000039ce2355 1024       B7_CI02_Saut_Piscine.sns
  0000000039ce2875 1024       Cine_GEN_TIG_Tunnel_open.sns
  0000000039ce2d95 1024       Cine_GEN_TIG_Tunnel_Withdraw.sns
  0000000039ce32b5 1024       C7_CI04_Echec_Poursuite.sns
  0000000039ce37d5 1024       C5_CI04_Time_Attack.sns
  0000000039ce3cf5 1024       C7_CI01_IntroMiami.sns
  0000000039ce4215 1024       C7_CI03_miami_poursuite.sns
  0000000039ce4735 1024       B8_CI02_Infirmiere.sns
  0000000039ce4c55 1024       B8_CI01_ArriveeBuanderie.sns
  0000000039ce5175 1024       C5_CI03_Hall_Reacteur.sns
  0000000039ce5695 1024       C5_CI05_Lap_Reacteur.sns
  0000000039ce5bb5 1024       GEN_CI01_Laps_degonflent.sns
  0000000039ce60d5 1024       GEN_CI01_Mort_Lapin_caddie.sns
  0000000039ce65f5 1024       GEN_CI02_Mort_Lapin_chute.sns
  0000000039ce6b15 1024       B5_CI01_Arrivee_Vermis.sns
  0000000039ce7035 1024       GEN_TransfertXL_Part02.sns
  0000000039ce7555 1024       GEN_TransfertXL_Part01.sns
  0000000039ce7a75 1024       GEN_TransfertXL_Part03.sns
  0000000039ce7f95 1024       C5_CI05_Lap_Reacteur_passby_boost.sns
  0000000039ce84b5 1024       D5_Teasing_LitBulle.sns
  0000000039ce8975 1024       D5_Intro.sns
  0000000039ce8e35 1024       C11_Dalle_Avion.sns
  0000000039ce92b5 1024       Gen_Jump_End.sns
  0000000039ce9735 1024       B3_CI07_DecouverteLitBulle.sns
  0000000039ce9c55 1024       B7_CI01_Teasing_Supermarche.sns
  0000000039cea175 1024       Menu_Startup.sns
  0000000039cea695 18245      Mix_config_Bunnies.smx
  0000000039ceabf7 4238       Mic_config_Bunnies.mic
Empty file, skipping: _basic_IZW_GPP.wog
  0000000039ceaee2 4          JpegBanks.wol
  0000000039ceb042 156        IZW.wol
Empty file, skipping: IZW_TRC.wog
Empty file, skipping: IZW.wog
Empty file, skipping: _basic_IZW_TRC.wog
Empty file, skipping: IZW_TRC.wol
Empty file, skipping: E3.wog
  0000000039ceb922 4          E3.wol
Empty file, skipping: E4.wog
  0000000039cebc36 4          E4_Pneu.wol
Empty file, skipping: E2_Chantier.wog
  0000000039cebef6 4          E2.wol
Empty file, skipping: E6.wog
  0000000039cec1b6 4          E6.wol
Empty file, skipping: A7.wog
  0000000039cec47a 4          A7.wol
Empty file, skipping: A4.wog
  0000000039cec75e 4          A4.wol
Empty file, skipping: A1.wog
  0000000039ceca1e 4          A1.wol
Empty file, skipping: A3.wog
  0000000039cecd26 4          A3.wol
Empty file, skipping: D4.wog
  0000000039ced016 4          D4.wol
Empty file, skipping: D6.wog
  0000000039ced2d6 4          D6_Centrale_Dynamo_LD.wol
Empty file, skipping: D1.wog
  0000000039ced59a 4          D1.wol
Empty file, skipping: D5_Usine_Lit-Bulle.wog
  0000000039ced88a 4          D5_Usine_Lit-bulle.wol
Empty file, skipping: BHUB_Layer3.wog
Empty file, skipping: BHUB_Layer3.wol
Empty file, skipping: BHUB_Layer2.wog
Empty file, skipping: BHUB_Layer2.wol
Empty file, skipping: BHUB_Layer1.wog
  0000000039cee0fa 4          BHUB.wol
Empty file, skipping: BHUB_Layer1.wol
Empty file, skipping: B6.wog
Empty file, skipping: B7.wog
  0000000039cee6b6 4          B7.wol
Empty file, skipping: B3.wog
  0000000039ceea12 4          B3.wol
Empty file, skipping: B10.wog
  0000000039ceed4a 4          B10.wol
Empty file, skipping: B5.wog
  0000000039cef046 4          B5.wol
Empty file, skipping: B1.wog
  0000000039cef38a 4          B1.wol
Empty file, skipping: B2.wog
  0000000039cef67a 4          B2.wol
Empty file, skipping: B8.wog
  0000000039cef9e2 4          B8.wol
Empty file, skipping: B11.wog
  0000000039cefd02 4          B11.wol
Empty file, skipping: B4.wog
  0000000039cf0016 4          B4.wol
Empty file, skipping: B9.wog
  0000000039cf035a 4          B9.wol
  0000000039cf0502 4          C11_Airport_CAG.wol
Empty file, skipping: C11_Airport_CAG.wog
Empty file, skipping: C9.wog
  0000000039cf096a 4          C9.wol
Empty file, skipping: C1.wog
  0000000039cf0c72 4          C1.wol
Empty file, skipping: C4.wog
  0000000039cf0f62 4          C4.wol
Empty file, skipping: C10.wog
  0000000039cf1226 4          C10.wol
Empty file, skipping: C12.wog
  0000000039cf1522 4          C12.wol
Empty file, skipping: C7.wog
  0000000039cf1842 4          C7.wol
Empty file, skipping: C6.wog
  0000000039cf1bb6 4          C6.wol
Empty file, skipping: C2.wog
  0000000039cf1eb2 4          C2.wol
Empty file, skipping: C5.wog
  0000000039cf2202 4          C5.wol
Empty file, skipping: C3.wog
Empty file, skipping: _basic_ForMaps_GPP.wog
  0000000039cf2682 4          C3.wol
Empty file, skipping: MapMonde.wog
Empty file, skipping: _Map_Language.wog
Empty file, skipping: _Map_Language.wol
  0000000039cf2b3e 4          _basic_InGame.wol
  0000000039cf2ca2 4          _basic_Photo&Mail.wol
  0000000039cf2e06 4          _basic_tuto.wol
  0000000039cf2f6a 4          _basic_tuto_IZW.wol
Empty file, skipping: _basic_AsyncLoading.wol
Empty file, skipping: MapStartup.wog
Empty file, skipping: CREDITS.wog
  0000000039cf346a 4          CREDITS.wol
Empty file, skipping: _static_Nand.wog
  0000000039cf3746 5121       TRIGGER_BUNNY_LIB.fcg
  0000000039cf413e 7747       EVENT_LIB_BUNNIES.efg
  0000000039cf4ae6 3357       EVENT_LIB_BUNNIES.fcg
  0000000039cf4fcc 71394      BUNNIES_LIB.efg
  0000000039cf916b 33428      BUNNIES_LIB.fcg
  0000000039cfc28e 1863       ACT_LIB.efg
  0000000039cfc614 1599       ACT_LIB.fcg
  0000000039cfca30 2493       GFX_LIB.efg
  0000000039cfce4c 2085       GFX_LIB.fcg
  0000000039cfd1a9 1553       MDF_LIB.efg
  0000000039cfd4ea 572        MDF_LIB.fcg
  0000000039cfd781 35991      TRIGGER_LIB.fcg
  0000000039d00507 63421      COMMON_LIB.efg
  0000000039d04aad 31406      COMMON_LIB.fcg
  0000000039d075f2 1455       MAPPING_LIB.efg
  0000000039d078d3 1225       MAPPING_LIB.fcg
  0000000039d07b81 30         GAM_LIB.efg
  0000000039d07ce5 546        GAM_LIB.fcg
  0000000039d07f16 11218      EVENT_LIB.efg
  0000000039d08a88 9910       EVENT_LIB.fcg
  0000000039d09414 3514       DYN_LIB.efg
  0000000039d09900 1599       DYN_LIB.fcg
  0000000039d09cf9 11024      DBG_LIB.efg
  0000000039d0a8bf 5300       DBG_LIB.fcg
  0000000039d0af78 121172     MTH_LIB.efg
  0000000039d13683 63650      MTH_LIB.fcg
  0000000039d1834b 6600       TRIGGER_BUNNY_LIB.efg
Empty file, skipping: Global Library.grp
  0000000039d18ea0 43622      TRIGGER_LIB.efg
  0000000039d1bd45 5128       Univers_Loop.fct
  0000000039d1c5dc 700        Univers_Init.efc
  0000000039d1c8a9 566        Univers_Init.fct
  0000000039d1cbbf 8697       Univers.var
  0000000039d1dbe1 5556       Univers_Loop.efc
  0000000039d1e2cc 31996      Univers.mdl
  0000000039d1fb82 17036      SpecFlags.cfg
  0000000039d1fd4c 163844     Targets.cfg

- 8652 files (12361 logs) found in 37 seconds
  coverage file 0    63%   616004029  970064091  . offset 00000000001aa994

Press ENTER or close the window to quit